-- MySQL dump 10.13  Distrib 8.0.25, for Win64 (x86_64)
--
-- Host: localhost    Database: inno
-- ------------------------------------------------------
-- Server version	8.0.25

/*!40101 SET @OLD_CHARACTER_SET_CLIENT=@@CHARACTER_SET_CLIENT */;
/*!40101 SET @OLD_CHARACTER_SET_RESULTS=@@CHARACTER_SET_RESULTS */;
/*!40101 SET @OLD_COLLATION_CONNECTION=@@COLLATION_CONNECTION */;
/*!50503 SET NAMES utf8 */;
/*!40103 SET @OLD_TIME_ZONE=@@TIME_ZONE */;
/*!40103 SET TIME_ZONE='+00:00' */;
/*!40014 SET @OLD_UNIQUE_CHECKS=@@UNIQUE_CHECKS, UNIQUE_CHECKS=0 */;
/*!40014 SET @OLD_FOREIGN_KEY_CHECKS=@@FOREIGN_KEY_CHECKS, FOREIGN_KEY_CHECKS=0 */;
/*!40101 SET @OLD_SQL_MODE=@@SQL_MODE, SQL_MODE='NO_AUTO_VALUE_ON_ZERO' */;
/*!40111 SET @OLD_SQL_NOTES=@@SQL_NOTES, SQL_NOTES=0 */;

--
-- Table structure for table `cert_types`
--

DROP TABLE IF EXISTS `cert_types`;
/*!40101 SET @saved_cs_client     = @@character_set_client */;
/*!50503 SET character_set_client = utf8mb4 */;
CREATE TABLE `cert_types` (
  `id` bigint unsigned NOT NULL AUTO_INCREMENT,
  `name` varchar(255) COLLATE utf8mb4_unicode_ci NOT NULL,
  `alias` varchar(255) COLLATE utf8mb4_unicode_ci DEFAULT NULL,
  PRIMARY KEY (`id`)
) ENGINE=InnoDB AUTO_INCREMENT=4 DEFAULT CHARSET=utf8mb4 COLLATE=utf8mb4_unicode_ci;
/*!40101 SET character_set_client = @saved_cs_client */;

--
-- Dumping data for table `cert_types`
--

LOCK TABLES `cert_types` WRITE;
/*!40000 ALTER TABLE `cert_types` DISABLE KEYS */;
INSERT INTO `cert_types` VALUES (1,'Да, требуется сертификация и у нас она есть','Сертификация есть'),(2,'Да, требуется сертификация, но у нас ее нет','Сертификации нет'),(3,'Нет, не требуется','Не требуется');
/*!40000 ALTER TABLE `cert_types` ENABLE KEYS */;
UNLOCK TABLES;

--
-- Table structure for table `directions`
--

DROP TABLE IF EXISTS `directions`;
/*!40101 SET @saved_cs_client     = @@character_set_client */;
/*!50503 SET character_set_client = utf8mb4 */;
CREATE TABLE `directions` (
  `id` bigint unsigned NOT NULL AUTO_INCREMENT,
  `name` varchar(255) COLLATE utf8mb4_unicode_ci NOT NULL,
  `alias` varchar(255) COLLATE utf8mb4_unicode_ci DEFAULT NULL,
  `logo` varchar(255) COLLATE utf8mb4_unicode_ci DEFAULT NULL,
  PRIMARY KEY (`id`)
) ENGINE=InnoDB AUTO_INCREMENT=6 DEFAULT CHARSET=utf8mb4 COLLATE=utf8mb4_unicode_ci;
/*!40101 SET character_set_client = @saved_cs_client */;

--
-- Dumping data for table `directions`
--

LOCK TABLES `directions` WRITE;
/*!40000 ALTER TABLE `directions` DISABLE KEYS */;
INSERT INTO `directions` VALUES (1,'Доступный и комфортный городской транспорт','Городской транспорт',NULL),(2,'Новые виды мобильности','Мобильность',NULL),(3,'Безопасность дорожного движения','Безопасность',NULL),(4,'Здоровые улицы и экология','Экология',NULL),(5,'Цифровые технологии в транспорте','ИТ',NULL);
/*!40000 ALTER TABLE `directions` ENABLE KEYS */;
UNLOCK TABLES;

--
-- Table structure for table `failed_jobs`
--

DROP TABLE IF EXISTS `failed_jobs`;
/*!40101 SET @saved_cs_client     = @@character_set_client */;
/*!50503 SET character_set_client = utf8mb4 */;
CREATE TABLE `failed_jobs` (
  `id` bigint unsigned NOT NULL AUTO_INCREMENT,
  `uuid` varchar(255) COLLATE utf8mb4_unicode_ci NOT NULL,
  `connection` text COLLATE utf8mb4_unicode_ci NOT NULL,
  `queue` text COLLATE utf8mb4_unicode_ci NOT NULL,
  `payload` longtext COLLATE utf8mb4_unicode_ci NOT NULL,
  `exception` longtext COLLATE utf8mb4_unicode_ci NOT NULL,
  `failed_at` timestamp NOT NULL DEFAULT CURRENT_TIMESTAMP,
  PRIMARY KEY (`id`),
  UNIQUE KEY `failed_jobs_uuid_unique` (`uuid`)
) ENGINE=InnoDB DEFAULT CHARSET=utf8mb4 COLLATE=utf8mb4_unicode_ci;
/*!40101 SET character_set_client = @saved_cs_client */;

--
-- Dumping data for table `failed_jobs`
--

LOCK TABLES `failed_jobs` WRITE;
/*!40000 ALTER TABLE `failed_jobs` DISABLE KEYS */;
/*!40000 ALTER TABLE `failed_jobs` ENABLE KEYS */;
UNLOCK TABLES;

--
-- Table structure for table `migrations`
--

DROP TABLE IF EXISTS `migrations`;
/*!40101 SET @saved_cs_client     = @@character_set_client */;
/*!50503 SET character_set_client = utf8mb4 */;
CREATE TABLE `migrations` (
  `id` int unsigned NOT NULL AUTO_INCREMENT,
  `migration` varchar(255) COLLATE utf8mb4_unicode_ci NOT NULL,
  `batch` int NOT NULL,
  PRIMARY KEY (`id`)
) ENGINE=InnoDB AUTO_INCREMENT=16 DEFAULT CHARSET=utf8mb4 COLLATE=utf8mb4_unicode_ci;
/*!40101 SET character_set_client = @saved_cs_client */;

--
-- Dumping data for table `migrations`
--

LOCK TABLES `migrations` WRITE;
/*!40000 ALTER TABLE `migrations` DISABLE KEYS */;
INSERT INTO `migrations` VALUES (1,'2014_10_12_000000_create_users_table',1),(2,'2014_10_12_100000_create_password_resets_table',1),(3,'2019_08_19_000000_create_failed_jobs_table',1),(4,'2019_12_14_000001_create_personal_access_tokens_table',1),(5,'2021_12_03_034429_create_staff_types_table',1),(6,'2021_12_03_041830_create_cert_types_table',1),(7,'2021_12_03_042706_create_project_stages_table',1),(8,'2021_12_03_042758_create_transport_types_table',1),(9,'2021_12_03_043852_create_directions_table',1),(10,'2021_12_03_043912_create_teams_table',1),(11,'2021_12_03_044514_create_team_members_table',1),(12,'2021_12_03_044631_create_startups_table',1),(13,'2021_12_03_050124_create_startups_directions_table',1),(14,'2021_12_03_050906_create_startups_tean_members_table',1),(15,'2021_12_03_052223_create_pilots_table',1);
/*!40000 ALTER TABLE `migrations` ENABLE KEYS */;
UNLOCK TABLES;

--
-- Table structure for table `password_resets`
--

DROP TABLE IF EXISTS `password_resets`;
/*!40101 SET @saved_cs_client     = @@character_set_client */;
/*!50503 SET character_set_client = utf8mb4 */;
CREATE TABLE `password_resets` (
  `email` varchar(255) COLLATE utf8mb4_unicode_ci NOT NULL,
  `token` varchar(255) COLLATE utf8mb4_unicode_ci NOT NULL,
  `created_at` timestamp NULL DEFAULT NULL,
  KEY `password_resets_email_index` (`email`)
) ENGINE=InnoDB DEFAULT CHARSET=utf8mb4 COLLATE=utf8mb4_unicode_ci;
/*!40101 SET character_set_client = @saved_cs_client */;

--
-- Dumping data for table `password_resets`
--

LOCK TABLES `password_resets` WRITE;
/*!40000 ALTER TABLE `password_resets` DISABLE KEYS */;
/*!40000 ALTER TABLE `password_resets` ENABLE KEYS */;
UNLOCK TABLES;

--
-- Table structure for table `personal_access_tokens`
--

DROP TABLE IF EXISTS `personal_access_tokens`;
/*!40101 SET @saved_cs_client     = @@character_set_client */;
/*!50503 SET character_set_client = utf8mb4 */;
CREATE TABLE `personal_access_tokens` (
  `id` bigint unsigned NOT NULL AUTO_INCREMENT,
  `tokenable_type` varchar(255) COLLATE utf8mb4_unicode_ci NOT NULL,
  `tokenable_id` bigint unsigned NOT NULL,
  `name` varchar(255) COLLATE utf8mb4_unicode_ci NOT NULL,
  `token` varchar(64) COLLATE utf8mb4_unicode_ci NOT NULL,
  `abilities` text COLLATE utf8mb4_unicode_ci,
  `last_used_at` timestamp NULL DEFAULT NULL,
  `created_at` timestamp NULL DEFAULT NULL,
  `updated_at` timestamp NULL DEFAULT NULL,
  PRIMARY KEY (`id`),
  UNIQUE KEY `personal_access_tokens_token_unique` (`token`),
  KEY `personal_access_tokens_tokenable_type_tokenable_id_index` (`tokenable_type`,`tokenable_id`)
) ENGINE=InnoDB DEFAULT CHARSET=utf8mb4 COLLATE=utf8mb4_unicode_ci;
/*!40101 SET character_set_client = @saved_cs_client */;

--
-- Dumping data for table `personal_access_tokens`
--

LOCK TABLES `personal_access_tokens` WRITE;
/*!40000 ALTER TABLE `personal_access_tokens` DISABLE KEYS */;
/*!40000 ALTER TABLE `personal_access_tokens` ENABLE KEYS */;
UNLOCK TABLES;

--
-- Table structure for table `pilots`
--

DROP TABLE IF EXISTS `pilots`;
/*!40101 SET @saved_cs_client     = @@character_set_client */;
/*!50503 SET character_set_client = utf8mb4 */;
CREATE TABLE `pilots` (
  `id` bigint unsigned NOT NULL AUTO_INCREMENT,
  `pilot_owner_id` bigint unsigned NOT NULL,
  `stages_json` json DEFAULT NULL,
  `doc_url` varchar(255) COLLATE utf8mb4_unicode_ci DEFAULT NULL,
  `startup_id` bigint unsigned NOT NULL,
  `created_at` timestamp NULL DEFAULT NULL,
  `updated_at` timestamp NULL DEFAULT NULL,
  PRIMARY KEY (`id`),
  KEY `pilots_pilot_owner_id_foreign` (`pilot_owner_id`),
  KEY `pilots_startup_id_foreign` (`startup_id`),
  CONSTRAINT `pilots_pilot_owner_id_foreign` FOREIGN KEY (`pilot_owner_id`) REFERENCES `teams` (`id`),
  CONSTRAINT `pilots_startup_id_foreign` FOREIGN KEY (`startup_id`) REFERENCES `startups` (`id`)
) ENGINE=InnoDB AUTO_INCREMENT=535 DEFAULT CHARSET=utf8mb4 COLLATE=utf8mb4_unicode_ci;
/*!40101 SET character_set_client = @saved_cs_client */;

--
-- Dumping data for table `pilots`
--

LOCK TABLES `pilots` WRITE;
/*!40000 ALTER TABLE `pilots` DISABLE KEYS */;
INSERT INTO `pilots` VALUES (1,6,'[{\"date\": \"Апрель 2021\", \"text\": \"Старт тестирования интеллектуального комплекса пешеходного перехода на Болотниковской улице\"}]','http://innoapi.cyberbobs.xsph.ru/Shablon_otchyota_o_rezultatakh_pilota_v6_2021_10_26.docx',1,NULL,NULL),(2,6,'[{\"date\": \"Январь 2021\", \"text\": \"Тестирование системы мониторинга дорожного движения на площади тверской заставы\"}, {\"date\": \"Март 2021\", \"text\": \"Тестирование системы адаптивного регулирования в Люблино и Новомосковском\"}, {\"date\": \"Май 2021\", \"text\": \"Тестирование системы учета посетителей / пассажиропотока на транспортном пересадочном узле и в местах скопления людей\"}]','http://innoapi.cyberbobs.xsph.ru/Shablon_otchyota_o_rezultatakh_pilota_v6_2021_10_26.docx',2,NULL,NULL),(3,6,'[{\"date\": \"Январь 2021\", \"text\": \" Тестирование ИБП на светофорном объекте ЦОДД\"}, {\"date\": \"Март 2021\", \"text\": \"Тестирование и улучшение ИБП в лаборатории ЦОДД для получения заключения о соответствии требованиям безопасности\"}, {\"date\": \"Май 2021\", \"text\": \" Старт разработки второй версии ИБП с учетом замечаний, полученных от тестирования в лаборатории\"}]','http://innoapi.cyberbobs.xsph.ru/Shablon_otchyota_o_rezultatakh_pilota_v6_2021_10_26.docx',3,NULL,NULL),(4,6,'[{\"date\": \"Январь 2021\", \"text\": \"Тестирование системы мониторинга дорожного движения на площади тверской заставы\"}, {\"date\": \"Март 2021\", \"text\": \"Тестирование системы адаптивного регулирования в Люблино и Новомосковском\"}, {\"date\": \"Май 2021\", \"text\": \"Тестирование системы учета посетителей / пассажиропотока на транспортном пересадочном узле и в местах скопления людей\"}]','http://innoapi.cyberbobs.xsph.ru/Shablon_otchyota_o_rezultatakh_pilota_v6_2021_10_26.docx',4,NULL,NULL),(5,6,'[{\"date\": \"Январь 2021\", \"text\": \"Тестирование системы мониторинга дорожного движения на площади тверской заставы\"}, {\"date\": \"Март 2021\", \"text\": \"Тестирование системы адаптивного регулирования в Люблино и Новомосковском\"}, {\"date\": \"Май 2021\", \"text\": \"Тестирование системы учета посетителей / пассажиропотока на транспортном пересадочном узле и в местах скопления людей\"}]','http://innoapi.cyberbobs.xsph.ru/Shablon_otchyota_o_rezultatakh_pilota_v6_2021_10_26.docx',5,NULL,NULL),(275,6,'[{\"date\": \"Январь 2021\", \"text\": \"Тестирование системы мониторинга дорожного движения на площади тверской заставы\"}, {\"date\": \"Март 2021\", \"text\": \"Тестирование системы адаптивного регулирования в Люблино и Новомосковском\"}, {\"date\": \"Май 2021\", \"text\": \"Тестирование системы учета посетителей / пассажиропотока на транспортном пересадочном узле и в местах скопления людей\"}]','http://innoapi.cyberbobs.xsph.ru/Shablon_otchyota_o_rezultatakh_pilota_v6_2021_10_26.docx',255,'2021-12-03 07:34:39','2021-12-03 07:34:39'),(276,6,'[{\"date\": \"Январь 2021\", \"text\": \"Тестирование системы мониторинга дорожного движения на площади тверской заставы\"}, {\"date\": \"Март 2021\", \"text\": \"Тестирование системы адаптивного регулирования в Люблино и Новомосковском\"}, {\"date\": \"Май 2021\", \"text\": \"Тестирование системы учета посетителей / пассажиропотока на транспортном пересадочном узле и в местах скопления людей\"}]','http://innoapi.cyberbobs.xsph.ru/Shablon_otchyota_o_rezultatakh_pilota_v6_2021_10_26.docx',255,'2021-12-03 07:34:39','2021-12-03 07:34:39'),(277,6,'[{\"date\": \"Январь 2021\", \"text\": \"Тестирование системы мониторинга дорожного движения на площади тверской заставы\"}, {\"date\": \"Март 2021\", \"text\": \"Тестирование системы адаптивного регулирования в Люблино и Новомосковском\"}, {\"date\": \"Май 2021\", \"text\": \"Тестирование системы учета посетителей / пассажиропотока на транспортном пересадочном узле и в местах скопления людей\"}]','http://innoapi.cyberbobs.xsph.ru/Shablon_otchyota_o_rezultatakh_pilota_v6_2021_10_26.docx',256,'2021-12-03 07:34:39','2021-12-03 07:34:39'),(278,6,'[{\"date\": \"Январь 2021\", \"text\": \"Тестирование системы мониторинга дорожного движения на площади тверской заставы\"}, {\"date\": \"Март 2021\", \"text\": \"Тестирование системы адаптивного регулирования в Люблино и Новомосковском\"}, {\"date\": \"Май 2021\", \"text\": \"Тестирование системы учета посетителей / пассажиропотока на транспортном пересадочном узле и в местах скопления людей\"}]','http://innoapi.cyberbobs.xsph.ru/Shablon_otchyota_o_rezultatakh_pilota_v6_2021_10_26.docx',257,'2021-12-03 07:34:39','2021-12-03 07:34:39'),(279,6,'[{\"date\": \"Январь 2021\", \"text\": \"Тестирование системы мониторинга дорожного движения на площади тверской заставы\"}, {\"date\": \"Март 2021\", \"text\": \"Тестирование системы адаптивного регулирования в Люблино и Новомосковском\"}, {\"date\": \"Май 2021\", \"text\": \"Тестирование системы учета посетителей / пассажиропотока на транспортном пересадочном узле и в местах скопления людей\"}]','http://innoapi.cyberbobs.xsph.ru/Shablon_otchyota_o_rezultatakh_pilota_v6_2021_10_26.docx',257,'2021-12-03 07:34:39','2021-12-03 07:34:39'),(280,6,'[{\"date\": \"Январь 2021\", \"text\": \"Тестирование системы мониторинга дорожного движения на площади тверской заставы\"}, {\"date\": \"Март 2021\", \"text\": \"Тестирование системы адаптивного регулирования в Люблино и Новомосковском\"}, {\"date\": \"Май 2021\", \"text\": \"Тестирование системы учета посетителей / пассажиропотока на транспортном пересадочном узле и в местах скопления людей\"}]','http://innoapi.cyberbobs.xsph.ru/Shablon_otchyota_o_rezultatakh_pilota_v6_2021_10_26.docx',257,'2021-12-03 07:34:39','2021-12-03 07:34:39'),(281,6,'[{\"date\": \"Январь 2021\", \"text\": \"Тестирование системы мониторинга дорожного движения на площади тверской заставы\"}, {\"date\": \"Март 2021\", \"text\": \"Тестирование системы адаптивного регулирования в Люблино и Новомосковском\"}, {\"date\": \"Май 2021\", \"text\": \"Тестирование системы учета посетителей / пассажиропотока на транспортном пересадочном узле и в местах скопления людей\"}]','http://innoapi.cyberbobs.xsph.ru/Shablon_otchyota_o_rezultatakh_pilota_v6_2021_10_26.docx',258,'2021-12-03 07:34:39','2021-12-03 07:34:39'),(282,6,'[{\"date\": \"Январь 2021\", \"text\": \"Тестирование системы мониторинга дорожного движения на площади тверской заставы\"}, {\"date\": \"Март 2021\", \"text\": \"Тестирование системы адаптивного регулирования в Люблино и Новомосковском\"}, {\"date\": \"Май 2021\", \"text\": \"Тестирование системы учета посетителей / пассажиропотока на транспортном пересадочном узле и в местах скопления людей\"}]','http://innoapi.cyberbobs.xsph.ru/Shablon_otchyota_o_rezultatakh_pilota_v6_2021_10_26.docx',258,'2021-12-03 07:34:39','2021-12-03 07:34:39'),(283,6,'[{\"date\": \"Январь 2021\", \"text\": \"Тестирование системы мониторинга дорожного движения на площади тверской заставы\"}, {\"date\": \"Март 2021\", \"text\": \"Тестирование системы адаптивного регулирования в Люблино и Новомосковском\"}, {\"date\": \"Май 2021\", \"text\": \"Тестирование системы учета посетителей / пассажиропотока на транспортном пересадочном узле и в местах скопления людей\"}]','http://innoapi.cyberbobs.xsph.ru/Shablon_otchyota_o_rezultatakh_pilota_v6_2021_10_26.docx',259,'2021-12-03 07:34:39','2021-12-03 07:34:39'),(284,6,'[{\"date\": \"Январь 2021\", \"text\": \"Тестирование системы мониторинга дорожного движения на площади тверской заставы\"}, {\"date\": \"Март 2021\", \"text\": \"Тестирование системы адаптивного регулирования в Люблино и Новомосковском\"}, {\"date\": \"Май 2021\", \"text\": \"Тестирование системы учета посетителей / пассажиропотока на транспортном пересадочном узле и в местах скопления людей\"}]','http://innoapi.cyberbobs.xsph.ru/Shablon_otchyota_o_rezultatakh_pilota_v6_2021_10_26.docx',259,'2021-12-03 07:34:39','2021-12-03 07:34:39'),(285,6,'[{\"date\": \"Январь 2021\", \"text\": \"Тестирование системы мониторинга дорожного движения на площади тверской заставы\"}, {\"date\": \"Март 2021\", \"text\": \"Тестирование системы адаптивного регулирования в Люблино и Новомосковском\"}, {\"date\": \"Май 2021\", \"text\": \"Тестирование системы учета посетителей / пассажиропотока на транспортном пересадочном узле и в местах скопления людей\"}]','http://innoapi.cyberbobs.xsph.ru/Shablon_otchyota_o_rezultatakh_pilota_v6_2021_10_26.docx',259,'2021-12-03 07:34:39','2021-12-03 07:34:39'),(286,6,'[{\"date\": \"Январь 2021\", \"text\": \"Тестирование системы мониторинга дорожного движения на площади тверской заставы\"}, {\"date\": \"Март 2021\", \"text\": \"Тестирование системы адаптивного регулирования в Люблино и Новомосковском\"}, {\"date\": \"Май 2021\", \"text\": \"Тестирование системы учета посетителей / пассажиропотока на транспортном пересадочном узле и в местах скопления людей\"}]','http://innoapi.cyberbobs.xsph.ru/Shablon_otchyota_o_rezultatakh_pilota_v6_2021_10_26.docx',260,'2021-12-03 07:34:39','2021-12-03 07:34:39'),(287,6,'[{\"date\": \"Январь 2021\", \"text\": \"Тестирование системы мониторинга дорожного движения на площади тверской заставы\"}, {\"date\": \"Март 2021\", \"text\": \"Тестирование системы адаптивного регулирования в Люблино и Новомосковском\"}, {\"date\": \"Май 2021\", \"text\": \"Тестирование системы учета посетителей / пассажиропотока на транспортном пересадочном узле и в местах скопления людей\"}]','http://innoapi.cyberbobs.xsph.ru/Shablon_otchyota_o_rezultatakh_pilota_v6_2021_10_26.docx',260,'2021-12-03 07:34:39','2021-12-03 07:34:39'),(288,6,'[{\"date\": \"Январь 2021\", \"text\": \"Тестирование системы мониторинга дорожного движения на площади тверской заставы\"}, {\"date\": \"Март 2021\", \"text\": \"Тестирование системы адаптивного регулирования в Люблино и Новомосковском\"}, {\"date\": \"Май 2021\", \"text\": \"Тестирование системы учета посетителей / пассажиропотока на транспортном пересадочном узле и в местах скопления людей\"}]','http://innoapi.cyberbobs.xsph.ru/Shablon_otchyota_o_rezultatakh_pilota_v6_2021_10_26.docx',261,'2021-12-03 07:34:39','2021-12-03 07:34:39'),(289,6,'[{\"date\": \"Январь 2021\", \"text\": \"Тестирование системы мониторинга дорожного движения на площади тверской заставы\"}, {\"date\": \"Март 2021\", \"text\": \"Тестирование системы адаптивного регулирования в Люблино и Новомосковском\"}, {\"date\": \"Май 2021\", \"text\": \"Тестирование системы учета посетителей / пассажиропотока на транспортном пересадочном узле и в местах скопления людей\"}]','http://innoapi.cyberbobs.xsph.ru/Shablon_otchyota_o_rezultatakh_pilota_v6_2021_10_26.docx',261,'2021-12-03 07:34:39','2021-12-03 07:34:39'),(290,6,'[{\"date\": \"Январь 2021\", \"text\": \"Тестирование системы мониторинга дорожного движения на площади тверской заставы\"}, {\"date\": \"Март 2021\", \"text\": \"Тестирование системы адаптивного регулирования в Люблино и Новомосковском\"}, {\"date\": \"Май 2021\", \"text\": \"Тестирование системы учета посетителей / пассажиропотока на транспортном пересадочном узле и в местах скопления людей\"}]','http://innoapi.cyberbobs.xsph.ru/Shablon_otchyota_o_rezultatakh_pilota_v6_2021_10_26.docx',261,'2021-12-03 07:34:39','2021-12-03 07:34:39'),(291,6,'[{\"date\": \"Январь 2021\", \"text\": \"Тестирование системы мониторинга дорожного движения на площади тверской заставы\"}, {\"date\": \"Март 2021\", \"text\": \"Тестирование системы адаптивного регулирования в Люблино и Новомосковском\"}, {\"date\": \"Май 2021\", \"text\": \"Тестирование системы учета посетителей / пассажиропотока на транспортном пересадочном узле и в местах скопления людей\"}]','http://innoapi.cyberbobs.xsph.ru/Shablon_otchyota_o_rezultatakh_pilota_v6_2021_10_26.docx',262,'2021-12-03 07:34:39','2021-12-03 07:34:39'),(292,6,'[{\"date\": \"Январь 2021\", \"text\": \"Тестирование системы мониторинга дорожного движения на площади тверской заставы\"}, {\"date\": \"Март 2021\", \"text\": \"Тестирование системы адаптивного регулирования в Люблино и Новомосковском\"}, {\"date\": \"Май 2021\", \"text\": \"Тестирование системы учета посетителей / пассажиропотока на транспортном пересадочном узле и в местах скопления людей\"}]','http://innoapi.cyberbobs.xsph.ru/Shablon_otchyota_o_rezultatakh_pilota_v6_2021_10_26.docx',263,'2021-12-03 07:34:39','2021-12-03 07:34:39'),(293,6,'[{\"date\": \"Январь 2021\", \"text\": \"Тестирование системы мониторинга дорожного движения на площади тверской заставы\"}, {\"date\": \"Март 2021\", \"text\": \"Тестирование системы адаптивного регулирования в Люблино и Новомосковском\"}, {\"date\": \"Май 2021\", \"text\": \"Тестирование системы учета посетителей / пассажиропотока на транспортном пересадочном узле и в местах скопления людей\"}]','http://innoapi.cyberbobs.xsph.ru/Shablon_otchyota_o_rezultatakh_pilota_v6_2021_10_26.docx',264,'2021-12-03 07:34:39','2021-12-03 07:34:39'),(294,6,'[{\"date\": \"Январь 2021\", \"text\": \"Тестирование системы мониторинга дорожного движения на площади тверской заставы\"}, {\"date\": \"Март 2021\", \"text\": \"Тестирование системы адаптивного регулирования в Люблино и Новомосковском\"}, {\"date\": \"Май 2021\", \"text\": \"Тестирование системы учета посетителей / пассажиропотока на транспортном пересадочном узле и в местах скопления людей\"}]','http://innoapi.cyberbobs.xsph.ru/Shablon_otchyota_o_rezultatakh_pilota_v6_2021_10_26.docx',264,'2021-12-03 07:34:39','2021-12-03 07:34:39'),(295,6,'[{\"date\": \"Январь 2021\", \"text\": \"Тестирование системы мониторинга дорожного движения на площади тверской заставы\"}, {\"date\": \"Март 2021\", \"text\": \"Тестирование системы адаптивного регулирования в Люблино и Новомосковском\"}, {\"date\": \"Май 2021\", \"text\": \"Тестирование системы учета посетителей / пассажиропотока на транспортном пересадочном узле и в местах скопления людей\"}]','http://innoapi.cyberbobs.xsph.ru/Shablon_otchyota_o_rezultatakh_pilota_v6_2021_10_26.docx',265,'2021-12-03 07:34:39','2021-12-03 07:34:39'),(296,6,'[{\"date\": \"Январь 2021\", \"text\": \"Тестирование системы мониторинга дорожного движения на площади тверской заставы\"}, {\"date\": \"Март 2021\", \"text\": \"Тестирование системы адаптивного регулирования в Люблино и Новомосковском\"}, {\"date\": \"Май 2021\", \"text\": \"Тестирование системы учета посетителей / пассажиропотока на транспортном пересадочном узле и в местах скопления людей\"}]','http://innoapi.cyberbobs.xsph.ru/Shablon_otchyota_o_rezultatakh_pilota_v6_2021_10_26.docx',265,'2021-12-03 07:34:39','2021-12-03 07:34:39'),(297,6,'[{\"date\": \"Январь 2021\", \"text\": \"Тестирование системы мониторинга дорожного движения на площади тверской заставы\"}, {\"date\": \"Март 2021\", \"text\": \"Тестирование системы адаптивного регулирования в Люблино и Новомосковском\"}, {\"date\": \"Май 2021\", \"text\": \"Тестирование системы учета посетителей / пассажиропотока на транспортном пересадочном узле и в местах скопления людей\"}]','http://innoapi.cyberbobs.xsph.ru/Shablon_otchyota_o_rezultatakh_pilota_v6_2021_10_26.docx',266,'2021-12-03 07:34:39','2021-12-03 07:34:39'),(298,6,'[{\"date\": \"Январь 2021\", \"text\": \"Тестирование системы мониторинга дорожного движения на площади тверской заставы\"}, {\"date\": \"Март 2021\", \"text\": \"Тестирование системы адаптивного регулирования в Люблино и Новомосковском\"}, {\"date\": \"Май 2021\", \"text\": \"Тестирование системы учета посетителей / пассажиропотока на транспортном пересадочном узле и в местах скопления людей\"}]','http://innoapi.cyberbobs.xsph.ru/Shablon_otchyota_o_rezultatakh_pilota_v6_2021_10_26.docx',266,'2021-12-03 07:34:39','2021-12-03 07:34:39'),(299,6,'[{\"date\": \"Январь 2021\", \"text\": \"Тестирование системы мониторинга дорожного движения на площади тверской заставы\"}, {\"date\": \"Март 2021\", \"text\": \"Тестирование системы адаптивного регулирования в Люблино и Новомосковском\"}, {\"date\": \"Май 2021\", \"text\": \"Тестирование системы учета посетителей / пассажиропотока на транспортном пересадочном узле и в местах скопления людей\"}]','http://innoapi.cyberbobs.xsph.ru/Shablon_otchyota_o_rezultatakh_pilota_v6_2021_10_26.docx',266,'2021-12-03 07:34:39','2021-12-03 07:34:39'),(300,6,'[{\"date\": \"Январь 2021\", \"text\": \"Тестирование системы мониторинга дорожного движения на площади тверской заставы\"}, {\"date\": \"Март 2021\", \"text\": \"Тестирование системы адаптивного регулирования в Люблино и Новомосковском\"}, {\"date\": \"Май 2021\", \"text\": \"Тестирование системы учета посетителей / пассажиропотока на транспортном пересадочном узле и в местах скопления людей\"}]','http://innoapi.cyberbobs.xsph.ru/Shablon_otchyota_o_rezultatakh_pilota_v6_2021_10_26.docx',267,'2021-12-03 07:34:39','2021-12-03 07:34:39'),(301,6,'[{\"date\": \"Январь 2021\", \"text\": \"Тестирование системы мониторинга дорожного движения на площади тверской заставы\"}, {\"date\": \"Март 2021\", \"text\": \"Тестирование системы адаптивного регулирования в Люблино и Новомосковском\"}, {\"date\": \"Май 2021\", \"text\": \"Тестирование системы учета посетителей / пассажиропотока на транспортном пересадочном узле и в местах скопления людей\"}]','http://innoapi.cyberbobs.xsph.ru/Shablon_otchyota_o_rezultatakh_pilota_v6_2021_10_26.docx',268,'2021-12-03 07:34:39','2021-12-03 07:34:39'),(302,6,'[{\"date\": \"Январь 2021\", \"text\": \"Тестирование системы мониторинга дорожного движения на площади тверской заставы\"}, {\"date\": \"Март 2021\", \"text\": \"Тестирование системы адаптивного регулирования в Люблино и Новомосковском\"}, {\"date\": \"Май 2021\", \"text\": \"Тестирование системы учета посетителей / пассажиропотока на транспортном пересадочном узле и в местах скопления людей\"}]','http://innoapi.cyberbobs.xsph.ru/Shablon_otchyota_o_rezultatakh_pilota_v6_2021_10_26.docx',268,'2021-12-03 07:34:39','2021-12-03 07:34:39'),(303,6,'[{\"date\": \"Январь 2021\", \"text\": \"Тестирование системы мониторинга дорожного движения на площади тверской заставы\"}, {\"date\": \"Март 2021\", \"text\": \"Тестирование системы адаптивного регулирования в Люблино и Новомосковском\"}, {\"date\": \"Май 2021\", \"text\": \"Тестирование системы учета посетителей / пассажиропотока на транспортном пересадочном узле и в местах скопления людей\"}]','http://innoapi.cyberbobs.xsph.ru/Shablon_otchyota_o_rezultatakh_pilota_v6_2021_10_26.docx',269,'2021-12-03 07:34:39','2021-12-03 07:34:39'),(304,6,'[{\"date\": \"Январь 2021\", \"text\": \"Тестирование системы мониторинга дорожного движения на площади тверской заставы\"}, {\"date\": \"Март 2021\", \"text\": \"Тестирование системы адаптивного регулирования в Люблино и Новомосковском\"}, {\"date\": \"Май 2021\", \"text\": \"Тестирование системы учета посетителей / пассажиропотока на транспортном пересадочном узле и в местах скопления людей\"}]','http://innoapi.cyberbobs.xsph.ru/Shablon_otchyota_o_rezultatakh_pilota_v6_2021_10_26.docx',269,'2021-12-03 07:34:39','2021-12-03 07:34:39'),(305,6,'[{\"date\": \"Январь 2021\", \"text\": \"Тестирование системы мониторинга дорожного движения на площади тверской заставы\"}, {\"date\": \"Март 2021\", \"text\": \"Тестирование системы адаптивного регулирования в Люблино и Новомосковском\"}, {\"date\": \"Май 2021\", \"text\": \"Тестирование системы учета посетителей / пассажиропотока на транспортном пересадочном узле и в местах скопления людей\"}]','http://innoapi.cyberbobs.xsph.ru/Shablon_otchyota_o_rezultatakh_pilota_v6_2021_10_26.docx',269,'2021-12-03 07:34:39','2021-12-03 07:34:39'),(306,6,'[{\"date\": \"Январь 2021\", \"text\": \"Тестирование системы мониторинга дорожного движения на площади тверской заставы\"}, {\"date\": \"Март 2021\", \"text\": \"Тестирование системы адаптивного регулирования в Люблино и Новомосковском\"}, {\"date\": \"Май 2021\", \"text\": \"Тестирование системы учета посетителей / пассажиропотока на транспортном пересадочном узле и в местах скопления людей\"}]','http://innoapi.cyberbobs.xsph.ru/Shablon_otchyota_o_rezultatakh_pilota_v6_2021_10_26.docx',270,'2021-12-03 07:34:39','2021-12-03 07:34:39'),(307,6,'[{\"date\": \"Январь 2021\", \"text\": \"Тестирование системы мониторинга дорожного движения на площади тверской заставы\"}, {\"date\": \"Март 2021\", \"text\": \"Тестирование системы адаптивного регулирования в Люблино и Новомосковском\"}, {\"date\": \"Май 2021\", \"text\": \"Тестирование системы учета посетителей / пассажиропотока на транспортном пересадочном узле и в местах скопления людей\"}]','http://innoapi.cyberbobs.xsph.ru/Shablon_otchyota_o_rezultatakh_pilota_v6_2021_10_26.docx',271,'2021-12-03 07:34:39','2021-12-03 07:34:39'),(308,6,'[{\"date\": \"Январь 2021\", \"text\": \"Тестирование системы мониторинга дорожного движения на площади тверской заставы\"}, {\"date\": \"Март 2021\", \"text\": \"Тестирование системы адаптивного регулирования в Люблино и Новомосковском\"}, {\"date\": \"Май 2021\", \"text\": \"Тестирование системы учета посетителей / пассажиропотока на транспортном пересадочном узле и в местах скопления людей\"}]','http://innoapi.cyberbobs.xsph.ru/Shablon_otchyota_o_rezultatakh_pilota_v6_2021_10_26.docx',271,'2021-12-03 07:34:39','2021-12-03 07:34:39'),(309,6,'[{\"date\": \"Январь 2021\", \"text\": \"Тестирование системы мониторинга дорожного движения на площади тверской заставы\"}, {\"date\": \"Март 2021\", \"text\": \"Тестирование системы адаптивного регулирования в Люблино и Новомосковском\"}, {\"date\": \"Май 2021\", \"text\": \"Тестирование системы учета посетителей / пассажиропотока на транспортном пересадочном узле и в местах скопления людей\"}]','http://innoapi.cyberbobs.xsph.ru/Shablon_otchyota_o_rezultatakh_pilota_v6_2021_10_26.docx',271,'2021-12-03 07:34:39','2021-12-03 07:34:39'),(310,6,'[{\"date\": \"Январь 2021\", \"text\": \"Тестирование системы мониторинга дорожного движения на площади тверской заставы\"}, {\"date\": \"Март 2021\", \"text\": \"Тестирование системы адаптивного регулирования в Люблино и Новомосковском\"}, {\"date\": \"Май 2021\", \"text\": \"Тестирование системы учета посетителей / пассажиропотока на транспортном пересадочном узле и в местах скопления людей\"}]','http://innoapi.cyberbobs.xsph.ru/Shablon_otchyota_o_rezultatakh_pilota_v6_2021_10_26.docx',272,'2021-12-03 07:34:39','2021-12-03 07:34:39'),(311,6,'[{\"date\": \"Январь 2021\", \"text\": \"Тестирование системы мониторинга дорожного движения на площади тверской заставы\"}, {\"date\": \"Март 2021\", \"text\": \"Тестирование системы адаптивного регулирования в Люблино и Новомосковском\"}, {\"date\": \"Май 2021\", \"text\": \"Тестирование системы учета посетителей / пассажиропотока на транспортном пересадочном узле и в местах скопления людей\"}]','http://innoapi.cyberbobs.xsph.ru/Shablon_otchyota_o_rezultatakh_pilota_v6_2021_10_26.docx',272,'2021-12-03 07:34:39','2021-12-03 07:34:39'),(312,6,'[{\"date\": \"Январь 2021\", \"text\": \"Тестирование системы мониторинга дорожного движения на площади тверской заставы\"}, {\"date\": \"Март 2021\", \"text\": \"Тестирование системы адаптивного регулирования в Люблино и Новомосковском\"}, {\"date\": \"Май 2021\", \"text\": \"Тестирование системы учета посетителей / пассажиропотока на транспортном пересадочном узле и в местах скопления людей\"}]','http://innoapi.cyberbobs.xsph.ru/Shablon_otchyota_o_rezultatakh_pilota_v6_2021_10_26.docx',272,'2021-12-03 07:34:39','2021-12-03 07:34:39'),(313,6,'[{\"date\": \"Январь 2021\", \"text\": \"Тестирование системы мониторинга дорожного движения на площади тверской заставы\"}, {\"date\": \"Март 2021\", \"text\": \"Тестирование системы адаптивного регулирования в Люблино и Новомосковском\"}, {\"date\": \"Май 2021\", \"text\": \"Тестирование системы учета посетителей / пассажиропотока на транспортном пересадочном узле и в местах скопления людей\"}]','http://innoapi.cyberbobs.xsph.ru/Shablon_otchyota_o_rezultatakh_pilota_v6_2021_10_26.docx',273,'2021-12-03 07:34:39','2021-12-03 07:34:39'),(314,6,'[{\"date\": \"Январь 2021\", \"text\": \"Тестирование системы мониторинга дорожного движения на площади тверской заставы\"}, {\"date\": \"Март 2021\", \"text\": \"Тестирование системы адаптивного регулирования в Люблино и Новомосковском\"}, {\"date\": \"Май 2021\", \"text\": \"Тестирование системы учета посетителей / пассажиропотока на транспортном пересадочном узле и в местах скопления людей\"}]','http://innoapi.cyberbobs.xsph.ru/Shablon_otchyota_o_rezultatakh_pilota_v6_2021_10_26.docx',274,'2021-12-03 07:34:39','2021-12-03 07:34:39'),(315,6,'[{\"date\": \"Январь 2021\", \"text\": \"Тестирование системы мониторинга дорожного движения на площади тверской заставы\"}, {\"date\": \"Март 2021\", \"text\": \"Тестирование системы адаптивного регулирования в Люблино и Новомосковском\"}, {\"date\": \"Май 2021\", \"text\": \"Тестирование системы учета посетителей / пассажиропотока на транспортном пересадочном узле и в местах скопления людей\"}]','http://innoapi.cyberbobs.xsph.ru/Shablon_otchyota_o_rezultatakh_pilota_v6_2021_10_26.docx',274,'2021-12-03 07:34:39','2021-12-03 07:34:39'),(316,6,'[{\"date\": \"Январь 2021\", \"text\": \"Тестирование системы мониторинга дорожного движения на площади тверской заставы\"}, {\"date\": \"Март 2021\", \"text\": \"Тестирование системы адаптивного регулирования в Люблино и Новомосковском\"}, {\"date\": \"Май 2021\", \"text\": \"Тестирование системы учета посетителей / пассажиропотока на транспортном пересадочном узле и в местах скопления людей\"}]','http://innoapi.cyberbobs.xsph.ru/Shablon_otchyota_o_rezultatakh_pilota_v6_2021_10_26.docx',275,'2021-12-03 07:34:39','2021-12-03 07:34:39'),(317,6,'[{\"date\": \"Январь 2021\", \"text\": \"Тестирование системы мониторинга дорожного движения на площади тверской заставы\"}, {\"date\": \"Март 2021\", \"text\": \"Тестирование системы адаптивного регулирования в Люблино и Новомосковском\"}, {\"date\": \"Май 2021\", \"text\": \"Тестирование системы учета посетителей / пассажиропотока на транспортном пересадочном узле и в местах скопления людей\"}]','http://innoapi.cyberbobs.xsph.ru/Shablon_otchyota_o_rezultatakh_pilota_v6_2021_10_26.docx',276,'2021-12-03 07:34:39','2021-12-03 07:34:39'),(318,6,'[{\"date\": \"Январь 2021\", \"text\": \"Тестирование системы мониторинга дорожного движения на площади тверской заставы\"}, {\"date\": \"Март 2021\", \"text\": \"Тестирование системы адаптивного регулирования в Люблино и Новомосковском\"}, {\"date\": \"Май 2021\", \"text\": \"Тестирование системы учета посетителей / пассажиропотока на транспортном пересадочном узле и в местах скопления людей\"}]','http://innoapi.cyberbobs.xsph.ru/Shablon_otchyota_o_rezultatakh_pilota_v6_2021_10_26.docx',277,'2021-12-03 07:34:39','2021-12-03 07:34:39'),(319,6,'[{\"date\": \"Январь 2021\", \"text\": \"Тестирование системы мониторинга дорожного движения на площади тверской заставы\"}, {\"date\": \"Март 2021\", \"text\": \"Тестирование системы адаптивного регулирования в Люблино и Новомосковском\"}, {\"date\": \"Май 2021\", \"text\": \"Тестирование системы учета посетителей / пассажиропотока на транспортном пересадочном узле и в местах скопления людей\"}]','http://innoapi.cyberbobs.xsph.ru/Shablon_otchyota_o_rezultatakh_pilota_v6_2021_10_26.docx',278,'2021-12-03 07:34:39','2021-12-03 07:34:39'),(320,6,'[{\"date\": \"Январь 2021\", \"text\": \"Тестирование системы мониторинга дорожного движения на площади тверской заставы\"}, {\"date\": \"Март 2021\", \"text\": \"Тестирование системы адаптивного регулирования в Люблино и Новомосковском\"}, {\"date\": \"Май 2021\", \"text\": \"Тестирование системы учета посетителей / пассажиропотока на транспортном пересадочном узле и в местах скопления людей\"}]','http://innoapi.cyberbobs.xsph.ru/Shablon_otchyota_o_rezultatakh_pilota_v6_2021_10_26.docx',278,'2021-12-03 07:34:39','2021-12-03 07:34:39'),(321,6,'[{\"date\": \"Январь 2021\", \"text\": \"Тестирование системы мониторинга дорожного движения на площади тверской заставы\"}, {\"date\": \"Март 2021\", \"text\": \"Тестирование системы адаптивного регулирования в Люблино и Новомосковском\"}, {\"date\": \"Май 2021\", \"text\": \"Тестирование системы учета посетителей / пассажиропотока на транспортном пересадочном узле и в местах скопления людей\"}]','http://innoapi.cyberbobs.xsph.ru/Shablon_otchyota_o_rezultatakh_pilota_v6_2021_10_26.docx',279,'2021-12-03 07:34:39','2021-12-03 07:34:39'),(322,6,'[{\"date\": \"Январь 2021\", \"text\": \"Тестирование системы мониторинга дорожного движения на площади тверской заставы\"}, {\"date\": \"Март 2021\", \"text\": \"Тестирование системы адаптивного регулирования в Люблино и Новомосковском\"}, {\"date\": \"Май 2021\", \"text\": \"Тестирование системы учета посетителей / пассажиропотока на транспортном пересадочном узле и в местах скопления людей\"}]','http://innoapi.cyberbobs.xsph.ru/Shablon_otchyota_o_rezultatakh_pilota_v6_2021_10_26.docx',279,'2021-12-03 07:34:39','2021-12-03 07:34:39'),(323,6,'[{\"date\": \"Январь 2021\", \"text\": \"Тестирование системы мониторинга дорожного движения на площади тверской заставы\"}, {\"date\": \"Март 2021\", \"text\": \"Тестирование системы адаптивного регулирования в Люблино и Новомосковском\"}, {\"date\": \"Май 2021\", \"text\": \"Тестирование системы учета посетителей / пассажиропотока на транспортном пересадочном узле и в местах скопления людей\"}]','http://innoapi.cyberbobs.xsph.ru/Shablon_otchyota_o_rezultatakh_pilota_v6_2021_10_26.docx',279,'2021-12-03 07:34:39','2021-12-03 07:34:39'),(324,6,'[{\"date\": \"Январь 2021\", \"text\": \"Тестирование системы мониторинга дорожного движения на площади тверской заставы\"}, {\"date\": \"Март 2021\", \"text\": \"Тестирование системы адаптивного регулирования в Люблино и Новомосковском\"}, {\"date\": \"Май 2021\", \"text\": \"Тестирование системы учета посетителей / пассажиропотока на транспортном пересадочном узле и в местах скопления людей\"}]','http://innoapi.cyberbobs.xsph.ru/Shablon_otchyota_o_rezultatakh_pilota_v6_2021_10_26.docx',280,'2021-12-03 07:34:39','2021-12-03 07:34:39'),(325,6,'[{\"date\": \"Январь 2021\", \"text\": \"Тестирование системы мониторинга дорожного движения на площади тверской заставы\"}, {\"date\": \"Март 2021\", \"text\": \"Тестирование системы адаптивного регулирования в Люблино и Новомосковском\"}, {\"date\": \"Май 2021\", \"text\": \"Тестирование системы учета посетителей / пассажиропотока на транспортном пересадочном узле и в местах скопления людей\"}]','http://innoapi.cyberbobs.xsph.ru/Shablon_otchyota_o_rezultatakh_pilota_v6_2021_10_26.docx',280,'2021-12-03 07:34:39','2021-12-03 07:34:39'),(326,6,'[{\"date\": \"Январь 2021\", \"text\": \"Тестирование системы мониторинга дорожного движения на площади тверской заставы\"}, {\"date\": \"Март 2021\", \"text\": \"Тестирование системы адаптивного регулирования в Люблино и Новомосковском\"}, {\"date\": \"Май 2021\", \"text\": \"Тестирование системы учета посетителей / пассажиропотока на транспортном пересадочном узле и в местах скопления людей\"}]','http://innoapi.cyberbobs.xsph.ru/Shablon_otchyota_o_rezultatakh_pilota_v6_2021_10_26.docx',280,'2021-12-03 07:34:39','2021-12-03 07:34:39'),(327,6,'[{\"date\": \"Январь 2021\", \"text\": \"Тестирование системы мониторинга дорожного движения на площади тверской заставы\"}, {\"date\": \"Март 2021\", \"text\": \"Тестирование системы адаптивного регулирования в Люблино и Новомосковском\"}, {\"date\": \"Май 2021\", \"text\": \"Тестирование системы учета посетителей / пассажиропотока на транспортном пересадочном узле и в местах скопления людей\"}]','http://innoapi.cyberbobs.xsph.ru/Shablon_otchyota_o_rezultatakh_pilota_v6_2021_10_26.docx',281,'2021-12-03 07:34:39','2021-12-03 07:34:39'),(328,6,'[{\"date\": \"Январь 2021\", \"text\": \"Тестирование системы мониторинга дорожного движения на площади тверской заставы\"}, {\"date\": \"Март 2021\", \"text\": \"Тестирование системы адаптивного регулирования в Люблино и Новомосковском\"}, {\"date\": \"Май 2021\", \"text\": \"Тестирование системы учета посетителей / пассажиропотока на транспортном пересадочном узле и в местах скопления людей\"}]','http://innoapi.cyberbobs.xsph.ru/Shablon_otchyota_o_rezultatakh_pilota_v6_2021_10_26.docx',282,'2021-12-03 07:34:39','2021-12-03 07:34:39'),(329,6,'[{\"date\": \"Январь 2021\", \"text\": \"Тестирование системы мониторинга дорожного движения на площади тверской заставы\"}, {\"date\": \"Март 2021\", \"text\": \"Тестирование системы адаптивного регулирования в Люблино и Новомосковском\"}, {\"date\": \"Май 2021\", \"text\": \"Тестирование системы учета посетителей / пассажиропотока на транспортном пересадочном узле и в местах скопления людей\"}]','http://innoapi.cyberbobs.xsph.ru/Shablon_otchyota_o_rezultatakh_pilota_v6_2021_10_26.docx',283,'2021-12-03 07:34:39','2021-12-03 07:34:39'),(330,6,'[{\"date\": \"Январь 2021\", \"text\": \"Тестирование системы мониторинга дорожного движения на площади тверской заставы\"}, {\"date\": \"Март 2021\", \"text\": \"Тестирование системы адаптивного регулирования в Люблино и Новомосковском\"}, {\"date\": \"Май 2021\", \"text\": \"Тестирование системы учета посетителей / пассажиропотока на транспортном пересадочном узле и в местах скопления людей\"}]','http://innoapi.cyberbobs.xsph.ru/Shablon_otchyota_o_rezultatakh_pilota_v6_2021_10_26.docx',283,'2021-12-03 07:34:39','2021-12-03 07:34:39'),(331,6,'[{\"date\": \"Январь 2021\", \"text\": \"Тестирование системы мониторинга дорожного движения на площади тверской заставы\"}, {\"date\": \"Март 2021\", \"text\": \"Тестирование системы адаптивного регулирования в Люблино и Новомосковском\"}, {\"date\": \"Май 2021\", \"text\": \"Тестирование системы учета посетителей / пассажиропотока на транспортном пересадочном узле и в местах скопления людей\"}]','http://innoapi.cyberbobs.xsph.ru/Shablon_otchyota_o_rezultatakh_pilota_v6_2021_10_26.docx',284,'2021-12-03 07:34:39','2021-12-03 07:34:39'),(332,6,'[{\"date\": \"Январь 2021\", \"text\": \"Тестирование системы мониторинга дорожного движения на площади тверской заставы\"}, {\"date\": \"Март 2021\", \"text\": \"Тестирование системы адаптивного регулирования в Люблино и Новомосковском\"}, {\"date\": \"Май 2021\", \"text\": \"Тестирование системы учета посетителей / пассажиропотока на транспортном пересадочном узле и в местах скопления людей\"}]','http://innoapi.cyberbobs.xsph.ru/Shablon_otchyota_o_rezultatakh_pilota_v6_2021_10_26.docx',285,'2021-12-03 07:34:39','2021-12-03 07:34:39'),(333,6,'[{\"date\": \"Январь 2021\", \"text\": \"Тестирование системы мониторинга дорожного движения на площади тверской заставы\"}, {\"date\": \"Март 2021\", \"text\": \"Тестирование системы адаптивного регулирования в Люблино и Новомосковском\"}, {\"date\": \"Май 2021\", \"text\": \"Тестирование системы учета посетителей / пассажиропотока на транспортном пересадочном узле и в местах скопления людей\"}]','http://innoapi.cyberbobs.xsph.ru/Shablon_otchyota_o_rezultatakh_pilota_v6_2021_10_26.docx',285,'2021-12-03 07:34:39','2021-12-03 07:34:39'),(334,6,'[{\"date\": \"Январь 2021\", \"text\": \"Тестирование системы мониторинга дорожного движения на площади тверской заставы\"}, {\"date\": \"Март 2021\", \"text\": \"Тестирование системы адаптивного регулирования в Люблино и Новомосковском\"}, {\"date\": \"Май 2021\", \"text\": \"Тестирование системы учета посетителей / пассажиропотока на транспортном пересадочном узле и в местах скопления людей\"}]','http://innoapi.cyberbobs.xsph.ru/Shablon_otchyota_o_rezultatakh_pilota_v6_2021_10_26.docx',285,'2021-12-03 07:34:39','2021-12-03 07:34:39'),(335,6,'[{\"date\": \"Январь 2021\", \"text\": \"Тестирование системы мониторинга дорожного движения на площади тверской заставы\"}, {\"date\": \"Март 2021\", \"text\": \"Тестирование системы адаптивного регулирования в Люблино и Новомосковском\"}, {\"date\": \"Май 2021\", \"text\": \"Тестирование системы учета посетителей / пассажиропотока на транспортном пересадочном узле и в местах скопления людей\"}]','http://innoapi.cyberbobs.xsph.ru/Shablon_otchyota_o_rezultatakh_pilota_v6_2021_10_26.docx',286,'2021-12-03 07:34:39','2021-12-03 07:34:39'),(336,6,'[{\"date\": \"Январь 2021\", \"text\": \"Тестирование системы мониторинга дорожного движения на площади тверской заставы\"}, {\"date\": \"Март 2021\", \"text\": \"Тестирование системы адаптивного регулирования в Люблино и Новомосковском\"}, {\"date\": \"Май 2021\", \"text\": \"Тестирование системы учета посетителей / пассажиропотока на транспортном пересадочном узле и в местах скопления людей\"}]','http://innoapi.cyberbobs.xsph.ru/Shablon_otchyota_o_rezultatakh_pilota_v6_2021_10_26.docx',286,'2021-12-03 07:34:39','2021-12-03 07:34:39'),(337,6,'[{\"date\": \"Январь 2021\", \"text\": \"Тестирование системы мониторинга дорожного движения на площади тверской заставы\"}, {\"date\": \"Март 2021\", \"text\": \"Тестирование системы адаптивного регулирования в Люблино и Новомосковском\"}, {\"date\": \"Май 2021\", \"text\": \"Тестирование системы учета посетителей / пассажиропотока на транспортном пересадочном узле и в местах скопления людей\"}]','http://innoapi.cyberbobs.xsph.ru/Shablon_otchyota_o_rezultatakh_pilota_v6_2021_10_26.docx',287,'2021-12-03 07:34:39','2021-12-03 07:34:39'),(338,6,'[{\"date\": \"Январь 2021\", \"text\": \"Тестирование системы мониторинга дорожного движения на площади тверской заставы\"}, {\"date\": \"Март 2021\", \"text\": \"Тестирование системы адаптивного регулирования в Люблино и Новомосковском\"}, {\"date\": \"Май 2021\", \"text\": \"Тестирование системы учета посетителей / пассажиропотока на транспортном пересадочном узле и в местах скопления людей\"}]','http://innoapi.cyberbobs.xsph.ru/Shablon_otchyota_o_rezultatakh_pilota_v6_2021_10_26.docx',287,'2021-12-03 07:34:39','2021-12-03 07:34:39'),(339,6,'[{\"date\": \"Январь 2021\", \"text\": \"Тестирование системы мониторинга дорожного движения на площади тверской заставы\"}, {\"date\": \"Март 2021\", \"text\": \"Тестирование системы адаптивного регулирования в Люблино и Новомосковском\"}, {\"date\": \"Май 2021\", \"text\": \"Тестирование системы учета посетителей / пассажиропотока на транспортном пересадочном узле и в местах скопления людей\"}]','http://innoapi.cyberbobs.xsph.ru/Shablon_otchyota_o_rezultatakh_pilota_v6_2021_10_26.docx',288,'2021-12-03 07:34:39','2021-12-03 07:34:39'),(340,6,'[{\"date\": \"Январь 2021\", \"text\": \"Тестирование системы мониторинга дорожного движения на площади тверской заставы\"}, {\"date\": \"Март 2021\", \"text\": \"Тестирование системы адаптивного регулирования в Люблино и Новомосковском\"}, {\"date\": \"Май 2021\", \"text\": \"Тестирование системы учета посетителей / пассажиропотока на транспортном пересадочном узле и в местах скопления людей\"}]','http://innoapi.cyberbobs.xsph.ru/Shablon_otchyota_o_rezultatakh_pilota_v6_2021_10_26.docx',288,'2021-12-03 07:34:39','2021-12-03 07:34:39'),(341,6,'[{\"date\": \"Январь 2021\", \"text\": \"Тестирование системы мониторинга дорожного движения на площади тверской заставы\"}, {\"date\": \"Март 2021\", \"text\": \"Тестирование системы адаптивного регулирования в Люблино и Новомосковском\"}, {\"date\": \"Май 2021\", \"text\": \"Тестирование системы учета посетителей / пассажиропотока на транспортном пересадочном узле и в местах скопления людей\"}]','http://innoapi.cyberbobs.xsph.ru/Shablon_otchyota_o_rezultatakh_pilota_v6_2021_10_26.docx',289,'2021-12-03 07:34:39','2021-12-03 07:34:39'),(342,6,'[{\"date\": \"Январь 2021\", \"text\": \"Тестирование системы мониторинга дорожного движения на площади тверской заставы\"}, {\"date\": \"Март 2021\", \"text\": \"Тестирование системы адаптивного регулирования в Люблино и Новомосковском\"}, {\"date\": \"Май 2021\", \"text\": \"Тестирование системы учета посетителей / пассажиропотока на транспортном пересадочном узле и в местах скопления людей\"}]','http://innoapi.cyberbobs.xsph.ru/Shablon_otchyota_o_rezultatakh_pilota_v6_2021_10_26.docx',289,'2021-12-03 07:34:39','2021-12-03 07:34:39'),(343,6,'[{\"date\": \"Январь 2021\", \"text\": \"Тестирование системы мониторинга дорожного движения на площади тверской заставы\"}, {\"date\": \"Март 2021\", \"text\": \"Тестирование системы адаптивного регулирования в Люблино и Новомосковском\"}, {\"date\": \"Май 2021\", \"text\": \"Тестирование системы учета посетителей / пассажиропотока на транспортном пересадочном узле и в местах скопления людей\"}]','http://innoapi.cyberbobs.xsph.ru/Shablon_otchyota_o_rezultatakh_pilota_v6_2021_10_26.docx',290,'2021-12-03 07:34:39','2021-12-03 07:34:39'),(344,6,'[{\"date\": \"Январь 2021\", \"text\": \"Тестирование системы мониторинга дорожного движения на площади тверской заставы\"}, {\"date\": \"Март 2021\", \"text\": \"Тестирование системы адаптивного регулирования в Люблино и Новомосковском\"}, {\"date\": \"Май 2021\", \"text\": \"Тестирование системы учета посетителей / пассажиропотока на транспортном пересадочном узле и в местах скопления людей\"}]','http://innoapi.cyberbobs.xsph.ru/Shablon_otchyota_o_rezultatakh_pilota_v6_2021_10_26.docx',290,'2021-12-03 07:34:39','2021-12-03 07:34:39'),(345,6,'[{\"date\": \"Январь 2021\", \"text\": \"Тестирование системы мониторинга дорожного движения на площади тверской заставы\"}, {\"date\": \"Март 2021\", \"text\": \"Тестирование системы адаптивного регулирования в Люблино и Новомосковском\"}, {\"date\": \"Май 2021\", \"text\": \"Тестирование системы учета посетителей / пассажиропотока на транспортном пересадочном узле и в местах скопления людей\"}]','http://innoapi.cyberbobs.xsph.ru/Shablon_otchyota_o_rezultatakh_pilota_v6_2021_10_26.docx',290,'2021-12-03 07:34:39','2021-12-03 07:34:39'),(346,6,'[{\"date\": \"Январь 2021\", \"text\": \"Тестирование системы мониторинга дорожного движения на площади тверской заставы\"}, {\"date\": \"Март 2021\", \"text\": \"Тестирование системы адаптивного регулирования в Люблино и Новомосковском\"}, {\"date\": \"Май 2021\", \"text\": \"Тестирование системы учета посетителей / пассажиропотока на транспортном пересадочном узле и в местах скопления людей\"}]','http://innoapi.cyberbobs.xsph.ru/Shablon_otchyota_o_rezultatakh_pilota_v6_2021_10_26.docx',291,'2021-12-03 07:34:39','2021-12-03 07:34:39'),(347,6,'[{\"date\": \"Январь 2021\", \"text\": \"Тестирование системы мониторинга дорожного движения на площади тверской заставы\"}, {\"date\": \"Март 2021\", \"text\": \"Тестирование системы адаптивного регулирования в Люблино и Новомосковском\"}, {\"date\": \"Май 2021\", \"text\": \"Тестирование системы учета посетителей / пассажиропотока на транспортном пересадочном узле и в местах скопления людей\"}]','http://innoapi.cyberbobs.xsph.ru/Shablon_otchyota_o_rezultatakh_pilota_v6_2021_10_26.docx',292,'2021-12-03 07:34:39','2021-12-03 07:34:39'),(348,6,'[{\"date\": \"Январь 2021\", \"text\": \"Тестирование системы мониторинга дорожного движения на площади тверской заставы\"}, {\"date\": \"Март 2021\", \"text\": \"Тестирование системы адаптивного регулирования в Люблино и Новомосковском\"}, {\"date\": \"Май 2021\", \"text\": \"Тестирование системы учета посетителей / пассажиропотока на транспортном пересадочном узле и в местах скопления людей\"}]','http://innoapi.cyberbobs.xsph.ru/Shablon_otchyota_o_rezultatakh_pilota_v6_2021_10_26.docx',292,'2021-12-03 07:34:39','2021-12-03 07:34:39'),(349,6,'[{\"date\": \"Январь 2021\", \"text\": \"Тестирование системы мониторинга дорожного движения на площади тверской заставы\"}, {\"date\": \"Март 2021\", \"text\": \"Тестирование системы адаптивного регулирования в Люблино и Новомосковском\"}, {\"date\": \"Май 2021\", \"text\": \"Тестирование системы учета посетителей / пассажиропотока на транспортном пересадочном узле и в местах скопления людей\"}]','http://innoapi.cyberbobs.xsph.ru/Shablon_otchyota_o_rezultatakh_pilota_v6_2021_10_26.docx',293,'2021-12-03 07:34:39','2021-12-03 07:34:39'),(350,6,'[{\"date\": \"Январь 2021\", \"text\": \"Тестирование системы мониторинга дорожного движения на площади тверской заставы\"}, {\"date\": \"Март 2021\", \"text\": \"Тестирование системы адаптивного регулирования в Люблино и Новомосковском\"}, {\"date\": \"Май 2021\", \"text\": \"Тестирование системы учета посетителей / пассажиропотока на транспортном пересадочном узле и в местах скопления людей\"}]','http://innoapi.cyberbobs.xsph.ru/Shablon_otchyota_o_rezultatakh_pilota_v6_2021_10_26.docx',293,'2021-12-03 07:34:39','2021-12-03 07:34:39'),(351,6,'[{\"date\": \"Январь 2021\", \"text\": \"Тестирование системы мониторинга дорожного движения на площади тверской заставы\"}, {\"date\": \"Март 2021\", \"text\": \"Тестирование системы адаптивного регулирования в Люблино и Новомосковском\"}, {\"date\": \"Май 2021\", \"text\": \"Тестирование системы учета посетителей / пассажиропотока на транспортном пересадочном узле и в местах скопления людей\"}]','http://innoapi.cyberbobs.xsph.ru/Shablon_otchyota_o_rezultatakh_pilota_v6_2021_10_26.docx',293,'2021-12-03 07:34:39','2021-12-03 07:34:39'),(352,6,'[{\"date\": \"Январь 2021\", \"text\": \"Тестирование системы мониторинга дорожного движения на площади тверской заставы\"}, {\"date\": \"Март 2021\", \"text\": \"Тестирование системы адаптивного регулирования в Люблино и Новомосковском\"}, {\"date\": \"Май 2021\", \"text\": \"Тестирование системы учета посетителей / пассажиропотока на транспортном пересадочном узле и в местах скопления людей\"}]','http://innoapi.cyberbobs.xsph.ru/Shablon_otchyota_o_rezultatakh_pilota_v6_2021_10_26.docx',294,'2021-12-03 07:34:39','2021-12-03 07:34:39'),(353,6,'[{\"date\": \"Январь 2021\", \"text\": \"Тестирование системы мониторинга дорожного движения на площади тверской заставы\"}, {\"date\": \"Март 2021\", \"text\": \"Тестирование системы адаптивного регулирования в Люблино и Новомосковском\"}, {\"date\": \"Май 2021\", \"text\": \"Тестирование системы учета посетителей / пассажиропотока на транспортном пересадочном узле и в местах скопления людей\"}]','http://innoapi.cyberbobs.xsph.ru/Shablon_otchyota_o_rezultatakh_pilota_v6_2021_10_26.docx',295,'2021-12-03 07:34:39','2021-12-03 07:34:39'),(354,6,'[{\"date\": \"Январь 2021\", \"text\": \"Тестирование системы мониторинга дорожного движения на площади тверской заставы\"}, {\"date\": \"Март 2021\", \"text\": \"Тестирование системы адаптивного регулирования в Люблино и Новомосковском\"}, {\"date\": \"Май 2021\", \"text\": \"Тестирование системы учета посетителей / пассажиропотока на транспортном пересадочном узле и в местах скопления людей\"}]','http://innoapi.cyberbobs.xsph.ru/Shablon_otchyota_o_rezultatakh_pilota_v6_2021_10_26.docx',296,'2021-12-03 07:34:39','2021-12-03 07:34:39'),(355,6,'[{\"date\": \"Январь 2021\", \"text\": \"Тестирование системы мониторинга дорожного движения на площади тверской заставы\"}, {\"date\": \"Март 2021\", \"text\": \"Тестирование системы адаптивного регулирования в Люблино и Новомосковском\"}, {\"date\": \"Май 2021\", \"text\": \"Тестирование системы учета посетителей / пассажиропотока на транспортном пересадочном узле и в местах скопления людей\"}]','http://innoapi.cyberbobs.xsph.ru/Shablon_otchyota_o_rezultatakh_pilota_v6_2021_10_26.docx',296,'2021-12-03 07:34:39','2021-12-03 07:34:39'),(356,6,'[{\"date\": \"Январь 2021\", \"text\": \"Тестирование системы мониторинга дорожного движения на площади тверской заставы\"}, {\"date\": \"Март 2021\", \"text\": \"Тестирование системы адаптивного регулирования в Люблино и Новомосковском\"}, {\"date\": \"Май 2021\", \"text\": \"Тестирование системы учета посетителей / пассажиропотока на транспортном пересадочном узле и в местах скопления людей\"}]','http://innoapi.cyberbobs.xsph.ru/Shablon_otchyota_o_rezultatakh_pilota_v6_2021_10_26.docx',297,'2021-12-03 07:34:39','2021-12-03 07:34:39'),(357,6,'[{\"date\": \"Январь 2021\", \"text\": \"Тестирование системы мониторинга дорожного движения на площади тверской заставы\"}, {\"date\": \"Март 2021\", \"text\": \"Тестирование системы адаптивного регулирования в Люблино и Новомосковском\"}, {\"date\": \"Май 2021\", \"text\": \"Тестирование системы учета посетителей / пассажиропотока на транспортном пересадочном узле и в местах скопления людей\"}]','http://innoapi.cyberbobs.xsph.ru/Shablon_otchyota_o_rezultatakh_pilota_v6_2021_10_26.docx',297,'2021-12-03 07:34:39','2021-12-03 07:34:39'),(358,6,'[{\"date\": \"Январь 2021\", \"text\": \"Тестирование системы мониторинга дорожного движения на площади тверской заставы\"}, {\"date\": \"Март 2021\", \"text\": \"Тестирование системы адаптивного регулирования в Люблино и Новомосковском\"}, {\"date\": \"Май 2021\", \"text\": \"Тестирование системы учета посетителей / пассажиропотока на транспортном пересадочном узле и в местах скопления людей\"}]','http://innoapi.cyberbobs.xsph.ru/Shablon_otchyota_o_rezultatakh_pilota_v6_2021_10_26.docx',297,'2021-12-03 07:34:39','2021-12-03 07:34:39'),(359,6,'[{\"date\": \"Январь 2021\", \"text\": \"Тестирование системы мониторинга дорожного движения на площади тверской заставы\"}, {\"date\": \"Март 2021\", \"text\": \"Тестирование системы адаптивного регулирования в Люблино и Новомосковском\"}, {\"date\": \"Май 2021\", \"text\": \"Тестирование системы учета посетителей / пассажиропотока на транспортном пересадочном узле и в местах скопления людей\"}]','http://innoapi.cyberbobs.xsph.ru/Shablon_otchyota_o_rezultatakh_pilota_v6_2021_10_26.docx',298,'2021-12-03 07:34:39','2021-12-03 07:34:39'),(360,6,'[{\"date\": \"Январь 2021\", \"text\": \"Тестирование системы мониторинга дорожного движения на площади тверской заставы\"}, {\"date\": \"Март 2021\", \"text\": \"Тестирование системы адаптивного регулирования в Люблино и Новомосковском\"}, {\"date\": \"Май 2021\", \"text\": \"Тестирование системы учета посетителей / пассажиропотока на транспортном пересадочном узле и в местах скопления людей\"}]','http://innoapi.cyberbobs.xsph.ru/Shablon_otchyota_o_rezultatakh_pilota_v6_2021_10_26.docx',298,'2021-12-03 07:34:39','2021-12-03 07:34:39'),(361,6,'[{\"date\": \"Январь 2021\", \"text\": \"Тестирование системы мониторинга дорожного движения на площади тверской заставы\"}, {\"date\": \"Март 2021\", \"text\": \"Тестирование системы адаптивного регулирования в Люблино и Новомосковском\"}, {\"date\": \"Май 2021\", \"text\": \"Тестирование системы учета посетителей / пассажиропотока на транспортном пересадочном узле и в местах скопления людей\"}]','http://innoapi.cyberbobs.xsph.ru/Shablon_otchyota_o_rezultatakh_pilota_v6_2021_10_26.docx',299,'2021-12-03 07:34:39','2021-12-03 07:34:39'),(362,6,'[{\"date\": \"Январь 2021\", \"text\": \"Тестирование системы мониторинга дорожного движения на площади тверской заставы\"}, {\"date\": \"Март 2021\", \"text\": \"Тестирование системы адаптивного регулирования в Люблино и Новомосковском\"}, {\"date\": \"Май 2021\", \"text\": \"Тестирование системы учета посетителей / пассажиропотока на транспортном пересадочном узле и в местах скопления людей\"}]','http://innoapi.cyberbobs.xsph.ru/Shablon_otchyota_o_rezultatakh_pilota_v6_2021_10_26.docx',300,'2021-12-03 07:34:39','2021-12-03 07:34:39'),(363,6,'[{\"date\": \"Январь 2021\", \"text\": \"Тестирование системы мониторинга дорожного движения на площади тверской заставы\"}, {\"date\": \"Март 2021\", \"text\": \"Тестирование системы адаптивного регулирования в Люблино и Новомосковском\"}, {\"date\": \"Май 2021\", \"text\": \"Тестирование системы учета посетителей / пассажиропотока на транспортном пересадочном узле и в местах скопления людей\"}]','http://innoapi.cyberbobs.xsph.ru/Shablon_otchyota_o_rezultatakh_pilota_v6_2021_10_26.docx',301,'2021-12-03 07:34:39','2021-12-03 07:34:39'),(364,6,'[{\"date\": \"Январь 2021\", \"text\": \"Тестирование системы мониторинга дорожного движения на площади тверской заставы\"}, {\"date\": \"Март 2021\", \"text\": \"Тестирование системы адаптивного регулирования в Люблино и Новомосковском\"}, {\"date\": \"Май 2021\", \"text\": \"Тестирование системы учета посетителей / пассажиропотока на транспортном пересадочном узле и в местах скопления людей\"}]','http://innoapi.cyberbobs.xsph.ru/Shablon_otchyota_o_rezultatakh_pilota_v6_2021_10_26.docx',301,'2021-12-03 07:34:39','2021-12-03 07:34:39'),(365,6,'[{\"date\": \"Январь 2021\", \"text\": \"Тестирование системы мониторинга дорожного движения на площади тверской заставы\"}, {\"date\": \"Март 2021\", \"text\": \"Тестирование системы адаптивного регулирования в Люблино и Новомосковском\"}, {\"date\": \"Май 2021\", \"text\": \"Тестирование системы учета посетителей / пассажиропотока на транспортном пересадочном узле и в местах скопления людей\"}]','http://innoapi.cyberbobs.xsph.ru/Shablon_otchyota_o_rezultatakh_pilota_v6_2021_10_26.docx',301,'2021-12-03 07:34:39','2021-12-03 07:34:39'),(366,6,'[{\"date\": \"Январь 2021\", \"text\": \"Тестирование системы мониторинга дорожного движения на площади тверской заставы\"}, {\"date\": \"Март 2021\", \"text\": \"Тестирование системы адаптивного регулирования в Люблино и Новомосковском\"}, {\"date\": \"Май 2021\", \"text\": \"Тестирование системы учета посетителей / пассажиропотока на транспортном пересадочном узле и в местах скопления людей\"}]','http://innoapi.cyberbobs.xsph.ru/Shablon_otchyota_o_rezultatakh_pilota_v6_2021_10_26.docx',302,'2021-12-03 07:34:39','2021-12-03 07:34:39'),(367,6,'[{\"date\": \"Январь 2021\", \"text\": \"Тестирование системы мониторинга дорожного движения на площади тверской заставы\"}, {\"date\": \"Март 2021\", \"text\": \"Тестирование системы адаптивного регулирования в Люблино и Новомосковском\"}, {\"date\": \"Май 2021\", \"text\": \"Тестирование системы учета посетителей / пассажиропотока на транспортном пересадочном узле и в местах скопления людей\"}]','http://innoapi.cyberbobs.xsph.ru/Shablon_otchyota_o_rezultatakh_pilota_v6_2021_10_26.docx',302,'2021-12-03 07:34:39','2021-12-03 07:34:39'),(368,6,'[{\"date\": \"Январь 2021\", \"text\": \"Тестирование системы мониторинга дорожного движения на площади тверской заставы\"}, {\"date\": \"Март 2021\", \"text\": \"Тестирование системы адаптивного регулирования в Люблино и Новомосковском\"}, {\"date\": \"Май 2021\", \"text\": \"Тестирование системы учета посетителей / пассажиропотока на транспортном пересадочном узле и в местах скопления людей\"}]','http://innoapi.cyberbobs.xsph.ru/Shablon_otchyota_o_rezultatakh_pilota_v6_2021_10_26.docx',302,'2021-12-03 07:34:40','2021-12-03 07:34:40'),(369,6,'[{\"date\": \"Январь 2021\", \"text\": \"Тестирование системы мониторинга дорожного движения на площади тверской заставы\"}, {\"date\": \"Март 2021\", \"text\": \"Тестирование системы адаптивного регулирования в Люблино и Новомосковском\"}, {\"date\": \"Май 2021\", \"text\": \"Тестирование системы учета посетителей / пассажиропотока на транспортном пересадочном узле и в местах скопления людей\"}]','http://innoapi.cyberbobs.xsph.ru/Shablon_otchyota_o_rezultatakh_pilota_v6_2021_10_26.docx',303,'2021-12-03 07:34:40','2021-12-03 07:34:40'),(370,6,'[{\"date\": \"Январь 2021\", \"text\": \"Тестирование системы мониторинга дорожного движения на площади тверской заставы\"}, {\"date\": \"Март 2021\", \"text\": \"Тестирование системы адаптивного регулирования в Люблино и Новомосковском\"}, {\"date\": \"Май 2021\", \"text\": \"Тестирование системы учета посетителей / пассажиропотока на транспортном пересадочном узле и в местах скопления людей\"}]','http://innoapi.cyberbobs.xsph.ru/Shablon_otchyota_o_rezultatakh_pilota_v6_2021_10_26.docx',303,'2021-12-03 07:34:40','2021-12-03 07:34:40'),(371,6,'[{\"date\": \"Январь 2021\", \"text\": \"Тестирование системы мониторинга дорожного движения на площади тверской заставы\"}, {\"date\": \"Март 2021\", \"text\": \"Тестирование системы адаптивного регулирования в Люблино и Новомосковском\"}, {\"date\": \"Май 2021\", \"text\": \"Тестирование системы учета посетителей / пассажиропотока на транспортном пересадочном узле и в местах скопления людей\"}]','http://innoapi.cyberbobs.xsph.ru/Shablon_otchyota_o_rezultatakh_pilota_v6_2021_10_26.docx',304,'2021-12-03 07:34:40','2021-12-03 07:34:40'),(372,6,'[{\"date\": \"Январь 2021\", \"text\": \"Тестирование системы мониторинга дорожного движения на площади тверской заставы\"}, {\"date\": \"Март 2021\", \"text\": \"Тестирование системы адаптивного регулирования в Люблино и Новомосковском\"}, {\"date\": \"Май 2021\", \"text\": \"Тестирование системы учета посетителей / пассажиропотока на транспортном пересадочном узле и в местах скопления людей\"}]','http://innoapi.cyberbobs.xsph.ru/Shablon_otchyota_o_rezultatakh_pilota_v6_2021_10_26.docx',304,'2021-12-03 07:34:40','2021-12-03 07:34:40'),(373,6,'[{\"date\": \"Январь 2021\", \"text\": \"Тестирование системы мониторинга дорожного движения на площади тверской заставы\"}, {\"date\": \"Март 2021\", \"text\": \"Тестирование системы адаптивного регулирования в Люблино и Новомосковском\"}, {\"date\": \"Май 2021\", \"text\": \"Тестирование системы учета посетителей / пассажиропотока на транспортном пересадочном узле и в местах скопления людей\"}]','http://innoapi.cyberbobs.xsph.ru/Shablon_otchyota_o_rezultatakh_pilota_v6_2021_10_26.docx',305,'2021-12-03 07:34:40','2021-12-03 07:34:40'),(374,6,'[{\"date\": \"Январь 2021\", \"text\": \"Тестирование системы мониторинга дорожного движения на площади тверской заставы\"}, {\"date\": \"Март 2021\", \"text\": \"Тестирование системы адаптивного регулирования в Люблино и Новомосковском\"}, {\"date\": \"Май 2021\", \"text\": \"Тестирование системы учета посетителей / пассажиропотока на транспортном пересадочном узле и в местах скопления людей\"}]','http://innoapi.cyberbobs.xsph.ru/Shablon_otchyota_o_rezultatakh_pilota_v6_2021_10_26.docx',305,'2021-12-03 07:34:40','2021-12-03 07:34:40'),(375,6,'[{\"date\": \"Январь 2021\", \"text\": \"Тестирование системы мониторинга дорожного движения на площади тверской заставы\"}, {\"date\": \"Март 2021\", \"text\": \"Тестирование системы адаптивного регулирования в Люблино и Новомосковском\"}, {\"date\": \"Май 2021\", \"text\": \"Тестирование системы учета посетителей / пассажиропотока на транспортном пересадочном узле и в местах скопления людей\"}]','http://innoapi.cyberbobs.xsph.ru/Shablon_otchyota_o_rezultatakh_pilota_v6_2021_10_26.docx',306,'2021-12-03 07:34:40','2021-12-03 07:34:40'),(376,6,'[{\"date\": \"Январь 2021\", \"text\": \"Тестирование системы мониторинга дорожного движения на площади тверской заставы\"}, {\"date\": \"Март 2021\", \"text\": \"Тестирование системы адаптивного регулирования в Люблино и Новомосковском\"}, {\"date\": \"Май 2021\", \"text\": \"Тестирование системы учета посетителей / пассажиропотока на транспортном пересадочном узле и в местах скопления людей\"}]','http://innoapi.cyberbobs.xsph.ru/Shablon_otchyota_o_rezultatakh_pilota_v6_2021_10_26.docx',306,'2021-12-03 07:34:40','2021-12-03 07:34:40'),(377,6,'[{\"date\": \"Январь 2021\", \"text\": \"Тестирование системы мониторинга дорожного движения на площади тверской заставы\"}, {\"date\": \"Март 2021\", \"text\": \"Тестирование системы адаптивного регулирования в Люблино и Новомосковском\"}, {\"date\": \"Май 2021\", \"text\": \"Тестирование системы учета посетителей / пассажиропотока на транспортном пересадочном узле и в местах скопления людей\"}]','http://innoapi.cyberbobs.xsph.ru/Shablon_otchyota_o_rezultatakh_pilota_v6_2021_10_26.docx',306,'2021-12-03 07:34:40','2021-12-03 07:34:40'),(378,6,'[{\"date\": \"Январь 2021\", \"text\": \"Тестирование системы мониторинга дорожного движения на площади тверской заставы\"}, {\"date\": \"Март 2021\", \"text\": \"Тестирование системы адаптивного регулирования в Люблино и Новомосковском\"}, {\"date\": \"Май 2021\", \"text\": \"Тестирование системы учета посетителей / пассажиропотока на транспортном пересадочном узле и в местах скопления людей\"}]','http://innoapi.cyberbobs.xsph.ru/Shablon_otchyota_o_rezultatakh_pilota_v6_2021_10_26.docx',307,'2021-12-03 07:34:40','2021-12-03 07:34:40'),(379,6,'[{\"date\": \"Январь 2021\", \"text\": \"Тестирование системы мониторинга дорожного движения на площади тверской заставы\"}, {\"date\": \"Март 2021\", \"text\": \"Тестирование системы адаптивного регулирования в Люблино и Новомосковском\"}, {\"date\": \"Май 2021\", \"text\": \"Тестирование системы учета посетителей / пассажиропотока на транспортном пересадочном узле и в местах скопления людей\"}]','http://innoapi.cyberbobs.xsph.ru/Shablon_otchyota_o_rezultatakh_pilota_v6_2021_10_26.docx',307,'2021-12-03 07:34:40','2021-12-03 07:34:40'),(380,6,'[{\"date\": \"Январь 2021\", \"text\": \"Тестирование системы мониторинга дорожного движения на площади тверской заставы\"}, {\"date\": \"Март 2021\", \"text\": \"Тестирование системы адаптивного регулирования в Люблино и Новомосковском\"}, {\"date\": \"Май 2021\", \"text\": \"Тестирование системы учета посетителей / пассажиропотока на транспортном пересадочном узле и в местах скопления людей\"}]','http://innoapi.cyberbobs.xsph.ru/Shablon_otchyota_o_rezultatakh_pilota_v6_2021_10_26.docx',307,'2021-12-03 07:34:40','2021-12-03 07:34:40'),(381,6,'[{\"date\": \"Январь 2021\", \"text\": \"Тестирование системы мониторинга дорожного движения на площади тверской заставы\"}, {\"date\": \"Март 2021\", \"text\": \"Тестирование системы адаптивного регулирования в Люблино и Новомосковском\"}, {\"date\": \"Май 2021\", \"text\": \"Тестирование системы учета посетителей / пассажиропотока на транспортном пересадочном узле и в местах скопления людей\"}]','http://innoapi.cyberbobs.xsph.ru/Shablon_otchyota_o_rezultatakh_pilota_v6_2021_10_26.docx',308,'2021-12-03 07:34:40','2021-12-03 07:34:40'),(382,6,'[{\"date\": \"Январь 2021\", \"text\": \"Тестирование системы мониторинга дорожного движения на площади тверской заставы\"}, {\"date\": \"Март 2021\", \"text\": \"Тестирование системы адаптивного регулирования в Люблино и Новомосковском\"}, {\"date\": \"Май 2021\", \"text\": \"Тестирование системы учета посетителей / пассажиропотока на транспортном пересадочном узле и в местах скопления людей\"}]','http://innoapi.cyberbobs.xsph.ru/Shablon_otchyota_o_rezultatakh_pilota_v6_2021_10_26.docx',308,'2021-12-03 07:34:40','2021-12-03 07:34:40'),(383,6,'[{\"date\": \"Январь 2021\", \"text\": \"Тестирование системы мониторинга дорожного движения на площади тверской заставы\"}, {\"date\": \"Март 2021\", \"text\": \"Тестирование системы адаптивного регулирования в Люблино и Новомосковском\"}, {\"date\": \"Май 2021\", \"text\": \"Тестирование системы учета посетителей / пассажиропотока на транспортном пересадочном узле и в местах скопления людей\"}]','http://innoapi.cyberbobs.xsph.ru/Shablon_otchyota_o_rezultatakh_pilota_v6_2021_10_26.docx',309,'2021-12-03 07:34:40','2021-12-03 07:34:40'),(384,6,'[{\"date\": \"Январь 2021\", \"text\": \"Тестирование системы мониторинга дорожного движения на площади тверской заставы\"}, {\"date\": \"Март 2021\", \"text\": \"Тестирование системы адаптивного регулирования в Люблино и Новомосковском\"}, {\"date\": \"Май 2021\", \"text\": \"Тестирование системы учета посетителей / пассажиропотока на транспортном пересадочном узле и в местах скопления людей\"}]','http://innoapi.cyberbobs.xsph.ru/Shablon_otchyota_o_rezultatakh_pilota_v6_2021_10_26.docx',309,'2021-12-03 07:34:40','2021-12-03 07:34:40'),(385,6,'[{\"date\": \"Январь 2021\", \"text\": \"Тестирование системы мониторинга дорожного движения на площади тверской заставы\"}, {\"date\": \"Март 2021\", \"text\": \"Тестирование системы адаптивного регулирования в Люблино и Новомосковском\"}, {\"date\": \"Май 2021\", \"text\": \"Тестирование системы учета посетителей / пассажиропотока на транспортном пересадочном узле и в местах скопления людей\"}]','http://innoapi.cyberbobs.xsph.ru/Shablon_otchyota_o_rezultatakh_pilota_v6_2021_10_26.docx',309,'2021-12-03 07:34:40','2021-12-03 07:34:40'),(386,6,'[{\"date\": \"Январь 2021\", \"text\": \"Тестирование системы мониторинга дорожного движения на площади тверской заставы\"}, {\"date\": \"Март 2021\", \"text\": \"Тестирование системы адаптивного регулирования в Люблино и Новомосковском\"}, {\"date\": \"Май 2021\", \"text\": \"Тестирование системы учета посетителей / пассажиропотока на транспортном пересадочном узле и в местах скопления людей\"}]','http://innoapi.cyberbobs.xsph.ru/Shablon_otchyota_o_rezultatakh_pilota_v6_2021_10_26.docx',310,'2021-12-03 07:34:40','2021-12-03 07:34:40'),(387,6,'[{\"date\": \"Январь 2021\", \"text\": \"Тестирование системы мониторинга дорожного движения на площади тверской заставы\"}, {\"date\": \"Март 2021\", \"text\": \"Тестирование системы адаптивного регулирования в Люблино и Новомосковском\"}, {\"date\": \"Май 2021\", \"text\": \"Тестирование системы учета посетителей / пассажиропотока на транспортном пересадочном узле и в местах скопления людей\"}]','http://innoapi.cyberbobs.xsph.ru/Shablon_otchyota_o_rezultatakh_pilota_v6_2021_10_26.docx',310,'2021-12-03 07:34:40','2021-12-03 07:34:40'),(388,6,'[{\"date\": \"Январь 2021\", \"text\": \"Тестирование системы мониторинга дорожного движения на площади тверской заставы\"}, {\"date\": \"Март 2021\", \"text\": \"Тестирование системы адаптивного регулирования в Люблино и Новомосковском\"}, {\"date\": \"Май 2021\", \"text\": \"Тестирование системы учета посетителей / пассажиропотока на транспортном пересадочном узле и в местах скопления людей\"}]','http://innoapi.cyberbobs.xsph.ru/Shablon_otchyota_o_rezultatakh_pilota_v6_2021_10_26.docx',311,'2021-12-03 07:34:40','2021-12-03 07:34:40'),(389,6,'[{\"date\": \"Январь 2021\", \"text\": \"Тестирование системы мониторинга дорожного движения на площади тверской заставы\"}, {\"date\": \"Март 2021\", \"text\": \"Тестирование системы адаптивного регулирования в Люблино и Новомосковском\"}, {\"date\": \"Май 2021\", \"text\": \"Тестирование системы учета посетителей / пассажиропотока на транспортном пересадочном узле и в местах скопления людей\"}]','http://innoapi.cyberbobs.xsph.ru/Shablon_otchyota_o_rezultatakh_pilota_v6_2021_10_26.docx',311,'2021-12-03 07:34:40','2021-12-03 07:34:40'),(390,6,'[{\"date\": \"Январь 2021\", \"text\": \"Тестирование системы мониторинга дорожного движения на площади тверской заставы\"}, {\"date\": \"Март 2021\", \"text\": \"Тестирование системы адаптивного регулирования в Люблино и Новомосковском\"}, {\"date\": \"Май 2021\", \"text\": \"Тестирование системы учета посетителей / пассажиропотока на транспортном пересадочном узле и в местах скопления людей\"}]','http://innoapi.cyberbobs.xsph.ru/Shablon_otchyota_o_rezultatakh_pilota_v6_2021_10_26.docx',312,'2021-12-03 07:34:40','2021-12-03 07:34:40'),(391,6,'[{\"date\": \"Январь 2021\", \"text\": \"Тестирование системы мониторинга дорожного движения на площади тверской заставы\"}, {\"date\": \"Март 2021\", \"text\": \"Тестирование системы адаптивного регулирования в Люблино и Новомосковском\"}, {\"date\": \"Май 2021\", \"text\": \"Тестирование системы учета посетителей / пассажиропотока на транспортном пересадочном узле и в местах скопления людей\"}]','http://innoapi.cyberbobs.xsph.ru/Shablon_otchyota_o_rezultatakh_pilota_v6_2021_10_26.docx',312,'2021-12-03 07:34:40','2021-12-03 07:34:40'),(392,6,'[{\"date\": \"Январь 2021\", \"text\": \"Тестирование системы мониторинга дорожного движения на площади тверской заставы\"}, {\"date\": \"Март 2021\", \"text\": \"Тестирование системы адаптивного регулирования в Люблино и Новомосковском\"}, {\"date\": \"Май 2021\", \"text\": \"Тестирование системы учета посетителей / пассажиропотока на транспортном пересадочном узле и в местах скопления людей\"}]','http://innoapi.cyberbobs.xsph.ru/Shablon_otchyota_o_rezultatakh_pilota_v6_2021_10_26.docx',312,'2021-12-03 07:34:40','2021-12-03 07:34:40'),(393,6,'[{\"date\": \"Январь 2021\", \"text\": \"Тестирование системы мониторинга дорожного движения на площади тверской заставы\"}, {\"date\": \"Март 2021\", \"text\": \"Тестирование системы адаптивного регулирования в Люблино и Новомосковском\"}, {\"date\": \"Май 2021\", \"text\": \"Тестирование системы учета посетителей / пассажиропотока на транспортном пересадочном узле и в местах скопления людей\"}]','http://innoapi.cyberbobs.xsph.ru/Shablon_otchyota_o_rezultatakh_pilota_v6_2021_10_26.docx',313,'2021-12-03 07:34:40','2021-12-03 07:34:40'),(394,6,'[{\"date\": \"Январь 2021\", \"text\": \"Тестирование системы мониторинга дорожного движения на площади тверской заставы\"}, {\"date\": \"Март 2021\", \"text\": \"Тестирование системы адаптивного регулирования в Люблино и Новомосковском\"}, {\"date\": \"Май 2021\", \"text\": \"Тестирование системы учета посетителей / пассажиропотока на транспортном пересадочном узле и в местах скопления людей\"}]','http://innoapi.cyberbobs.xsph.ru/Shablon_otchyota_o_rezultatakh_pilota_v6_2021_10_26.docx',313,'2021-12-03 07:34:40','2021-12-03 07:34:40'),(395,6,'[{\"date\": \"Январь 2021\", \"text\": \"Тестирование системы мониторинга дорожного движения на площади тверской заставы\"}, {\"date\": \"Март 2021\", \"text\": \"Тестирование системы адаптивного регулирования в Люблино и Новомосковском\"}, {\"date\": \"Май 2021\", \"text\": \"Тестирование системы учета посетителей / пассажиропотока на транспортном пересадочном узле и в местах скопления людей\"}]','http://innoapi.cyberbobs.xsph.ru/Shablon_otchyota_o_rezultatakh_pilota_v6_2021_10_26.docx',313,'2021-12-03 07:34:40','2021-12-03 07:34:40'),(396,6,'[{\"date\": \"Январь 2021\", \"text\": \"Тестирование системы мониторинга дорожного движения на площади тверской заставы\"}, {\"date\": \"Март 2021\", \"text\": \"Тестирование системы адаптивного регулирования в Люблино и Новомосковском\"}, {\"date\": \"Май 2021\", \"text\": \"Тестирование системы учета посетителей / пассажиропотока на транспортном пересадочном узле и в местах скопления людей\"}]','http://innoapi.cyberbobs.xsph.ru/Shablon_otchyota_o_rezultatakh_pilota_v6_2021_10_26.docx',314,'2021-12-03 07:34:40','2021-12-03 07:34:40'),(397,6,'[{\"date\": \"Январь 2021\", \"text\": \"Тестирование системы мониторинга дорожного движения на площади тверской заставы\"}, {\"date\": \"Март 2021\", \"text\": \"Тестирование системы адаптивного регулирования в Люблино и Новомосковском\"}, {\"date\": \"Май 2021\", \"text\": \"Тестирование системы учета посетителей / пассажиропотока на транспортном пересадочном узле и в местах скопления людей\"}]','http://innoapi.cyberbobs.xsph.ru/Shablon_otchyota_o_rezultatakh_pilota_v6_2021_10_26.docx',314,'2021-12-03 07:34:40','2021-12-03 07:34:40'),(398,6,'[{\"date\": \"Январь 2021\", \"text\": \"Тестирование системы мониторинга дорожного движения на площади тверской заставы\"}, {\"date\": \"Март 2021\", \"text\": \"Тестирование системы адаптивного регулирования в Люблино и Новомосковском\"}, {\"date\": \"Май 2021\", \"text\": \"Тестирование системы учета посетителей / пассажиропотока на транспортном пересадочном узле и в местах скопления людей\"}]','http://innoapi.cyberbobs.xsph.ru/Shablon_otchyota_o_rezultatakh_pilota_v6_2021_10_26.docx',314,'2021-12-03 07:34:40','2021-12-03 07:34:40'),(399,6,'[{\"date\": \"Январь 2021\", \"text\": \"Тестирование системы мониторинга дорожного движения на площади тверской заставы\"}, {\"date\": \"Март 2021\", \"text\": \"Тестирование системы адаптивного регулирования в Люблино и Новомосковском\"}, {\"date\": \"Май 2021\", \"text\": \"Тестирование системы учета посетителей / пассажиропотока на транспортном пересадочном узле и в местах скопления людей\"}]','http://innoapi.cyberbobs.xsph.ru/Shablon_otchyota_o_rezultatakh_pilota_v6_2021_10_26.docx',315,'2021-12-03 07:34:40','2021-12-03 07:34:40'),(400,6,'[{\"date\": \"Январь 2021\", \"text\": \"Тестирование системы мониторинга дорожного движения на площади тверской заставы\"}, {\"date\": \"Март 2021\", \"text\": \"Тестирование системы адаптивного регулирования в Люблино и Новомосковском\"}, {\"date\": \"Май 2021\", \"text\": \"Тестирование системы учета посетителей / пассажиропотока на транспортном пересадочном узле и в местах скопления людей\"}]','http://innoapi.cyberbobs.xsph.ru/Shablon_otchyota_o_rezultatakh_pilota_v6_2021_10_26.docx',316,'2021-12-03 07:34:40','2021-12-03 07:34:40'),(401,6,'[{\"date\": \"Январь 2021\", \"text\": \"Тестирование системы мониторинга дорожного движения на площади тверской заставы\"}, {\"date\": \"Март 2021\", \"text\": \"Тестирование системы адаптивного регулирования в Люблино и Новомосковском\"}, {\"date\": \"Май 2021\", \"text\": \"Тестирование системы учета посетителей / пассажиропотока на транспортном пересадочном узле и в местах скопления людей\"}]','http://innoapi.cyberbobs.xsph.ru/Shablon_otchyota_o_rezultatakh_pilota_v6_2021_10_26.docx',316,'2021-12-03 07:34:40','2021-12-03 07:34:40'),(402,6,'[{\"date\": \"Январь 2021\", \"text\": \"Тестирование системы мониторинга дорожного движения на площади тверской заставы\"}, {\"date\": \"Март 2021\", \"text\": \"Тестирование системы адаптивного регулирования в Люблино и Новомосковском\"}, {\"date\": \"Май 2021\", \"text\": \"Тестирование системы учета посетителей / пассажиропотока на транспортном пересадочном узле и в местах скопления людей\"}]','http://innoapi.cyberbobs.xsph.ru/Shablon_otchyota_o_rezultatakh_pilota_v6_2021_10_26.docx',316,'2021-12-03 07:34:40','2021-12-03 07:34:40'),(403,6,'[{\"date\": \"Январь 2021\", \"text\": \"Тестирование системы мониторинга дорожного движения на площади тверской заставы\"}, {\"date\": \"Март 2021\", \"text\": \"Тестирование системы адаптивного регулирования в Люблино и Новомосковском\"}, {\"date\": \"Май 2021\", \"text\": \"Тестирование системы учета посетителей / пассажиропотока на транспортном пересадочном узле и в местах скопления людей\"}]','http://innoapi.cyberbobs.xsph.ru/Shablon_otchyota_o_rezultatakh_pilota_v6_2021_10_26.docx',317,'2021-12-03 07:34:40','2021-12-03 07:34:40'),(404,6,'[{\"date\": \"Январь 2021\", \"text\": \"Тестирование системы мониторинга дорожного движения на площади тверской заставы\"}, {\"date\": \"Март 2021\", \"text\": \"Тестирование системы адаптивного регулирования в Люблино и Новомосковском\"}, {\"date\": \"Май 2021\", \"text\": \"Тестирование системы учета посетителей / пассажиропотока на транспортном пересадочном узле и в местах скопления людей\"}]','http://innoapi.cyberbobs.xsph.ru/Shablon_otchyota_o_rezultatakh_pilota_v6_2021_10_26.docx',317,'2021-12-03 07:34:40','2021-12-03 07:34:40'),(405,6,'[{\"date\": \"Январь 2021\", \"text\": \"Тестирование системы мониторинга дорожного движения на площади тверской заставы\"}, {\"date\": \"Март 2021\", \"text\": \"Тестирование системы адаптивного регулирования в Люблино и Новомосковском\"}, {\"date\": \"Май 2021\", \"text\": \"Тестирование системы учета посетителей / пассажиропотока на транспортном пересадочном узле и в местах скопления людей\"}]','http://innoapi.cyberbobs.xsph.ru/Shablon_otchyota_o_rezultatakh_pilota_v6_2021_10_26.docx',317,'2021-12-03 07:34:40','2021-12-03 07:34:40'),(406,6,'[{\"date\": \"Январь 2021\", \"text\": \"Тестирование системы мониторинга дорожного движения на площади тверской заставы\"}, {\"date\": \"Март 2021\", \"text\": \"Тестирование системы адаптивного регулирования в Люблино и Новомосковском\"}, {\"date\": \"Май 2021\", \"text\": \"Тестирование системы учета посетителей / пассажиропотока на транспортном пересадочном узле и в местах скопления людей\"}]','http://innoapi.cyberbobs.xsph.ru/Shablon_otchyota_o_rezultatakh_pilota_v6_2021_10_26.docx',318,'2021-12-03 07:34:40','2021-12-03 07:34:40'),(407,6,'[{\"date\": \"Январь 2021\", \"text\": \"Тестирование системы мониторинга дорожного движения на площади тверской заставы\"}, {\"date\": \"Март 2021\", \"text\": \"Тестирование системы адаптивного регулирования в Люблино и Новомосковском\"}, {\"date\": \"Май 2021\", \"text\": \"Тестирование системы учета посетителей / пассажиропотока на транспортном пересадочном узле и в местах скопления людей\"}]','http://innoapi.cyberbobs.xsph.ru/Shablon_otchyota_o_rezultatakh_pilota_v6_2021_10_26.docx',318,'2021-12-03 07:34:40','2021-12-03 07:34:40'),(408,6,'[{\"date\": \"Январь 2021\", \"text\": \"Тестирование системы мониторинга дорожного движения на площади тверской заставы\"}, {\"date\": \"Март 2021\", \"text\": \"Тестирование системы адаптивного регулирования в Люблино и Новомосковском\"}, {\"date\": \"Май 2021\", \"text\": \"Тестирование системы учета посетителей / пассажиропотока на транспортном пересадочном узле и в местах скопления людей\"}]','http://innoapi.cyberbobs.xsph.ru/Shablon_otchyota_o_rezultatakh_pilota_v6_2021_10_26.docx',318,'2021-12-03 07:34:40','2021-12-03 07:34:40'),(409,6,'[{\"date\": \"Январь 2021\", \"text\": \"Тестирование системы мониторинга дорожного движения на площади тверской заставы\"}, {\"date\": \"Март 2021\", \"text\": \"Тестирование системы адаптивного регулирования в Люблино и Новомосковском\"}, {\"date\": \"Май 2021\", \"text\": \"Тестирование системы учета посетителей / пассажиропотока на транспортном пересадочном узле и в местах скопления людей\"}]','http://innoapi.cyberbobs.xsph.ru/Shablon_otchyota_o_rezultatakh_pilota_v6_2021_10_26.docx',319,'2021-12-03 07:34:40','2021-12-03 07:34:40'),(410,6,'[{\"date\": \"Январь 2021\", \"text\": \"Тестирование системы мониторинга дорожного движения на площади тверской заставы\"}, {\"date\": \"Март 2021\", \"text\": \"Тестирование системы адаптивного регулирования в Люблино и Новомосковском\"}, {\"date\": \"Май 2021\", \"text\": \"Тестирование системы учета посетителей / пассажиропотока на транспортном пересадочном узле и в местах скопления людей\"}]','http://innoapi.cyberbobs.xsph.ru/Shablon_otchyota_o_rezultatakh_pilota_v6_2021_10_26.docx',319,'2021-12-03 07:34:40','2021-12-03 07:34:40'),(411,6,'[{\"date\": \"Январь 2021\", \"text\": \"Тестирование системы мониторинга дорожного движения на площади тверской заставы\"}, {\"date\": \"Март 2021\", \"text\": \"Тестирование системы адаптивного регулирования в Люблино и Новомосковском\"}, {\"date\": \"Май 2021\", \"text\": \"Тестирование системы учета посетителей / пассажиропотока на транспортном пересадочном узле и в местах скопления людей\"}]','http://innoapi.cyberbobs.xsph.ru/Shablon_otchyota_o_rezultatakh_pilota_v6_2021_10_26.docx',320,'2021-12-03 07:34:40','2021-12-03 07:34:40'),(412,6,'[{\"date\": \"Январь 2021\", \"text\": \"Тестирование системы мониторинга дорожного движения на площади тверской заставы\"}, {\"date\": \"Март 2021\", \"text\": \"Тестирование системы адаптивного регулирования в Люблино и Новомосковском\"}, {\"date\": \"Май 2021\", \"text\": \"Тестирование системы учета посетителей / пассажиропотока на транспортном пересадочном узле и в местах скопления людей\"}]','http://innoapi.cyberbobs.xsph.ru/Shablon_otchyota_o_rezultatakh_pilota_v6_2021_10_26.docx',320,'2021-12-03 07:34:40','2021-12-03 07:34:40'),(413,6,'[{\"date\": \"Январь 2021\", \"text\": \"Тестирование системы мониторинга дорожного движения на площади тверской заставы\"}, {\"date\": \"Март 2021\", \"text\": \"Тестирование системы адаптивного регулирования в Люблино и Новомосковском\"}, {\"date\": \"Май 2021\", \"text\": \"Тестирование системы учета посетителей / пассажиропотока на транспортном пересадочном узле и в местах скопления людей\"}]','http://innoapi.cyberbobs.xsph.ru/Shablon_otchyota_o_rezultatakh_pilota_v6_2021_10_26.docx',320,'2021-12-03 07:34:40','2021-12-03 07:34:40'),(414,6,'[{\"date\": \"Январь 2021\", \"text\": \"Тестирование системы мониторинга дорожного движения на площади тверской заставы\"}, {\"date\": \"Март 2021\", \"text\": \"Тестирование системы адаптивного регулирования в Люблино и Новомосковском\"}, {\"date\": \"Май 2021\", \"text\": \"Тестирование системы учета посетителей / пассажиропотока на транспортном пересадочном узле и в местах скопления людей\"}]','http://innoapi.cyberbobs.xsph.ru/Shablon_otchyota_o_rezultatakh_pilota_v6_2021_10_26.docx',321,'2021-12-03 07:34:40','2021-12-03 07:34:40'),(415,6,'[{\"date\": \"Январь 2021\", \"text\": \"Тестирование системы мониторинга дорожного движения на площади тверской заставы\"}, {\"date\": \"Март 2021\", \"text\": \"Тестирование системы адаптивного регулирования в Люблино и Новомосковском\"}, {\"date\": \"Май 2021\", \"text\": \"Тестирование системы учета посетителей / пассажиропотока на транспортном пересадочном узле и в местах скопления людей\"}]','http://innoapi.cyberbobs.xsph.ru/Shablon_otchyota_o_rezultatakh_pilota_v6_2021_10_26.docx',321,'2021-12-03 07:34:40','2021-12-03 07:34:40'),(416,6,'[{\"date\": \"Январь 2021\", \"text\": \"Тестирование системы мониторинга дорожного движения на площади тверской заставы\"}, {\"date\": \"Март 2021\", \"text\": \"Тестирование системы адаптивного регулирования в Люблино и Новомосковском\"}, {\"date\": \"Май 2021\", \"text\": \"Тестирование системы учета посетителей / пассажиропотока на транспортном пересадочном узле и в местах скопления людей\"}]','http://innoapi.cyberbobs.xsph.ru/Shablon_otchyota_o_rezultatakh_pilota_v6_2021_10_26.docx',321,'2021-12-03 07:34:40','2021-12-03 07:34:40'),(417,6,'[{\"date\": \"Январь 2021\", \"text\": \"Тестирование системы мониторинга дорожного движения на площади тверской заставы\"}, {\"date\": \"Март 2021\", \"text\": \"Тестирование системы адаптивного регулирования в Люблино и Новомосковском\"}, {\"date\": \"Май 2021\", \"text\": \"Тестирование системы учета посетителей / пассажиропотока на транспортном пересадочном узле и в местах скопления людей\"}]','http://innoapi.cyberbobs.xsph.ru/Shablon_otchyota_o_rezultatakh_pilota_v6_2021_10_26.docx',322,'2021-12-03 07:34:40','2021-12-03 07:34:40'),(418,6,'[{\"date\": \"Январь 2021\", \"text\": \"Тестирование системы мониторинга дорожного движения на площади тверской заставы\"}, {\"date\": \"Март 2021\", \"text\": \"Тестирование системы адаптивного регулирования в Люблино и Новомосковском\"}, {\"date\": \"Май 2021\", \"text\": \"Тестирование системы учета посетителей / пассажиропотока на транспортном пересадочном узле и в местах скопления людей\"}]','http://innoapi.cyberbobs.xsph.ru/Shablon_otchyota_o_rezultatakh_pilota_v6_2021_10_26.docx',323,'2021-12-03 07:34:40','2021-12-03 07:34:40'),(419,6,'[{\"date\": \"Январь 2021\", \"text\": \"Тестирование системы мониторинга дорожного движения на площади тверской заставы\"}, {\"date\": \"Март 2021\", \"text\": \"Тестирование системы адаптивного регулирования в Люблино и Новомосковском\"}, {\"date\": \"Май 2021\", \"text\": \"Тестирование системы учета посетителей / пассажиропотока на транспортном пересадочном узле и в местах скопления людей\"}]','http://innoapi.cyberbobs.xsph.ru/Shablon_otchyota_o_rezultatakh_pilota_v6_2021_10_26.docx',323,'2021-12-03 07:34:40','2021-12-03 07:34:40'),(420,6,'[{\"date\": \"Январь 2021\", \"text\": \"Тестирование системы мониторинга дорожного движения на площади тверской заставы\"}, {\"date\": \"Март 2021\", \"text\": \"Тестирование системы адаптивного регулирования в Люблино и Новомосковском\"}, {\"date\": \"Май 2021\", \"text\": \"Тестирование системы учета посетителей / пассажиропотока на транспортном пересадочном узле и в местах скопления людей\"}]','http://innoapi.cyberbobs.xsph.ru/Shablon_otchyota_o_rezultatakh_pilota_v6_2021_10_26.docx',324,'2021-12-03 07:34:40','2021-12-03 07:34:40'),(421,6,'[{\"date\": \"Январь 2021\", \"text\": \"Тестирование системы мониторинга дорожного движения на площади тверской заставы\"}, {\"date\": \"Март 2021\", \"text\": \"Тестирование системы адаптивного регулирования в Люблино и Новомосковском\"}, {\"date\": \"Май 2021\", \"text\": \"Тестирование системы учета посетителей / пассажиропотока на транспортном пересадочном узле и в местах скопления людей\"}]','http://innoapi.cyberbobs.xsph.ru/Shablon_otchyota_o_rezultatakh_pilota_v6_2021_10_26.docx',324,'2021-12-03 07:34:40','2021-12-03 07:34:40'),(422,6,'[{\"date\": \"Январь 2021\", \"text\": \"Тестирование системы мониторинга дорожного движения на площади тверской заставы\"}, {\"date\": \"Март 2021\", \"text\": \"Тестирование системы адаптивного регулирования в Люблино и Новомосковском\"}, {\"date\": \"Май 2021\", \"text\": \"Тестирование системы учета посетителей / пассажиропотока на транспортном пересадочном узле и в местах скопления людей\"}]','http://innoapi.cyberbobs.xsph.ru/Shablon_otchyota_o_rezultatakh_pilota_v6_2021_10_26.docx',325,'2021-12-03 07:34:40','2021-12-03 07:34:40'),(423,6,'[{\"date\": \"Январь 2021\", \"text\": \"Тестирование системы мониторинга дорожного движения на площади тверской заставы\"}, {\"date\": \"Март 2021\", \"text\": \"Тестирование системы адаптивного регулирования в Люблино и Новомосковском\"}, {\"date\": \"Май 2021\", \"text\": \"Тестирование системы учета посетителей / пассажиропотока на транспортном пересадочном узле и в местах скопления людей\"}]','http://innoapi.cyberbobs.xsph.ru/Shablon_otchyota_o_rezultatakh_pilota_v6_2021_10_26.docx',325,'2021-12-03 07:34:40','2021-12-03 07:34:40'),(424,6,'[{\"date\": \"Январь 2021\", \"text\": \"Тестирование системы мониторинга дорожного движения на площади тверской заставы\"}, {\"date\": \"Март 2021\", \"text\": \"Тестирование системы адаптивного регулирования в Люблино и Новомосковском\"}, {\"date\": \"Май 2021\", \"text\": \"Тестирование системы учета посетителей / пассажиропотока на транспортном пересадочном узле и в местах скопления людей\"}]','http://innoapi.cyberbobs.xsph.ru/Shablon_otchyota_o_rezultatakh_pilota_v6_2021_10_26.docx',326,'2021-12-03 07:34:40','2021-12-03 07:34:40'),(425,6,'[{\"date\": \"Январь 2021\", \"text\": \"Тестирование системы мониторинга дорожного движения на площади тверской заставы\"}, {\"date\": \"Март 2021\", \"text\": \"Тестирование системы адаптивного регулирования в Люблино и Новомосковском\"}, {\"date\": \"Май 2021\", \"text\": \"Тестирование системы учета посетителей / пассажиропотока на транспортном пересадочном узле и в местах скопления людей\"}]','http://innoapi.cyberbobs.xsph.ru/Shablon_otchyota_o_rezultatakh_pilota_v6_2021_10_26.docx',326,'2021-12-03 07:34:40','2021-12-03 07:34:40'),(426,6,'[{\"date\": \"Январь 2021\", \"text\": \"Тестирование системы мониторинга дорожного движения на площади тверской заставы\"}, {\"date\": \"Март 2021\", \"text\": \"Тестирование системы адаптивного регулирования в Люблино и Новомосковском\"}, {\"date\": \"Май 2021\", \"text\": \"Тестирование системы учета посетителей / пассажиропотока на транспортном пересадочном узле и в местах скопления людей\"}]','http://innoapi.cyberbobs.xsph.ru/Shablon_otchyota_o_rezultatakh_pilota_v6_2021_10_26.docx',326,'2021-12-03 07:34:40','2021-12-03 07:34:40'),(427,6,'[{\"date\": \"Январь 2021\", \"text\": \"Тестирование системы мониторинга дорожного движения на площади тверской заставы\"}, {\"date\": \"Март 2021\", \"text\": \"Тестирование системы адаптивного регулирования в Люблино и Новомосковском\"}, {\"date\": \"Май 2021\", \"text\": \"Тестирование системы учета посетителей / пассажиропотока на транспортном пересадочном узле и в местах скопления людей\"}]','http://innoapi.cyberbobs.xsph.ru/Shablon_otchyota_o_rezultatakh_pilota_v6_2021_10_26.docx',327,'2021-12-03 07:34:40','2021-12-03 07:34:40'),(428,6,'[{\"date\": \"Январь 2021\", \"text\": \"Тестирование системы мониторинга дорожного движения на площади тверской заставы\"}, {\"date\": \"Март 2021\", \"text\": \"Тестирование системы адаптивного регулирования в Люблино и Новомосковском\"}, {\"date\": \"Май 2021\", \"text\": \"Тестирование системы учета посетителей / пассажиропотока на транспортном пересадочном узле и в местах скопления людей\"}]','http://innoapi.cyberbobs.xsph.ru/Shablon_otchyota_o_rezultatakh_pilota_v6_2021_10_26.docx',327,'2021-12-03 07:34:40','2021-12-03 07:34:40'),(429,6,'[{\"date\": \"Январь 2021\", \"text\": \"Тестирование системы мониторинга дорожного движения на площади тверской заставы\"}, {\"date\": \"Март 2021\", \"text\": \"Тестирование системы адаптивного регулирования в Люблино и Новомосковском\"}, {\"date\": \"Май 2021\", \"text\": \"Тестирование системы учета посетителей / пассажиропотока на транспортном пересадочном узле и в местах скопления людей\"}]','http://innoapi.cyberbobs.xsph.ru/Shablon_otchyota_o_rezultatakh_pilota_v6_2021_10_26.docx',327,'2021-12-03 07:34:40','2021-12-03 07:34:40'),(430,6,'[{\"date\": \"Январь 2021\", \"text\": \"Тестирование системы мониторинга дорожного движения на площади тверской заставы\"}, {\"date\": \"Март 2021\", \"text\": \"Тестирование системы адаптивного регулирования в Люблино и Новомосковском\"}, {\"date\": \"Май 2021\", \"text\": \"Тестирование системы учета посетителей / пассажиропотока на транспортном пересадочном узле и в местах скопления людей\"}]','http://innoapi.cyberbobs.xsph.ru/Shablon_otchyota_o_rezultatakh_pilota_v6_2021_10_26.docx',328,'2021-12-03 07:34:40','2021-12-03 07:34:40'),(431,6,'[{\"date\": \"Январь 2021\", \"text\": \"Тестирование системы мониторинга дорожного движения на площади тверской заставы\"}, {\"date\": \"Март 2021\", \"text\": \"Тестирование системы адаптивного регулирования в Люблино и Новомосковском\"}, {\"date\": \"Май 2021\", \"text\": \"Тестирование системы учета посетителей / пассажиропотока на транспортном пересадочном узле и в местах скопления людей\"}]','http://innoapi.cyberbobs.xsph.ru/Shablon_otchyota_o_rezultatakh_pilota_v6_2021_10_26.docx',328,'2021-12-03 07:34:40','2021-12-03 07:34:40'),(432,6,'[{\"date\": \"Январь 2021\", \"text\": \"Тестирование системы мониторинга дорожного движения на площади тверской заставы\"}, {\"date\": \"Март 2021\", \"text\": \"Тестирование системы адаптивного регулирования в Люблино и Новомосковском\"}, {\"date\": \"Май 2021\", \"text\": \"Тестирование системы учета посетителей / пассажиропотока на транспортном пересадочном узле и в местах скопления людей\"}]','http://innoapi.cyberbobs.xsph.ru/Shablon_otchyota_o_rezultatakh_pilota_v6_2021_10_26.docx',328,'2021-12-03 07:34:40','2021-12-03 07:34:40'),(433,6,'[{\"date\": \"Январь 2021\", \"text\": \"Тестирование системы мониторинга дорожного движения на площади тверской заставы\"}, {\"date\": \"Март 2021\", \"text\": \"Тестирование системы адаптивного регулирования в Люблино и Новомосковском\"}, {\"date\": \"Май 2021\", \"text\": \"Тестирование системы учета посетителей / пассажиропотока на транспортном пересадочном узле и в местах скопления людей\"}]','http://innoapi.cyberbobs.xsph.ru/Shablon_otchyota_o_rezultatakh_pilota_v6_2021_10_26.docx',329,'2021-12-03 07:34:40','2021-12-03 07:34:40'),(434,6,'[{\"date\": \"Январь 2021\", \"text\": \"Тестирование системы мониторинга дорожного движения на площади тверской заставы\"}, {\"date\": \"Март 2021\", \"text\": \"Тестирование системы адаптивного регулирования в Люблино и Новомосковском\"}, {\"date\": \"Май 2021\", \"text\": \"Тестирование системы учета посетителей / пассажиропотока на транспортном пересадочном узле и в местах скопления людей\"}]','http://innoapi.cyberbobs.xsph.ru/Shablon_otchyota_o_rezultatakh_pilota_v6_2021_10_26.docx',329,'2021-12-03 07:34:40','2021-12-03 07:34:40'),(435,6,'[{\"date\": \"Январь 2021\", \"text\": \"Тестирование системы мониторинга дорожного движения на площади тверской заставы\"}, {\"date\": \"Март 2021\", \"text\": \"Тестирование системы адаптивного регулирования в Люблино и Новомосковском\"}, {\"date\": \"Май 2021\", \"text\": \"Тестирование системы учета посетителей / пассажиропотока на транспортном пересадочном узле и в местах скопления людей\"}]','http://innoapi.cyberbobs.xsph.ru/Shablon_otchyota_o_rezultatakh_pilota_v6_2021_10_26.docx',329,'2021-12-03 07:34:40','2021-12-03 07:34:40'),(436,6,'[{\"date\": \"Январь 2021\", \"text\": \"Тестирование системы мониторинга дорожного движения на площади тверской заставы\"}, {\"date\": \"Март 2021\", \"text\": \"Тестирование системы адаптивного регулирования в Люблино и Новомосковском\"}, {\"date\": \"Май 2021\", \"text\": \"Тестирование системы учета посетителей / пассажиропотока на транспортном пересадочном узле и в местах скопления людей\"}]','http://innoapi.cyberbobs.xsph.ru/Shablon_otchyota_o_rezultatakh_pilota_v6_2021_10_26.docx',330,'2021-12-03 07:34:40','2021-12-03 07:34:40'),(437,6,'[{\"date\": \"Январь 2021\", \"text\": \"Тестирование системы мониторинга дорожного движения на площади тверской заставы\"}, {\"date\": \"Март 2021\", \"text\": \"Тестирование системы адаптивного регулирования в Люблино и Новомосковском\"}, {\"date\": \"Май 2021\", \"text\": \"Тестирование системы учета посетителей / пассажиропотока на транспортном пересадочном узле и в местах скопления людей\"}]','http://innoapi.cyberbobs.xsph.ru/Shablon_otchyota_o_rezultatakh_pilota_v6_2021_10_26.docx',330,'2021-12-03 07:34:40','2021-12-03 07:34:40'),(438,6,'[{\"date\": \"Январь 2021\", \"text\": \"Тестирование системы мониторинга дорожного движения на площади тверской заставы\"}, {\"date\": \"Март 2021\", \"text\": \"Тестирование системы адаптивного регулирования в Люблино и Новомосковском\"}, {\"date\": \"Май 2021\", \"text\": \"Тестирование системы учета посетителей / пассажиропотока на транспортном пересадочном узле и в местах скопления людей\"}]','http://innoapi.cyberbobs.xsph.ru/Shablon_otchyota_o_rezultatakh_pilota_v6_2021_10_26.docx',330,'2021-12-03 07:34:40','2021-12-03 07:34:40'),(439,6,'[{\"date\": \"Январь 2021\", \"text\": \"Тестирование системы мониторинга дорожного движения на площади тверской заставы\"}, {\"date\": \"Март 2021\", \"text\": \"Тестирование системы адаптивного регулирования в Люблино и Новомосковском\"}, {\"date\": \"Май 2021\", \"text\": \"Тестирование системы учета посетителей / пассажиропотока на транспортном пересадочном узле и в местах скопления людей\"}]','http://innoapi.cyberbobs.xsph.ru/Shablon_otchyota_o_rezultatakh_pilota_v6_2021_10_26.docx',331,'2021-12-03 07:34:40','2021-12-03 07:34:40'),(440,6,'[{\"date\": \"Январь 2021\", \"text\": \"Тестирование системы мониторинга дорожного движения на площади тверской заставы\"}, {\"date\": \"Март 2021\", \"text\": \"Тестирование системы адаптивного регулирования в Люблино и Новомосковском\"}, {\"date\": \"Май 2021\", \"text\": \"Тестирование системы учета посетителей / пассажиропотока на транспортном пересадочном узле и в местах скопления людей\"}]','http://innoapi.cyberbobs.xsph.ru/Shablon_otchyota_o_rezultatakh_pilota_v6_2021_10_26.docx',331,'2021-12-03 07:34:40','2021-12-03 07:34:40'),(441,6,'[{\"date\": \"Январь 2021\", \"text\": \"Тестирование системы мониторинга дорожного движения на площади тверской заставы\"}, {\"date\": \"Март 2021\", \"text\": \"Тестирование системы адаптивного регулирования в Люблино и Новомосковском\"}, {\"date\": \"Май 2021\", \"text\": \"Тестирование системы учета посетителей / пассажиропотока на транспортном пересадочном узле и в местах скопления людей\"}]','http://innoapi.cyberbobs.xsph.ru/Shablon_otchyota_o_rezultatakh_pilota_v6_2021_10_26.docx',332,'2021-12-03 07:34:40','2021-12-03 07:34:40'),(442,6,'[{\"date\": \"Январь 2021\", \"text\": \"Тестирование системы мониторинга дорожного движения на площади тверской заставы\"}, {\"date\": \"Март 2021\", \"text\": \"Тестирование системы адаптивного регулирования в Люблино и Новомосковском\"}, {\"date\": \"Май 2021\", \"text\": \"Тестирование системы учета посетителей / пассажиропотока на транспортном пересадочном узле и в местах скопления людей\"}]','http://innoapi.cyberbobs.xsph.ru/Shablon_otchyota_o_rezultatakh_pilota_v6_2021_10_26.docx',332,'2021-12-03 07:34:40','2021-12-03 07:34:40'),(443,6,'[{\"date\": \"Январь 2021\", \"text\": \"Тестирование системы мониторинга дорожного движения на площади тверской заставы\"}, {\"date\": \"Март 2021\", \"text\": \"Тестирование системы адаптивного регулирования в Люблино и Новомосковском\"}, {\"date\": \"Май 2021\", \"text\": \"Тестирование системы учета посетителей / пассажиропотока на транспортном пересадочном узле и в местах скопления людей\"}]','http://innoapi.cyberbobs.xsph.ru/Shablon_otchyota_o_rezultatakh_pilota_v6_2021_10_26.docx',333,'2021-12-03 07:34:40','2021-12-03 07:34:40'),(444,6,'[{\"date\": \"Январь 2021\", \"text\": \"Тестирование системы мониторинга дорожного движения на площади тверской заставы\"}, {\"date\": \"Март 2021\", \"text\": \"Тестирование системы адаптивного регулирования в Люблино и Новомосковском\"}, {\"date\": \"Май 2021\", \"text\": \"Тестирование системы учета посетителей / пассажиропотока на транспортном пересадочном узле и в местах скопления людей\"}]','http://innoapi.cyberbobs.xsph.ru/Shablon_otchyota_o_rezultatakh_pilota_v6_2021_10_26.docx',333,'2021-12-03 07:34:40','2021-12-03 07:34:40'),(445,6,'[{\"date\": \"Январь 2021\", \"text\": \"Тестирование системы мониторинга дорожного движения на площади тверской заставы\"}, {\"date\": \"Март 2021\", \"text\": \"Тестирование системы адаптивного регулирования в Люблино и Новомосковском\"}, {\"date\": \"Май 2021\", \"text\": \"Тестирование системы учета посетителей / пассажиропотока на транспортном пересадочном узле и в местах скопления людей\"}]','http://innoapi.cyberbobs.xsph.ru/Shablon_otchyota_o_rezultatakh_pilota_v6_2021_10_26.docx',334,'2021-12-03 07:34:40','2021-12-03 07:34:40'),(446,6,'[{\"date\": \"Январь 2021\", \"text\": \"Тестирование системы мониторинга дорожного движения на площади тверской заставы\"}, {\"date\": \"Март 2021\", \"text\": \"Тестирование системы адаптивного регулирования в Люблино и Новомосковском\"}, {\"date\": \"Май 2021\", \"text\": \"Тестирование системы учета посетителей / пассажиропотока на транспортном пересадочном узле и в местах скопления людей\"}]','http://innoapi.cyberbobs.xsph.ru/Shablon_otchyota_o_rezultatakh_pilota_v6_2021_10_26.docx',335,'2021-12-03 07:34:40','2021-12-03 07:34:40'),(447,6,'[{\"date\": \"Январь 2021\", \"text\": \"Тестирование системы мониторинга дорожного движения на площади тверской заставы\"}, {\"date\": \"Март 2021\", \"text\": \"Тестирование системы адаптивного регулирования в Люблино и Новомосковском\"}, {\"date\": \"Май 2021\", \"text\": \"Тестирование системы учета посетителей / пассажиропотока на транспортном пересадочном узле и в местах скопления людей\"}]','http://innoapi.cyberbobs.xsph.ru/Shablon_otchyota_o_rezultatakh_pilota_v6_2021_10_26.docx',335,'2021-12-03 07:34:40','2021-12-03 07:34:40'),(448,6,'[{\"date\": \"Январь 2021\", \"text\": \"Тестирование системы мониторинга дорожного движения на площади тверской заставы\"}, {\"date\": \"Март 2021\", \"text\": \"Тестирование системы адаптивного регулирования в Люблино и Новомосковском\"}, {\"date\": \"Май 2021\", \"text\": \"Тестирование системы учета посетителей / пассажиропотока на транспортном пересадочном узле и в местах скопления людей\"}]','http://innoapi.cyberbobs.xsph.ru/Shablon_otchyota_o_rezultatakh_pilota_v6_2021_10_26.docx',336,'2021-12-03 07:34:40','2021-12-03 07:34:40'),(449,6,'[{\"date\": \"Январь 2021\", \"text\": \"Тестирование системы мониторинга дорожного движения на площади тверской заставы\"}, {\"date\": \"Март 2021\", \"text\": \"Тестирование системы адаптивного регулирования в Люблино и Новомосковском\"}, {\"date\": \"Май 2021\", \"text\": \"Тестирование системы учета посетителей / пассажиропотока на транспортном пересадочном узле и в местах скопления людей\"}]','http://innoapi.cyberbobs.xsph.ru/Shablon_otchyota_o_rezultatakh_pilota_v6_2021_10_26.docx',336,'2021-12-03 07:34:40','2021-12-03 07:34:40'),(450,6,'[{\"date\": \"Январь 2021\", \"text\": \"Тестирование системы мониторинга дорожного движения на площади тверской заставы\"}, {\"date\": \"Март 2021\", \"text\": \"Тестирование системы адаптивного регулирования в Люблино и Новомосковском\"}, {\"date\": \"Май 2021\", \"text\": \"Тестирование системы учета посетителей / пассажиропотока на транспортном пересадочном узле и в местах скопления людей\"}]','http://innoapi.cyberbobs.xsph.ru/Shablon_otchyota_o_rezultatakh_pilota_v6_2021_10_26.docx',336,'2021-12-03 07:34:40','2021-12-03 07:34:40'),(451,6,'[{\"date\": \"Январь 2021\", \"text\": \"Тестирование системы мониторинга дорожного движения на площади тверской заставы\"}, {\"date\": \"Март 2021\", \"text\": \"Тестирование системы адаптивного регулирования в Люблино и Новомосковском\"}, {\"date\": \"Май 2021\", \"text\": \"Тестирование системы учета посетителей / пассажиропотока на транспортном пересадочном узле и в местах скопления людей\"}]','http://innoapi.cyberbobs.xsph.ru/Shablon_otchyota_o_rezultatakh_pilota_v6_2021_10_26.docx',337,'2021-12-03 07:34:40','2021-12-03 07:34:40'),(452,6,'[{\"date\": \"Январь 2021\", \"text\": \"Тестирование системы мониторинга дорожного движения на площади тверской заставы\"}, {\"date\": \"Март 2021\", \"text\": \"Тестирование системы адаптивного регулирования в Люблино и Новомосковском\"}, {\"date\": \"Май 2021\", \"text\": \"Тестирование системы учета посетителей / пассажиропотока на транспортном пересадочном узле и в местах скопления людей\"}]','http://innoapi.cyberbobs.xsph.ru/Shablon_otchyota_o_rezultatakh_pilota_v6_2021_10_26.docx',338,'2021-12-03 07:34:40','2021-12-03 07:34:40'),(453,6,'[{\"date\": \"Январь 2021\", \"text\": \"Тестирование системы мониторинга дорожного движения на площади тверской заставы\"}, {\"date\": \"Март 2021\", \"text\": \"Тестирование системы адаптивного регулирования в Люблино и Новомосковском\"}, {\"date\": \"Май 2021\", \"text\": \"Тестирование системы учета посетителей / пассажиропотока на транспортном пересадочном узле и в местах скопления людей\"}]','http://innoapi.cyberbobs.xsph.ru/Shablon_otchyota_o_rezultatakh_pilota_v6_2021_10_26.docx',338,'2021-12-03 07:34:40','2021-12-03 07:34:40'),(454,6,'[{\"date\": \"Январь 2021\", \"text\": \"Тестирование системы мониторинга дорожного движения на площади тверской заставы\"}, {\"date\": \"Март 2021\", \"text\": \"Тестирование системы адаптивного регулирования в Люблино и Новомосковском\"}, {\"date\": \"Май 2021\", \"text\": \"Тестирование системы учета посетителей / пассажиропотока на транспортном пересадочном узле и в местах скопления людей\"}]','http://innoapi.cyberbobs.xsph.ru/Shablon_otchyota_o_rezultatakh_pilota_v6_2021_10_26.docx',339,'2021-12-03 07:34:40','2021-12-03 07:34:40'),(455,6,'[{\"date\": \"Январь 2021\", \"text\": \"Тестирование системы мониторинга дорожного движения на площади тверской заставы\"}, {\"date\": \"Март 2021\", \"text\": \"Тестирование системы адаптивного регулирования в Люблино и Новомосковском\"}, {\"date\": \"Май 2021\", \"text\": \"Тестирование системы учета посетителей / пассажиропотока на транспортном пересадочном узле и в местах скопления людей\"}]','http://innoapi.cyberbobs.xsph.ru/Shablon_otchyota_o_rezultatakh_pilota_v6_2021_10_26.docx',340,'2021-12-03 07:34:40','2021-12-03 07:34:40'),(456,6,'[{\"date\": \"Январь 2021\", \"text\": \"Тестирование системы мониторинга дорожного движения на площади тверской заставы\"}, {\"date\": \"Март 2021\", \"text\": \"Тестирование системы адаптивного регулирования в Люблино и Новомосковском\"}, {\"date\": \"Май 2021\", \"text\": \"Тестирование системы учета посетителей / пассажиропотока на транспортном пересадочном узле и в местах скопления людей\"}]','http://innoapi.cyberbobs.xsph.ru/Shablon_otchyota_o_rezultatakh_pilota_v6_2021_10_26.docx',340,'2021-12-03 07:34:40','2021-12-03 07:34:40'),(457,6,'[{\"date\": \"Январь 2021\", \"text\": \"Тестирование системы мониторинга дорожного движения на площади тверской заставы\"}, {\"date\": \"Март 2021\", \"text\": \"Тестирование системы адаптивного регулирования в Люблино и Новомосковском\"}, {\"date\": \"Май 2021\", \"text\": \"Тестирование системы учета посетителей / пассажиропотока на транспортном пересадочном узле и в местах скопления людей\"}]','http://innoapi.cyberbobs.xsph.ru/Shablon_otchyota_o_rezultatakh_pilota_v6_2021_10_26.docx',341,'2021-12-03 07:34:40','2021-12-03 07:34:40'),(458,6,'[{\"date\": \"Январь 2021\", \"text\": \"Тестирование системы мониторинга дорожного движения на площади тверской заставы\"}, {\"date\": \"Март 2021\", \"text\": \"Тестирование системы адаптивного регулирования в Люблино и Новомосковском\"}, {\"date\": \"Май 2021\", \"text\": \"Тестирование системы учета посетителей / пассажиропотока на транспортном пересадочном узле и в местах скопления людей\"}]','http://innoapi.cyberbobs.xsph.ru/Shablon_otchyota_o_rezultatakh_pilota_v6_2021_10_26.docx',341,'2021-12-03 07:34:40','2021-12-03 07:34:40'),(459,6,'[{\"date\": \"Январь 2021\", \"text\": \"Тестирование системы мониторинга дорожного движения на площади тверской заставы\"}, {\"date\": \"Март 2021\", \"text\": \"Тестирование системы адаптивного регулирования в Люблино и Новомосковском\"}, {\"date\": \"Май 2021\", \"text\": \"Тестирование системы учета посетителей / пассажиропотока на транспортном пересадочном узле и в местах скопления людей\"}]','http://innoapi.cyberbobs.xsph.ru/Shablon_otchyota_o_rezultatakh_pilota_v6_2021_10_26.docx',341,'2021-12-03 07:34:40','2021-12-03 07:34:40'),(460,6,'[{\"date\": \"Январь 2021\", \"text\": \"Тестирование системы мониторинга дорожного движения на площади тверской заставы\"}, {\"date\": \"Март 2021\", \"text\": \"Тестирование системы адаптивного регулирования в Люблино и Новомосковском\"}, {\"date\": \"Май 2021\", \"text\": \"Тестирование системы учета посетителей / пассажиропотока на транспортном пересадочном узле и в местах скопления людей\"}]','http://innoapi.cyberbobs.xsph.ru/Shablon_otchyota_o_rezultatakh_pilota_v6_2021_10_26.docx',342,'2021-12-03 07:34:40','2021-12-03 07:34:40'),(461,6,'[{\"date\": \"Январь 2021\", \"text\": \"Тестирование системы мониторинга дорожного движения на площади тверской заставы\"}, {\"date\": \"Март 2021\", \"text\": \"Тестирование системы адаптивного регулирования в Люблино и Новомосковском\"}, {\"date\": \"Май 2021\", \"text\": \"Тестирование системы учета посетителей / пассажиропотока на транспортном пересадочном узле и в местах скопления людей\"}]','http://innoapi.cyberbobs.xsph.ru/Shablon_otchyota_o_rezultatakh_pilota_v6_2021_10_26.docx',342,'2021-12-03 07:34:40','2021-12-03 07:34:40'),(462,6,'[{\"date\": \"Январь 2021\", \"text\": \"Тестирование системы мониторинга дорожного движения на площади тверской заставы\"}, {\"date\": \"Март 2021\", \"text\": \"Тестирование системы адаптивного регулирования в Люблино и Новомосковском\"}, {\"date\": \"Май 2021\", \"text\": \"Тестирование системы учета посетителей / пассажиропотока на транспортном пересадочном узле и в местах скопления людей\"}]','http://innoapi.cyberbobs.xsph.ru/Shablon_otchyota_o_rezultatakh_pilota_v6_2021_10_26.docx',342,'2021-12-03 07:34:40','2021-12-03 07:34:40'),(463,6,'[{\"date\": \"Январь 2021\", \"text\": \"Тестирование системы мониторинга дорожного движения на площади тверской заставы\"}, {\"date\": \"Март 2021\", \"text\": \"Тестирование системы адаптивного регулирования в Люблино и Новомосковском\"}, {\"date\": \"Май 2021\", \"text\": \"Тестирование системы учета посетителей / пассажиропотока на транспортном пересадочном узле и в местах скопления людей\"}]','http://innoapi.cyberbobs.xsph.ru/Shablon_otchyota_o_rezultatakh_pilota_v6_2021_10_26.docx',343,'2021-12-03 07:34:40','2021-12-03 07:34:40'),(464,6,'[{\"date\": \"Январь 2021\", \"text\": \"Тестирование системы мониторинга дорожного движения на площади тверской заставы\"}, {\"date\": \"Март 2021\", \"text\": \"Тестирование системы адаптивного регулирования в Люблино и Новомосковском\"}, {\"date\": \"Май 2021\", \"text\": \"Тестирование системы учета посетителей / пассажиропотока на транспортном пересадочном узле и в местах скопления людей\"}]','http://innoapi.cyberbobs.xsph.ru/Shablon_otchyota_o_rezultatakh_pilota_v6_2021_10_26.docx',343,'2021-12-03 07:34:40','2021-12-03 07:34:40'),(465,6,'[{\"date\": \"Январь 2021\", \"text\": \"Тестирование системы мониторинга дорожного движения на площади тверской заставы\"}, {\"date\": \"Март 2021\", \"text\": \"Тестирование системы адаптивного регулирования в Люблино и Новомосковском\"}, {\"date\": \"Май 2021\", \"text\": \"Тестирование системы учета посетителей / пассажиропотока на транспортном пересадочном узле и в местах скопления людей\"}]','http://innoapi.cyberbobs.xsph.ru/Shablon_otchyota_o_rezultatakh_pilota_v6_2021_10_26.docx',343,'2021-12-03 07:34:40','2021-12-03 07:34:40'),(466,6,'[{\"date\": \"Январь 2021\", \"text\": \"Тестирование системы мониторинга дорожного движения на площади тверской заставы\"}, {\"date\": \"Март 2021\", \"text\": \"Тестирование системы адаптивного регулирования в Люблино и Новомосковском\"}, {\"date\": \"Май 2021\", \"text\": \"Тестирование системы учета посетителей / пассажиропотока на транспортном пересадочном узле и в местах скопления людей\"}]','http://innoapi.cyberbobs.xsph.ru/Shablon_otchyota_o_rezultatakh_pilota_v6_2021_10_26.docx',344,'2021-12-03 07:34:40','2021-12-03 07:34:40'),(467,6,'[{\"date\": \"Январь 2021\", \"text\": \"Тестирование системы мониторинга дорожного движения на площади тверской заставы\"}, {\"date\": \"Март 2021\", \"text\": \"Тестирование системы адаптивного регулирования в Люблино и Новомосковском\"}, {\"date\": \"Май 2021\", \"text\": \"Тестирование системы учета посетителей / пассажиропотока на транспортном пересадочном узле и в местах скопления людей\"}]','http://innoapi.cyberbobs.xsph.ru/Shablon_otchyota_o_rezultatakh_pilota_v6_2021_10_26.docx',344,'2021-12-03 07:34:40','2021-12-03 07:34:40'),(468,6,'[{\"date\": \"Январь 2021\", \"text\": \"Тестирование системы мониторинга дорожного движения на площади тверской заставы\"}, {\"date\": \"Март 2021\", \"text\": \"Тестирование системы адаптивного регулирования в Люблино и Новомосковском\"}, {\"date\": \"Май 2021\", \"text\": \"Тестирование системы учета посетителей / пассажиропотока на транспортном пересадочном узле и в местах скопления людей\"}]','http://innoapi.cyberbobs.xsph.ru/Shablon_otchyota_o_rezultatakh_pilota_v6_2021_10_26.docx',344,'2021-12-03 07:34:40','2021-12-03 07:34:40'),(469,6,'[{\"date\": \"Январь 2021\", \"text\": \"Тестирование системы мониторинга дорожного движения на площади тверской заставы\"}, {\"date\": \"Март 2021\", \"text\": \"Тестирование системы адаптивного регулирования в Люблино и Новомосковском\"}, {\"date\": \"Май 2021\", \"text\": \"Тестирование системы учета посетителей / пассажиропотока на транспортном пересадочном узле и в местах скопления людей\"}]','http://innoapi.cyberbobs.xsph.ru/Shablon_otchyota_o_rezultatakh_pilota_v6_2021_10_26.docx',345,'2021-12-03 07:34:40','2021-12-03 07:34:40'),(470,6,'[{\"date\": \"Январь 2021\", \"text\": \"Тестирование системы мониторинга дорожного движения на площади тверской заставы\"}, {\"date\": \"Март 2021\", \"text\": \"Тестирование системы адаптивного регулирования в Люблино и Новомосковском\"}, {\"date\": \"Май 2021\", \"text\": \"Тестирование системы учета посетителей / пассажиропотока на транспортном пересадочном узле и в местах скопления людей\"}]','http://innoapi.cyberbobs.xsph.ru/Shablon_otchyota_o_rezultatakh_pilota_v6_2021_10_26.docx',345,'2021-12-03 07:34:40','2021-12-03 07:34:40'),(471,6,'[{\"date\": \"Январь 2021\", \"text\": \"Тестирование системы мониторинга дорожного движения на площади тверской заставы\"}, {\"date\": \"Март 2021\", \"text\": \"Тестирование системы адаптивного регулирования в Люблино и Новомосковском\"}, {\"date\": \"Май 2021\", \"text\": \"Тестирование системы учета посетителей / пассажиропотока на транспортном пересадочном узле и в местах скопления людей\"}]','http://innoapi.cyberbobs.xsph.ru/Shablon_otchyota_o_rezultatakh_pilota_v6_2021_10_26.docx',345,'2021-12-03 07:34:40','2021-12-03 07:34:40'),(472,6,'[{\"date\": \"Январь 2021\", \"text\": \"Тестирование системы мониторинга дорожного движения на площади тверской заставы\"}, {\"date\": \"Март 2021\", \"text\": \"Тестирование системы адаптивного регулирования в Люблино и Новомосковском\"}, {\"date\": \"Май 2021\", \"text\": \"Тестирование системы учета посетителей / пассажиропотока на транспортном пересадочном узле и в местах скопления людей\"}]','http://innoapi.cyberbobs.xsph.ru/Shablon_otchyota_o_rezultatakh_pilota_v6_2021_10_26.docx',346,'2021-12-03 07:34:40','2021-12-03 07:34:40'),(473,6,'[{\"date\": \"Январь 2021\", \"text\": \"Тестирование системы мониторинга дорожного движения на площади тверской заставы\"}, {\"date\": \"Март 2021\", \"text\": \"Тестирование системы адаптивного регулирования в Люблино и Новомосковском\"}, {\"date\": \"Май 2021\", \"text\": \"Тестирование системы учета посетителей / пассажиропотока на транспортном пересадочном узле и в местах скопления людей\"}]','http://innoapi.cyberbobs.xsph.ru/Shablon_otchyota_o_rezultatakh_pilota_v6_2021_10_26.docx',346,'2021-12-03 07:34:40','2021-12-03 07:34:40'),(474,6,'[{\"date\": \"Январь 2021\", \"text\": \"Тестирование системы мониторинга дорожного движения на площади тверской заставы\"}, {\"date\": \"Март 2021\", \"text\": \"Тестирование системы адаптивного регулирования в Люблино и Новомосковском\"}, {\"date\": \"Май 2021\", \"text\": \"Тестирование системы учета посетителей / пассажиропотока на транспортном пересадочном узле и в местах скопления людей\"}]','http://innoapi.cyberbobs.xsph.ru/Shablon_otchyota_o_rezultatakh_pilota_v6_2021_10_26.docx',346,'2021-12-03 07:34:40','2021-12-03 07:34:40'),(475,6,'[{\"date\": \"Январь 2021\", \"text\": \"Тестирование системы мониторинга дорожного движения на площади тверской заставы\"}, {\"date\": \"Март 2021\", \"text\": \"Тестирование системы адаптивного регулирования в Люблино и Новомосковском\"}, {\"date\": \"Май 2021\", \"text\": \"Тестирование системы учета посетителей / пассажиропотока на транспортном пересадочном узле и в местах скопления людей\"}]','http://innoapi.cyberbobs.xsph.ru/Shablon_otchyota_o_rezultatakh_pilota_v6_2021_10_26.docx',347,'2021-12-03 07:34:40','2021-12-03 07:34:40'),(476,6,'[{\"date\": \"Январь 2021\", \"text\": \"Тестирование системы мониторинга дорожного движения на площади тверской заставы\"}, {\"date\": \"Март 2021\", \"text\": \"Тестирование системы адаптивного регулирования в Люблино и Новомосковском\"}, {\"date\": \"Май 2021\", \"text\": \"Тестирование системы учета посетителей / пассажиропотока на транспортном пересадочном узле и в местах скопления людей\"}]','http://innoapi.cyberbobs.xsph.ru/Shablon_otchyota_o_rezultatakh_pilota_v6_2021_10_26.docx',347,'2021-12-03 07:34:40','2021-12-03 07:34:40'),(477,6,'[{\"date\": \"Январь 2021\", \"text\": \"Тестирование системы мониторинга дорожного движения на площади тверской заставы\"}, {\"date\": \"Март 2021\", \"text\": \"Тестирование системы адаптивного регулирования в Люблино и Новомосковском\"}, {\"date\": \"Май 2021\", \"text\": \"Тестирование системы учета посетителей / пассажиропотока на транспортном пересадочном узле и в местах скопления людей\"}]','http://innoapi.cyberbobs.xsph.ru/Shablon_otchyota_o_rezultatakh_pilota_v6_2021_10_26.docx',347,'2021-12-03 07:34:40','2021-12-03 07:34:40'),(478,6,'[{\"date\": \"Январь 2021\", \"text\": \"Тестирование системы мониторинга дорожного движения на площади тверской заставы\"}, {\"date\": \"Март 2021\", \"text\": \"Тестирование системы адаптивного регулирования в Люблино и Новомосковском\"}, {\"date\": \"Май 2021\", \"text\": \"Тестирование системы учета посетителей / пассажиропотока на транспортном пересадочном узле и в местах скопления людей\"}]','http://innoapi.cyberbobs.xsph.ru/Shablon_otchyota_o_rezultatakh_pilota_v6_2021_10_26.docx',348,'2021-12-03 07:34:40','2021-12-03 07:34:40'),(479,6,'[{\"date\": \"Январь 2021\", \"text\": \"Тестирование системы мониторинга дорожного движения на площади тверской заставы\"}, {\"date\": \"Март 2021\", \"text\": \"Тестирование системы адаптивного регулирования в Люблино и Новомосковском\"}, {\"date\": \"Май 2021\", \"text\": \"Тестирование системы учета посетителей / пассажиропотока на транспортном пересадочном узле и в местах скопления людей\"}]','http://innoapi.cyberbobs.xsph.ru/Shablon_otchyota_o_rezultatakh_pilota_v6_2021_10_26.docx',348,'2021-12-03 07:34:40','2021-12-03 07:34:40'),(480,6,'[{\"date\": \"Январь 2021\", \"text\": \"Тестирование системы мониторинга дорожного движения на площади тверской заставы\"}, {\"date\": \"Март 2021\", \"text\": \"Тестирование системы адаптивного регулирования в Люблино и Новомосковском\"}, {\"date\": \"Май 2021\", \"text\": \"Тестирование системы учета посетителей / пассажиропотока на транспортном пересадочном узле и в местах скопления людей\"}]','http://innoapi.cyberbobs.xsph.ru/Shablon_otchyota_o_rezultatakh_pilota_v6_2021_10_26.docx',348,'2021-12-03 07:34:40','2021-12-03 07:34:40'),(481,6,'[{\"date\": \"Январь 2021\", \"text\": \"Тестирование системы мониторинга дорожного движения на площади тверской заставы\"}, {\"date\": \"Март 2021\", \"text\": \"Тестирование системы адаптивного регулирования в Люблино и Новомосковском\"}, {\"date\": \"Май 2021\", \"text\": \"Тестирование системы учета посетителей / пассажиропотока на транспортном пересадочном узле и в местах скопления людей\"}]','http://innoapi.cyberbobs.xsph.ru/Shablon_otchyota_o_rezultatakh_pilota_v6_2021_10_26.docx',349,'2021-12-03 07:34:40','2021-12-03 07:34:40'),(482,6,'[{\"date\": \"Январь 2021\", \"text\": \"Тестирование системы мониторинга дорожного движения на площади тверской заставы\"}, {\"date\": \"Март 2021\", \"text\": \"Тестирование системы адаптивного регулирования в Люблино и Новомосковском\"}, {\"date\": \"Май 2021\", \"text\": \"Тестирование системы учета посетителей / пассажиропотока на транспортном пересадочном узле и в местах скопления людей\"}]','http://innoapi.cyberbobs.xsph.ru/Shablon_otchyota_o_rezultatakh_pilota_v6_2021_10_26.docx',349,'2021-12-03 07:34:40','2021-12-03 07:34:40'),(483,6,'[{\"date\": \"Январь 2021\", \"text\": \"Тестирование системы мониторинга дорожного движения на площади тверской заставы\"}, {\"date\": \"Март 2021\", \"text\": \"Тестирование системы адаптивного регулирования в Люблино и Новомосковском\"}, {\"date\": \"Май 2021\", \"text\": \"Тестирование системы учета посетителей / пассажиропотока на транспортном пересадочном узле и в местах скопления людей\"}]','http://innoapi.cyberbobs.xsph.ru/Shablon_otchyota_o_rezultatakh_pilota_v6_2021_10_26.docx',349,'2021-12-03 07:34:40','2021-12-03 07:34:40'),(484,6,'[{\"date\": \"Январь 2021\", \"text\": \"Тестирование системы мониторинга дорожного движения на площади тверской заставы\"}, {\"date\": \"Март 2021\", \"text\": \"Тестирование системы адаптивного регулирования в Люблино и Новомосковском\"}, {\"date\": \"Май 2021\", \"text\": \"Тестирование системы учета посетителей / пассажиропотока на транспортном пересадочном узле и в местах скопления людей\"}]','http://innoapi.cyberbobs.xsph.ru/Shablon_otchyota_o_rezultatakh_pilota_v6_2021_10_26.docx',350,'2021-12-03 07:34:40','2021-12-03 07:34:40'),(485,6,'[{\"date\": \"Январь 2021\", \"text\": \"Тестирование системы мониторинга дорожного движения на площади тверской заставы\"}, {\"date\": \"Март 2021\", \"text\": \"Тестирование системы адаптивного регулирования в Люблино и Новомосковском\"}, {\"date\": \"Май 2021\", \"text\": \"Тестирование системы учета посетителей / пассажиропотока на транспортном пересадочном узле и в местах скопления людей\"}]','http://innoapi.cyberbobs.xsph.ru/Shablon_otchyota_o_rezultatakh_pilota_v6_2021_10_26.docx',350,'2021-12-03 07:34:40','2021-12-03 07:34:40'),(486,6,'[{\"date\": \"Январь 2021\", \"text\": \"Тестирование системы мониторинга дорожного движения на площади тверской заставы\"}, {\"date\": \"Март 2021\", \"text\": \"Тестирование системы адаптивного регулирования в Люблино и Новомосковском\"}, {\"date\": \"Май 2021\", \"text\": \"Тестирование системы учета посетителей / пассажиропотока на транспортном пересадочном узле и в местах скопления людей\"}]','http://innoapi.cyberbobs.xsph.ru/Shablon_otchyota_o_rezultatakh_pilota_v6_2021_10_26.docx',351,'2021-12-03 07:34:40','2021-12-03 07:34:40'),(487,6,'[{\"date\": \"Январь 2021\", \"text\": \"Тестирование системы мониторинга дорожного движения на площади тверской заставы\"}, {\"date\": \"Март 2021\", \"text\": \"Тестирование системы адаптивного регулирования в Люблино и Новомосковском\"}, {\"date\": \"Май 2021\", \"text\": \"Тестирование системы учета посетителей / пассажиропотока на транспортном пересадочном узле и в местах скопления людей\"}]','http://innoapi.cyberbobs.xsph.ru/Shablon_otchyota_o_rezultatakh_pilota_v6_2021_10_26.docx',351,'2021-12-03 07:34:40','2021-12-03 07:34:40'),(488,6,'[{\"date\": \"Январь 2021\", \"text\": \"Тестирование системы мониторинга дорожного движения на площади тверской заставы\"}, {\"date\": \"Март 2021\", \"text\": \"Тестирование системы адаптивного регулирования в Люблино и Новомосковском\"}, {\"date\": \"Май 2021\", \"text\": \"Тестирование системы учета посетителей / пассажиропотока на транспортном пересадочном узле и в местах скопления людей\"}]','http://innoapi.cyberbobs.xsph.ru/Shablon_otchyota_o_rezultatakh_pilota_v6_2021_10_26.docx',351,'2021-12-03 07:34:40','2021-12-03 07:34:40'),(489,6,'[{\"date\": \"Январь 2021\", \"text\": \"Тестирование системы мониторинга дорожного движения на площади тверской заставы\"}, {\"date\": \"Март 2021\", \"text\": \"Тестирование системы адаптивного регулирования в Люблино и Новомосковском\"}, {\"date\": \"Май 2021\", \"text\": \"Тестирование системы учета посетителей / пассажиропотока на транспортном пересадочном узле и в местах скопления людей\"}]','http://innoapi.cyberbobs.xsph.ru/Shablon_otchyota_o_rezultatakh_pilota_v6_2021_10_26.docx',352,'2021-12-03 07:34:40','2021-12-03 07:34:40'),(490,6,'[{\"date\": \"Январь 2021\", \"text\": \"Тестирование системы мониторинга дорожного движения на площади тверской заставы\"}, {\"date\": \"Март 2021\", \"text\": \"Тестирование системы адаптивного регулирования в Люблино и Новомосковском\"}, {\"date\": \"Май 2021\", \"text\": \"Тестирование системы учета посетителей / пассажиропотока на транспортном пересадочном узле и в местах скопления людей\"}]','http://innoapi.cyberbobs.xsph.ru/Shablon_otchyota_o_rezultatakh_pilota_v6_2021_10_26.docx',352,'2021-12-03 07:34:40','2021-12-03 07:34:40'),(491,6,'[{\"date\": \"Январь 2021\", \"text\": \"Тестирование системы мониторинга дорожного движения на площади тверской заставы\"}, {\"date\": \"Март 2021\", \"text\": \"Тестирование системы адаптивного регулирования в Люблино и Новомосковском\"}, {\"date\": \"Май 2021\", \"text\": \"Тестирование системы учета посетителей / пассажиропотока на транспортном пересадочном узле и в местах скопления людей\"}]','http://innoapi.cyberbobs.xsph.ru/Shablon_otchyota_o_rezultatakh_pilota_v6_2021_10_26.docx',353,'2021-12-03 07:34:40','2021-12-03 07:34:40'),(492,6,'[{\"date\": \"Январь 2021\", \"text\": \"Тестирование системы мониторинга дорожного движения на площади тверской заставы\"}, {\"date\": \"Март 2021\", \"text\": \"Тестирование системы адаптивного регулирования в Люблино и Новомосковском\"}, {\"date\": \"Май 2021\", \"text\": \"Тестирование системы учета посетителей / пассажиропотока на транспортном пересадочном узле и в местах скопления людей\"}]','http://innoapi.cyberbobs.xsph.ru/Shablon_otchyota_o_rezultatakh_pilota_v6_2021_10_26.docx',353,'2021-12-03 07:34:40','2021-12-03 07:34:40'),(493,6,'[{\"date\": \"Январь 2021\", \"text\": \"Тестирование системы мониторинга дорожного движения на площади тверской заставы\"}, {\"date\": \"Март 2021\", \"text\": \"Тестирование системы адаптивного регулирования в Люблино и Новомосковском\"}, {\"date\": \"Май 2021\", \"text\": \"Тестирование системы учета посетителей / пассажиропотока на транспортном пересадочном узле и в местах скопления людей\"}]','http://innoapi.cyberbobs.xsph.ru/Shablon_otchyota_o_rezultatakh_pilota_v6_2021_10_26.docx',354,'2021-12-03 07:34:40','2021-12-03 07:34:40'),(494,6,'[{\"date\": \"Январь 2021\", \"text\": \"Тестирование системы мониторинга дорожного движения на площади тверской заставы\"}, {\"date\": \"Март 2021\", \"text\": \"Тестирование системы адаптивного регулирования в Люблино и Новомосковском\"}, {\"date\": \"Май 2021\", \"text\": \"Тестирование системы учета посетителей / пассажиропотока на транспортном пересадочном узле и в местах скопления людей\"}]','http://innoapi.cyberbobs.xsph.ru/Shablon_otchyota_o_rezultatakh_pilota_v6_2021_10_26.docx',355,'2021-12-03 07:34:40','2021-12-03 07:34:40'),(495,6,'[{\"date\": \"Январь 2021\", \"text\": \"Тестирование системы мониторинга дорожного движения на площади тверской заставы\"}, {\"date\": \"Март 2021\", \"text\": \"Тестирование системы адаптивного регулирования в Люблино и Новомосковском\"}, {\"date\": \"Май 2021\", \"text\": \"Тестирование системы учета посетителей / пассажиропотока на транспортном пересадочном узле и в местах скопления людей\"}]','http://innoapi.cyberbobs.xsph.ru/Shablon_otchyota_o_rezultatakh_pilota_v6_2021_10_26.docx',355,'2021-12-03 07:34:40','2021-12-03 07:34:40'),(496,6,'[{\"date\": \"Январь 2021\", \"text\": \"Тестирование системы мониторинга дорожного движения на площади тверской заставы\"}, {\"date\": \"Март 2021\", \"text\": \"Тестирование системы адаптивного регулирования в Люблино и Новомосковском\"}, {\"date\": \"Май 2021\", \"text\": \"Тестирование системы учета посетителей / пассажиропотока на транспортном пересадочном узле и в местах скопления людей\"}]','http://innoapi.cyberbobs.xsph.ru/Shablon_otchyota_o_rezultatakh_pilota_v6_2021_10_26.docx',356,'2021-12-03 07:34:40','2021-12-03 07:34:40'),(497,6,'[{\"date\": \"Январь 2021\", \"text\": \"Тестирование системы мониторинга дорожного движения на площади тверской заставы\"}, {\"date\": \"Март 2021\", \"text\": \"Тестирование системы адаптивного регулирования в Люблино и Новомосковском\"}, {\"date\": \"Май 2021\", \"text\": \"Тестирование системы учета посетителей / пассажиропотока на транспортном пересадочном узле и в местах скопления людей\"}]','http://innoapi.cyberbobs.xsph.ru/Shablon_otchyota_o_rezultatakh_pilota_v6_2021_10_26.docx',356,'2021-12-03 07:34:40','2021-12-03 07:34:40'),(498,6,'[{\"date\": \"Январь 2021\", \"text\": \"Тестирование системы мониторинга дорожного движения на площади тверской заставы\"}, {\"date\": \"Март 2021\", \"text\": \"Тестирование системы адаптивного регулирования в Люблино и Новомосковском\"}, {\"date\": \"Май 2021\", \"text\": \"Тестирование системы учета посетителей / пассажиропотока на транспортном пересадочном узле и в местах скопления людей\"}]','http://innoapi.cyberbobs.xsph.ru/Shablon_otchyota_o_rezultatakh_pilota_v6_2021_10_26.docx',357,'2021-12-03 07:34:40','2021-12-03 07:34:40'),(499,6,'[{\"date\": \"Январь 2021\", \"text\": \"Тестирование системы мониторинга дорожного движения на площади тверской заставы\"}, {\"date\": \"Март 2021\", \"text\": \"Тестирование системы адаптивного регулирования в Люблино и Новомосковском\"}, {\"date\": \"Май 2021\", \"text\": \"Тестирование системы учета посетителей / пассажиропотока на транспортном пересадочном узле и в местах скопления людей\"}]','http://innoapi.cyberbobs.xsph.ru/Shablon_otchyota_o_rezultatakh_pilota_v6_2021_10_26.docx',357,'2021-12-03 07:34:40','2021-12-03 07:34:40'),(500,6,'[{\"date\": \"Январь 2021\", \"text\": \"Тестирование системы мониторинга дорожного движения на площади тверской заставы\"}, {\"date\": \"Март 2021\", \"text\": \"Тестирование системы адаптивного регулирования в Люблино и Новомосковском\"}, {\"date\": \"Май 2021\", \"text\": \"Тестирование системы учета посетителей / пассажиропотока на транспортном пересадочном узле и в местах скопления людей\"}]','http://innoapi.cyberbobs.xsph.ru/Shablon_otchyota_o_rezultatakh_pilota_v6_2021_10_26.docx',357,'2021-12-03 07:34:40','2021-12-03 07:34:40'),(501,6,'[{\"date\": \"Январь 2021\", \"text\": \"Тестирование системы мониторинга дорожного движения на площади тверской заставы\"}, {\"date\": \"Март 2021\", \"text\": \"Тестирование системы адаптивного регулирования в Люблино и Новомосковском\"}, {\"date\": \"Май 2021\", \"text\": \"Тестирование системы учета посетителей / пассажиропотока на транспортном пересадочном узле и в местах скопления людей\"}]','http://innoapi.cyberbobs.xsph.ru/Shablon_otchyota_o_rezultatakh_pilota_v6_2021_10_26.docx',358,'2021-12-03 07:34:40','2021-12-03 07:34:40'),(502,6,'[{\"date\": \"Январь 2021\", \"text\": \"Тестирование системы мониторинга дорожного движения на площади тверской заставы\"}, {\"date\": \"Март 2021\", \"text\": \"Тестирование системы адаптивного регулирования в Люблино и Новомосковском\"}, {\"date\": \"Май 2021\", \"text\": \"Тестирование системы учета посетителей / пассажиропотока на транспортном пересадочном узле и в местах скопления людей\"}]','http://innoapi.cyberbobs.xsph.ru/Shablon_otchyota_o_rezultatakh_pilota_v6_2021_10_26.docx',359,'2021-12-03 07:34:40','2021-12-03 07:34:40'),(503,6,'[{\"date\": \"Январь 2021\", \"text\": \"Тестирование системы мониторинга дорожного движения на площади тверской заставы\"}, {\"date\": \"Март 2021\", \"text\": \"Тестирование системы адаптивного регулирования в Люблино и Новомосковском\"}, {\"date\": \"Май 2021\", \"text\": \"Тестирование системы учета посетителей / пассажиропотока на транспортном пересадочном узле и в местах скопления людей\"}]','http://innoapi.cyberbobs.xsph.ru/Shablon_otchyota_o_rezultatakh_pilota_v6_2021_10_26.docx',360,'2021-12-03 07:34:40','2021-12-03 07:34:40'),(504,6,'[{\"date\": \"Январь 2021\", \"text\": \"Тестирование системы мониторинга дорожного движения на площади тверской заставы\"}, {\"date\": \"Март 2021\", \"text\": \"Тестирование системы адаптивного регулирования в Люблино и Новомосковском\"}, {\"date\": \"Май 2021\", \"text\": \"Тестирование системы учета посетителей / пассажиропотока на транспортном пересадочном узле и в местах скопления людей\"}]','http://innoapi.cyberbobs.xsph.ru/Shablon_otchyota_o_rezultatakh_pilota_v6_2021_10_26.docx',361,'2021-12-03 07:34:40','2021-12-03 07:34:40'),(505,6,'[{\"date\": \"Январь 2021\", \"text\": \"Тестирование системы мониторинга дорожного движения на площади тверской заставы\"}, {\"date\": \"Март 2021\", \"text\": \"Тестирование системы адаптивного регулирования в Люблино и Новомосковском\"}, {\"date\": \"Май 2021\", \"text\": \"Тестирование системы учета посетителей / пассажиропотока на транспортном пересадочном узле и в местах скопления людей\"}]','http://innoapi.cyberbobs.xsph.ru/Shablon_otchyota_o_rezultatakh_pilota_v6_2021_10_26.docx',362,'2021-12-03 07:34:40','2021-12-03 07:34:40'),(506,6,'[{\"date\": \"Январь 2021\", \"text\": \"Тестирование системы мониторинга дорожного движения на площади тверской заставы\"}, {\"date\": \"Март 2021\", \"text\": \"Тестирование системы адаптивного регулирования в Люблино и Новомосковском\"}, {\"date\": \"Май 2021\", \"text\": \"Тестирование системы учета посетителей / пассажиропотока на транспортном пересадочном узле и в местах скопления людей\"}]','http://innoapi.cyberbobs.xsph.ru/Shablon_otchyota_o_rezultatakh_pilota_v6_2021_10_26.docx',363,'2021-12-03 07:34:40','2021-12-03 07:34:40'),(507,6,'[{\"date\": \"Январь 2021\", \"text\": \"Тестирование системы мониторинга дорожного движения на площади тверской заставы\"}, {\"date\": \"Март 2021\", \"text\": \"Тестирование системы адаптивного регулирования в Люблино и Новомосковском\"}, {\"date\": \"Май 2021\", \"text\": \"Тестирование системы учета посетителей / пассажиропотока на транспортном пересадочном узле и в местах скопления людей\"}]','http://innoapi.cyberbobs.xsph.ru/Shablon_otchyota_o_rezultatakh_pilota_v6_2021_10_26.docx',363,'2021-12-03 07:34:40','2021-12-03 07:34:40'),(508,6,'[{\"date\": \"Январь 2021\", \"text\": \"Тестирование системы мониторинга дорожного движения на площади тверской заставы\"}, {\"date\": \"Март 2021\", \"text\": \"Тестирование системы адаптивного регулирования в Люблино и Новомосковском\"}, {\"date\": \"Май 2021\", \"text\": \"Тестирование системы учета посетителей / пассажиропотока на транспортном пересадочном узле и в местах скопления людей\"}]','http://innoapi.cyberbobs.xsph.ru/Shablon_otchyota_o_rezultatakh_pilota_v6_2021_10_26.docx',363,'2021-12-03 07:34:40','2021-12-03 07:34:40'),(509,6,'[{\"date\": \"Январь 2021\", \"text\": \"Тестирование системы мониторинга дорожного движения на площади тверской заставы\"}, {\"date\": \"Март 2021\", \"text\": \"Тестирование системы адаптивного регулирования в Люблино и Новомосковском\"}, {\"date\": \"Май 2021\", \"text\": \"Тестирование системы учета посетителей / пассажиропотока на транспортном пересадочном узле и в местах скопления людей\"}]','http://innoapi.cyberbobs.xsph.ru/Shablon_otchyota_o_rezultatakh_pilota_v6_2021_10_26.docx',364,'2021-12-03 07:34:40','2021-12-03 07:34:40'),(510,6,'[{\"date\": \"Январь 2021\", \"text\": \"Тестирование системы мониторинга дорожного движения на площади тверской заставы\"}, {\"date\": \"Март 2021\", \"text\": \"Тестирование системы адаптивного регулирования в Люблино и Новомосковском\"}, {\"date\": \"Май 2021\", \"text\": \"Тестирование системы учета посетителей / пассажиропотока на транспортном пересадочном узле и в местах скопления людей\"}]','http://innoapi.cyberbobs.xsph.ru/Shablon_otchyota_o_rezultatakh_pilota_v6_2021_10_26.docx',365,'2021-12-03 07:34:40','2021-12-03 07:34:40'),(511,6,'[{\"date\": \"Январь 2021\", \"text\": \"Тестирование системы мониторинга дорожного движения на площади тверской заставы\"}, {\"date\": \"Март 2021\", \"text\": \"Тестирование системы адаптивного регулирования в Люблино и Новомосковском\"}, {\"date\": \"Май 2021\", \"text\": \"Тестирование системы учета посетителей / пассажиропотока на транспортном пересадочном узле и в местах скопления людей\"}]','http://innoapi.cyberbobs.xsph.ru/Shablon_otchyota_o_rezultatakh_pilota_v6_2021_10_26.docx',365,'2021-12-03 07:34:40','2021-12-03 07:34:40'),(512,6,'[{\"date\": \"Январь 2021\", \"text\": \"Тестирование системы мониторинга дорожного движения на площади тверской заставы\"}, {\"date\": \"Март 2021\", \"text\": \"Тестирование системы адаптивного регулирования в Люблино и Новомосковском\"}, {\"date\": \"Май 2021\", \"text\": \"Тестирование системы учета посетителей / пассажиропотока на транспортном пересадочном узле и в местах скопления людей\"}]','http://innoapi.cyberbobs.xsph.ru/Shablon_otchyota_o_rezultatakh_pilota_v6_2021_10_26.docx',366,'2021-12-03 07:34:40','2021-12-03 07:34:40'),(513,6,'[{\"date\": \"Январь 2021\", \"text\": \"Тестирование системы мониторинга дорожного движения на площади тверской заставы\"}, {\"date\": \"Март 2021\", \"text\": \"Тестирование системы адаптивного регулирования в Люблино и Новомосковском\"}, {\"date\": \"Май 2021\", \"text\": \"Тестирование системы учета посетителей / пассажиропотока на транспортном пересадочном узле и в местах скопления людей\"}]','http://innoapi.cyberbobs.xsph.ru/Shablon_otchyota_o_rezultatakh_pilota_v6_2021_10_26.docx',366,'2021-12-03 07:34:40','2021-12-03 07:34:40'),(514,6,'[{\"date\": \"Январь 2021\", \"text\": \"Тестирование системы мониторинга дорожного движения на площади тверской заставы\"}, {\"date\": \"Март 2021\", \"text\": \"Тестирование системы адаптивного регулирования в Люблино и Новомосковском\"}, {\"date\": \"Май 2021\", \"text\": \"Тестирование системы учета посетителей / пассажиропотока на транспортном пересадочном узле и в местах скопления людей\"}]','http://innoapi.cyberbobs.xsph.ru/Shablon_otchyota_o_rezultatakh_pilota_v6_2021_10_26.docx',366,'2021-12-03 07:34:40','2021-12-03 07:34:40'),(515,6,'[{\"date\": \"Январь 2021\", \"text\": \"Тестирование системы мониторинга дорожного движения на площади тверской заставы\"}, {\"date\": \"Март 2021\", \"text\": \"Тестирование системы адаптивного регулирования в Люблино и Новомосковском\"}, {\"date\": \"Май 2021\", \"text\": \"Тестирование системы учета посетителей / пассажиропотока на транспортном пересадочном узле и в местах скопления людей\"}]','http://innoapi.cyberbobs.xsph.ru/Shablon_otchyota_o_rezultatakh_pilota_v6_2021_10_26.docx',367,'2021-12-03 07:34:40','2021-12-03 07:34:40'),(516,6,'[{\"date\": \"Январь 2021\", \"text\": \"Тестирование системы мониторинга дорожного движения на площади тверской заставы\"}, {\"date\": \"Март 2021\", \"text\": \"Тестирование системы адаптивного регулирования в Люблино и Новомосковском\"}, {\"date\": \"Май 2021\", \"text\": \"Тестирование системы учета посетителей / пассажиропотока на транспортном пересадочном узле и в местах скопления людей\"}]','http://innoapi.cyberbobs.xsph.ru/Shablon_otchyota_o_rezultatakh_pilota_v6_2021_10_26.docx',368,'2021-12-03 07:34:40','2021-12-03 07:34:40'),(517,6,'[{\"date\": \"Январь 2021\", \"text\": \"Тестирование системы мониторинга дорожного движения на площади тверской заставы\"}, {\"date\": \"Март 2021\", \"text\": \"Тестирование системы адаптивного регулирования в Люблино и Новомосковском\"}, {\"date\": \"Май 2021\", \"text\": \"Тестирование системы учета посетителей / пассажиропотока на транспортном пересадочном узле и в местах скопления людей\"}]','http://innoapi.cyberbobs.xsph.ru/Shablon_otchyota_o_rezultatakh_pilota_v6_2021_10_26.docx',368,'2021-12-03 07:34:40','2021-12-03 07:34:40'),(518,6,'[{\"date\": \"Январь 2021\", \"text\": \"Тестирование системы мониторинга дорожного движения на площади тверской заставы\"}, {\"date\": \"Март 2021\", \"text\": \"Тестирование системы адаптивного регулирования в Люблино и Новомосковском\"}, {\"date\": \"Май 2021\", \"text\": \"Тестирование системы учета посетителей / пассажиропотока на транспортном пересадочном узле и в местах скопления людей\"}]','http://innoapi.cyberbobs.xsph.ru/Shablon_otchyota_o_rezultatakh_pilota_v6_2021_10_26.docx',369,'2021-12-03 07:34:40','2021-12-03 07:34:40'),(519,6,'[{\"date\": \"Январь 2021\", \"text\": \"Тестирование системы мониторинга дорожного движения на площади тверской заставы\"}, {\"date\": \"Март 2021\", \"text\": \"Тестирование системы адаптивного регулирования в Люблино и Новомосковском\"}, {\"date\": \"Май 2021\", \"text\": \"Тестирование системы учета посетителей / пассажиропотока на транспортном пересадочном узле и в местах скопления людей\"}]','http://innoapi.cyberbobs.xsph.ru/Shablon_otchyota_o_rezultatakh_pilota_v6_2021_10_26.docx',369,'2021-12-03 07:34:40','2021-12-03 07:34:40'),(520,6,'[{\"date\": \"Январь 2021\", \"text\": \"Тестирование системы мониторинга дорожного движения на площади тверской заставы\"}, {\"date\": \"Март 2021\", \"text\": \"Тестирование системы адаптивного регулирования в Люблино и Новомосковском\"}, {\"date\": \"Май 2021\", \"text\": \"Тестирование системы учета посетителей / пассажиропотока на транспортном пересадочном узле и в местах скопления людей\"}]','http://innoapi.cyberbobs.xsph.ru/Shablon_otchyota_o_rezultatakh_pilota_v6_2021_10_26.docx',369,'2021-12-03 07:34:40','2021-12-03 07:34:40'),(521,6,'[{\"date\": \"Январь 2021\", \"text\": \"Тестирование системы мониторинга дорожного движения на площади тверской заставы\"}, {\"date\": \"Март 2021\", \"text\": \"Тестирование системы адаптивного регулирования в Люблино и Новомосковском\"}, {\"date\": \"Май 2021\", \"text\": \"Тестирование системы учета посетителей / пассажиропотока на транспортном пересадочном узле и в местах скопления людей\"}]','http://innoapi.cyberbobs.xsph.ru/Shablon_otchyota_o_rezultatakh_pilota_v6_2021_10_26.docx',370,'2021-12-03 07:34:40','2021-12-03 07:34:40'),(522,6,'[{\"date\": \"Январь 2021\", \"text\": \"Тестирование системы мониторинга дорожного движения на площади тверской заставы\"}, {\"date\": \"Март 2021\", \"text\": \"Тестирование системы адаптивного регулирования в Люблино и Новомосковском\"}, {\"date\": \"Май 2021\", \"text\": \"Тестирование системы учета посетителей / пассажиропотока на транспортном пересадочном узле и в местах скопления людей\"}]','http://innoapi.cyberbobs.xsph.ru/Shablon_otchyota_o_rezultatakh_pilota_v6_2021_10_26.docx',370,'2021-12-03 07:34:40','2021-12-03 07:34:40'),(523,6,'[{\"date\": \"Январь 2021\", \"text\": \"Тестирование системы мониторинга дорожного движения на площади тверской заставы\"}, {\"date\": \"Март 2021\", \"text\": \"Тестирование системы адаптивного регулирования в Люблино и Новомосковском\"}, {\"date\": \"Май 2021\", \"text\": \"Тестирование системы учета посетителей / пассажиропотока на транспортном пересадочном узле и в местах скопления людей\"}]','http://innoapi.cyberbobs.xsph.ru/Shablon_otchyota_o_rezultatakh_pilota_v6_2021_10_26.docx',370,'2021-12-03 07:34:40','2021-12-03 07:34:40'),(524,6,'[{\"date\": \"Январь 2021\", \"text\": \"Тестирование системы мониторинга дорожного движения на площади тверской заставы\"}, {\"date\": \"Март 2021\", \"text\": \"Тестирование системы адаптивного регулирования в Люблино и Новомосковском\"}, {\"date\": \"Май 2021\", \"text\": \"Тестирование системы учета посетителей / пассажиропотока на транспортном пересадочном узле и в местах скопления людей\"}]','http://innoapi.cyberbobs.xsph.ru/Shablon_otchyota_o_rezultatakh_pilota_v6_2021_10_26.docx',371,'2021-12-03 07:34:40','2021-12-03 07:34:40'),(525,6,'[{\"date\": \"Январь 2021\", \"text\": \"Тестирование системы мониторинга дорожного движения на площади тверской заставы\"}, {\"date\": \"Март 2021\", \"text\": \"Тестирование системы адаптивного регулирования в Люблино и Новомосковском\"}, {\"date\": \"Май 2021\", \"text\": \"Тестирование системы учета посетителей / пассажиропотока на транспортном пересадочном узле и в местах скопления людей\"}]','http://innoapi.cyberbobs.xsph.ru/Shablon_otchyota_o_rezultatakh_pilota_v6_2021_10_26.docx',371,'2021-12-03 07:34:40','2021-12-03 07:34:40'),(526,6,'[{\"date\": \"Январь 2021\", \"text\": \"Тестирование системы мониторинга дорожного движения на площади тверской заставы\"}, {\"date\": \"Март 2021\", \"text\": \"Тестирование системы адаптивного регулирования в Люблино и Новомосковском\"}, {\"date\": \"Май 2021\", \"text\": \"Тестирование системы учета посетителей / пассажиропотока на транспортном пересадочном узле и в местах скопления людей\"}]','http://innoapi.cyberbobs.xsph.ru/Shablon_otchyota_o_rezultatakh_pilota_v6_2021_10_26.docx',371,'2021-12-03 07:34:40','2021-12-03 07:34:40'),(527,6,'[{\"date\": \"Январь 2021\", \"text\": \"Тестирование системы мониторинга дорожного движения на площади тверской заставы\"}, {\"date\": \"Март 2021\", \"text\": \"Тестирование системы адаптивного регулирования в Люблино и Новомосковском\"}, {\"date\": \"Май 2021\", \"text\": \"Тестирование системы учета посетителей / пассажиропотока на транспортном пересадочном узле и в местах скопления людей\"}]','http://innoapi.cyberbobs.xsph.ru/Shablon_otchyota_o_rezultatakh_pilota_v6_2021_10_26.docx',372,'2021-12-03 07:34:40','2021-12-03 07:34:40'),(528,6,'[{\"date\": \"Январь 2021\", \"text\": \"Тестирование системы мониторинга дорожного движения на площади тверской заставы\"}, {\"date\": \"Март 2021\", \"text\": \"Тестирование системы адаптивного регулирования в Люблино и Новомосковском\"}, {\"date\": \"Май 2021\", \"text\": \"Тестирование системы учета посетителей / пассажиропотока на транспортном пересадочном узле и в местах скопления людей\"}]','http://innoapi.cyberbobs.xsph.ru/Shablon_otchyota_o_rezultatakh_pilota_v6_2021_10_26.docx',372,'2021-12-03 07:34:41','2021-12-03 07:34:41'),(529,6,'[{\"date\": \"Январь 2021\", \"text\": \"Тестирование системы мониторинга дорожного движения на площади тверской заставы\"}, {\"date\": \"Март 2021\", \"text\": \"Тестирование системы адаптивного регулирования в Люблино и Новомосковском\"}, {\"date\": \"Май 2021\", \"text\": \"Тестирование системы учета посетителей / пассажиропотока на транспортном пересадочном узле и в местах скопления людей\"}]','http://innoapi.cyberbobs.xsph.ru/Shablon_otchyota_o_rezultatakh_pilota_v6_2021_10_26.docx',372,'2021-12-03 07:34:41','2021-12-03 07:34:41'),(530,6,'[{\"date\": \"Январь 2021\", \"text\": \"Тестирование системы мониторинга дорожного движения на площади тверской заставы\"}, {\"date\": \"Март 2021\", \"text\": \"Тестирование системы адаптивного регулирования в Люблино и Новомосковском\"}, {\"date\": \"Май 2021\", \"text\": \"Тестирование системы учета посетителей / пассажиропотока на транспортном пересадочном узле и в местах скопления людей\"}]','http://innoapi.cyberbobs.xsph.ru/Shablon_otchyota_o_rezultatakh_pilota_v6_2021_10_26.docx',373,'2021-12-03 07:34:41','2021-12-03 07:34:41'),(531,6,'[{\"date\": \"Январь 2021\", \"text\": \"Тестирование системы мониторинга дорожного движения на площади тверской заставы\"}, {\"date\": \"Март 2021\", \"text\": \"Тестирование системы адаптивного регулирования в Люблино и Новомосковском\"}, {\"date\": \"Май 2021\", \"text\": \"Тестирование системы учета посетителей / пассажиропотока на транспортном пересадочном узле и в местах скопления людей\"}]','http://innoapi.cyberbobs.xsph.ru/Shablon_otchyota_o_rezultatakh_pilota_v6_2021_10_26.docx',373,'2021-12-03 07:34:41','2021-12-03 07:34:41'),(532,6,'[{\"date\": \"Январь 2021\", \"text\": \"Тестирование системы мониторинга дорожного движения на площади тверской заставы\"}, {\"date\": \"Март 2021\", \"text\": \"Тестирование системы адаптивного регулирования в Люблино и Новомосковском\"}, {\"date\": \"Май 2021\", \"text\": \"Тестирование системы учета посетителей / пассажиропотока на транспортном пересадочном узле и в местах скопления людей\"}]','http://innoapi.cyberbobs.xsph.ru/Shablon_otchyota_o_rezultatakh_pilota_v6_2021_10_26.docx',374,'2021-12-03 07:34:41','2021-12-03 07:34:41'),(533,6,'[{\"date\": \"Январь 2021\", \"text\": \"Тестирование системы мониторинга дорожного движения на площади тверской заставы\"}, {\"date\": \"Март 2021\", \"text\": \"Тестирование системы адаптивного регулирования в Люблино и Новомосковском\"}, {\"date\": \"Май 2021\", \"text\": \"Тестирование системы учета посетителей / пассажиропотока на транспортном пересадочном узле и в местах скопления людей\"}]','http://innoapi.cyberbobs.xsph.ru/Shablon_otchyota_o_rezultatakh_pilota_v6_2021_10_26.docx',374,'2021-12-03 07:34:41','2021-12-03 07:34:41'),(534,6,'[{\"date\": \"Январь 2021\", \"text\": \"Тестирование системы мониторинга дорожного движения на площади тверской заставы\"}, {\"date\": \"Март 2021\", \"text\": \"Тестирование системы адаптивного регулирования в Люблино и Новомосковском\"}, {\"date\": \"Май 2021\", \"text\": \"Тестирование системы учета посетителей / пассажиропотока на транспортном пересадочном узле и в местах скопления людей\"}]','http://innoapi.cyberbobs.xsph.ru/Shablon_otchyota_o_rezultatakh_pilota_v6_2021_10_26.docx',374,'2021-12-03 07:34:41','2021-12-03 07:34:41');
/*!40000 ALTER TABLE `pilots` ENABLE KEYS */;
UNLOCK TABLES;

--
-- Table structure for table `project_stages`
--

DROP TABLE IF EXISTS `project_stages`;
/*!40101 SET @saved_cs_client     = @@character_set_client */;
/*!50503 SET character_set_client = utf8mb4 */;
CREATE TABLE `project_stages` (
  `id` bigint unsigned NOT NULL AUTO_INCREMENT,
  `name` varchar(255) COLLATE utf8mb4_unicode_ci NOT NULL,
  `alias` varchar(255) COLLATE utf8mb4_unicode_ci DEFAULT NULL,
  PRIMARY KEY (`id`)
) ENGINE=InnoDB AUTO_INCREMENT=7 DEFAULT CHARSET=utf8mb4 COLLATE=utf8mb4_unicode_ci;
/*!40101 SET character_set_client = @saved_cs_client */;

--
-- Dumping data for table `project_stages`
--

LOCK TABLES `project_stages` WRITE;
/*!40000 ALTER TABLE `project_stages` DISABLE KEYS */;
INSERT INTO `project_stages` VALUES (1,'Скрининг','Скрининг'),(2,'Скоринг','Скоринг'),(3,'Экспертный совет','Экспертный совет'),(4,'Акселерационная программа','Акселерационная программа'),(5,'Программа пилотирования','Программа пилотирования'),(6,'Инвестирование','Инвестирование');
/*!40000 ALTER TABLE `project_stages` ENABLE KEYS */;
UNLOCK TABLES;

--
-- Table structure for table `staff_types`
--

DROP TABLE IF EXISTS `staff_types`;
/*!40101 SET @saved_cs_client     = @@character_set_client */;
/*!50503 SET character_set_client = utf8mb4 */;
CREATE TABLE `staff_types` (
  `id` bigint unsigned NOT NULL AUTO_INCREMENT,
  `name` varchar(255) COLLATE utf8mb4_unicode_ci NOT NULL,
  `alias` varchar(255) COLLATE utf8mb4_unicode_ci DEFAULT NULL,
  PRIMARY KEY (`id`)
) ENGINE=InnoDB AUTO_INCREMENT=5 DEFAULT CHARSET=utf8mb4 COLLATE=utf8mb4_unicode_ci;
/*!40101 SET character_set_client = @saved_cs_client */;

--
-- Dumping data for table `staff_types`
--

LOCK TABLES `staff_types` WRITE;
/*!40000 ALTER TABLE `staff_types` DISABLE KEYS */;
INSERT INTO `staff_types` VALUES (1,'Менее 20','Менее 20'),(2,'От 20 до 100','От 20 до 100'),(3,'От 100 до 500','От 100 до 500'),(4,'Более 500','Более 500');
/*!40000 ALTER TABLE `staff_types` ENABLE KEYS */;
UNLOCK TABLES;

--
-- Table structure for table `startups`
--

DROP TABLE IF EXISTS `startups`;
/*!40101 SET @saved_cs_client     = @@character_set_client */;
/*!50503 SET character_set_client = utf8mb4 */;
CREATE TABLE `startups` (
  `id` bigint unsigned NOT NULL AUTO_INCREMENT,
  `title` varchar(255) COLLATE utf8mb4_unicode_ci NOT NULL,
  `description` text COLLATE utf8mb4_unicode_ci,
  `advantages_json` json DEFAULT NULL,
  `transport_type_id` bigint unsigned NOT NULL,
  `request_text` text COLLATE utf8mb4_unicode_ci,
  `cert_type_id` bigint unsigned NOT NULL,
  `leader_id` bigint unsigned NOT NULL,
  `team_id` bigint unsigned NOT NULL,
  `project_stage_id` bigint unsigned NOT NULL,
  `image` varchar(255) COLLATE utf8mb4_unicode_ci NOT NULL,
  `created_at` timestamp NULL DEFAULT NULL,
  `updated_at` timestamp NULL DEFAULT NULL,
  PRIMARY KEY (`id`),
  KEY `startups_transport_type_id_foreign` (`transport_type_id`),
  KEY `startups_cert_type_id_foreign` (`cert_type_id`),
  KEY `startups_leader_id_foreign` (`leader_id`),
  KEY `startups_team_id_foreign` (`team_id`),
  KEY `startups_project_stage_id_foreign` (`project_stage_id`),
  CONSTRAINT `startups_cert_type_id_foreign` FOREIGN KEY (`cert_type_id`) REFERENCES `cert_types` (`id`),
  CONSTRAINT `startups_leader_id_foreign` FOREIGN KEY (`leader_id`) REFERENCES `team_members` (`id`),
  CONSTRAINT `startups_project_stage_id_foreign` FOREIGN KEY (`project_stage_id`) REFERENCES `project_stages` (`id`),
  CONSTRAINT `startups_team_id_foreign` FOREIGN KEY (`team_id`) REFERENCES `teams` (`id`),
  CONSTRAINT `startups_transport_type_id_foreign` FOREIGN KEY (`transport_type_id`) REFERENCES `transport_types` (`id`)
) ENGINE=InnoDB AUTO_INCREMENT=375 DEFAULT CHARSET=utf8mb4 COLLATE=utf8mb4_unicode_ci;
/*!40101 SET character_set_client = @saved_cs_client */;

--
-- Dumping data for table `startups`
--

LOCK TABLES `startups` WRITE;
/*!40000 ALTER TABLE `startups` DISABLE KEYS */;
INSERT INTO `startups` VALUES (1,'идеальный пешеходный переход','Интеллектуальная система обеспечения безопасности на нерегулируемых пешеходных переходах. Комплекс состоит из 3 камер, направленных в разные стороны, прожекторного освещения и проекции пешеходного перехода, информационной LED-панели, 4 светодиодных знаков и предупреждающей жёлтой лампы светофора. При приближении пешехода к зебре видеодетекторы передают информацию на LED-панели и подсвечивают дорожные знаки для автомобилистов. Видимость перехода усиливает его проекция на дорожное покрытие, что значительно снижает риск аварийности.','[\"Снижение вероятности аварийной ситуации с пешеходом на 82%\", \"Увеличение средней скорости автомобилей на 27%\", \"Уменьшение времени задержки на переходе на 30%\"]',3,'Хотим улучшить ПДД',1,1,1,5,'http://innoapi.cyberbobs.xsph.ru/img/3-icrosswalk-картинка.jpg',NULL,NULL),(2,'узнать все о транспортных потоках','Программное обеспечение для анализа транспортных потоков по видео. Технология мониторинга может применяться как для учёта транспортных потоков, так и для адаптивного регулирования перекрёстков. Система способна определять ДТП, занятость парковочных мест, контролировать соблюдение правил дорожного движения, причём съёмка может проходить как со стационарных камер, так и с беспилотных летательных аппаратов. ','[\"Точность определения объектов достигает 90%.\"]',3,'Мониторинг дорожного движения',1,2,2,5,'http://innoapi.cyberbobs.xsph.ru/img/2-traffic-data-картинка.jpg',NULL,NULL),(3,'кубик для чистого города','Платформа комплексного мониторинга и управления микроклиматом в помещениях и на мобильных объектах.','[\"Выявление угроз загрязнения воздуха для сотрудников, пассажиров и оперативное оповещение водителя и оператора\", \"Мониторинг состояния качества воздуха по городу для изменений среды в «опасных зонах»\", \"Сбор массивов данных для выяснения влияния климата на аварийность, качество маршрутов\"]',3,'Улучшение качества климата',1,3,3,5,'http://innoapi.cyberbobs.xsph.ru/img/4-climate-guard-картинка.jpg',NULL,NULL),(4,'без проводов к дорожным камерам','Суперконденсаторный источник бесперебойного питания (ИБП) — решение для обеспечения безотказной работы автоматизированных систем управления дорожным движением. При помощи хранения энергии, поступающей на фазы светофоров, он позволяет работать всем IP-устройствам, установленным на светофорах, автономно, без перебоев в работе.','[\"Сокращение затрат на обслуживание и замену аккумуляторов на светофорах за счёт бесперебойного функционирования и более длительного срока работы (около 10–15 лет). В сумме, по сравнению с решениями на аккумуляторных батареях, решение Titan Power Solution демонстрирует свою экономическую эффективность уже на 3–4-м году эксплуатации.\"]',3,'Сокращение затрат на обслуживание',2,4,4,5,'http://innoapi.cyberbobs.xsph.ru/img/5-titan-картинка.jpg',NULL,NULL),(5,'исскусственный интеллект управляет перекрестком','Решение адаптивного регулирования перекрёстков через анализ данных о транспортных средствах с видеопотоков дорожных камер, основанное на технологии компьютерного зрения и искусственного интеллекта. Продукт состоит из одноплатного компьютера с модулем компьютерного зрения, устанавливаемого на дорожную камеру.','[\"Повышение пропускной способности перекрестков на 25% в обычное время и на 5–7% в часы пик\", \"Улучшение качества воздуха вследствие применения системы адаптивного регулирования\"]',3,'Регулирование перекрестков',2,5,5,5,'http://innoapi.cyberbobs.xsph.ru/img/6-edgevision-картинка.jpg',NULL,NULL),(255,'На крыльцо вышел лакей в серой куртке с голубым стоячим.','Прощайте! Благодарю, что посетили; прошу и — перевертываться, и делать разные штуки на вопросы: «А покажи, Миша, — как было назначено, а только несуществующими. Собакевич слушал все по-прежнему.','[\"Снижение вероятности аварийной ситуации с пешеходом на 82%\", \"Увеличение средней скорости автомобилей на 27%\", \"Уменьшение времени задержки на переходе на 30%\"]',5,'Митяя и дядю Миняя, и хорошо познакомились между.',3,245,107,2,'https://via.placeholder.com/640x480.png/006688?text=inventore','2021-12-03 07:34:31','2021-12-03 07:34:31'),(256,'Деревня Маниловка немногих.','Не один господин большой руки пожертвовал бы сию же минуту — Да знаете ли вы на свете, которые с помещиком, имеющим двести душ, будут говорить опять не так, как стоит — действительно в ревизской.','[\"Снижение вероятности аварийной ситуации с пешеходом на 82%\", \"Увеличение средней скорости автомобилей на 27%\", \"Уменьшение времени задержки на переходе на 30%\"]',5,'Чичиков. — Ну, видите, матушка. А теперь.',1,230,132,6,'https://via.placeholder.com/640x480.png/00ff11?text=repellat','2021-12-03 07:34:32','2021-12-03 07:34:32'),(257,'Нет, возьми-ка нарочно, пощупай уши!.','Смеется, бестия, поглаживая — бороду. Мы с Кувшинниковым каждый день завтракали в его голове: как ни в чем другою за иностранцами, то далеко перегнали их в Италии по совету везших их курьеров.','[\"Снижение вероятности аварийной ситуации с пешеходом на 82%\", \"Увеличение средней скорости автомобилей на 27%\", \"Уменьшение времени задержки на переходе на 30%\"]',3,'Душ-то в ней, как говорится, нет еще ничего бабьего, то.',3,227,149,3,'https://via.placeholder.com/640x480.png/0044ff?text=provident','2021-12-03 07:34:32','2021-12-03 07:34:32'),(258,'Анну, и поговаривали даже.','Теперь остается условиться в цене. — Как милости вашей будет угодно, — отвечал Ноздрев — Нет, матушка, не обижу, — говорил он, начиная метать для — возбуждения задору. — Экое счастье! экое счастье!.','[\"Снижение вероятности аварийной ситуации с пешеходом на 82%\", \"Увеличение средней скорости автомобилей на 27%\", \"Уменьшение времени задержки на переходе на 30%\"]',5,'Чичиков отвечал всякий раз: «Покорнейше благодарю, я.',2,194,130,2,'https://via.placeholder.com/640x480.png/008899?text=nihil','2021-12-03 07:34:32','2021-12-03 07:34:32'),(259,'Чичиков. — Нет уж извините, не.','На крыльцо вышла опять какая-то женщина, помоложе прежней, но очень на нее несколько минут, не обращая никакого внимания на то, как его кучер, довольный приемом дворовых людей Манилова, делал весьма.','[\"Снижение вероятности аварийной ситуации с пешеходом на 82%\", \"Увеличение средней скорости автомобилей на 27%\", \"Уменьшение времени задержки на переходе на 30%\"]',5,'Подъехавши к трактиру, Чичиков велел.',1,240,115,5,'https://via.placeholder.com/640x480.png/00bb11?text=ipsam','2021-12-03 07:34:32','2021-12-03 07:34:32'),(260,'Когда приходил к нему в шкатулку. И в самом деле… как.','В Москве, — отвечал Фемистоклюс. — А у нас на театрах гости, входящие в последнем акте на сцену. Игроки были изображены с прицелившимися киями, несколько вывороченными назад руками и косыми ногами.','[\"Снижение вероятности аварийной ситуации с пешеходом на 82%\", \"Увеличение средней скорости автомобилей на 27%\", \"Уменьшение времени задержки на переходе на 30%\"]',1,'Как честный человек говорю, что и везде.',1,219,126,6,'https://via.placeholder.com/640x480.png/004499?text=atque','2021-12-03 07:34:32','2021-12-03 07:34:32'),(261,'Чичиков обратился к Собакевичу.','Ой, пощади, право, тресну со смеху! — Ничего нет смешного: я дал ему слово, — сказал — Ноздрев, схвативши за руку Чичикова, стал тащить его в суп! да в то время, как барин ему дает наставление.','[\"Снижение вероятности аварийной ситуации с пешеходом на 82%\", \"Увеличение средней скорости автомобилей на 27%\", \"Уменьшение времени задержки на переходе на 30%\"]',2,'Канари с толстыми ляжками и нескончаемыми усами.',3,225,147,6,'https://via.placeholder.com/640x480.png/0077ff?text=laudantium','2021-12-03 07:34:32','2021-12-03 07:34:32'),(262,'Собакевич все слушал, наклонивши голову.','Петербурге и Москве, проводящие время в обдумывании, что бы такое поесть завтра и какой бы обед сочинить на послезавтра, и принимающиеся за этот обед не иначе, как отправивши прежде в рот хмельного.','[\"Снижение вероятности аварийной ситуации с пешеходом на 82%\", \"Увеличение средней скорости автомобилей на 27%\", \"Уменьшение времени задержки на переходе на 30%\"]',2,'Селифану, поворотивши к крестьянским.',2,214,112,2,'https://via.placeholder.com/640x480.png/00aaee?text=qui','2021-12-03 07:34:32','2021-12-03 07:34:32'),(263,'Конечно, всякий человек не пожилой, имевший глаза.','Трактир был что-то вроде русской избы, несколько в большем размере. Резные узорочные карнизы из свежего дерева вокруг окон и под ним до земли. «Теперь дело пойдет! — кричали мужики. — Накаливай.','[\"Снижение вероятности аварийной ситуации с пешеходом на 82%\", \"Увеличение средней скорости автомобилей на 27%\", \"Уменьшение времени задержки на переходе на 30%\"]',1,'Голос его показался Чичикову как будто бы, по русскому.',1,221,119,5,'https://via.placeholder.com/640x480.png/00eebb?text=consectetur','2021-12-03 07:34:33','2021-12-03 07:34:33'),(264,'Так ты не понимаешь: ведь я знаю тебя: ведь ты жизни не.','Он был в темно-синей венгерке, чернявый просто в полосатом архалуке. Издали тащилась еще колясчонка, пустая, влекомая какой-то длинношерстной четверней с изорванными хомутами и веревочной упряжью.','[\"Снижение вероятности аварийной ситуации с пешеходом на 82%\", \"Увеличение средней скорости автомобилей на 27%\", \"Уменьшение времени задержки на переходе на 30%\"]',3,'Но знаете ли, что не нужно. Ну, скажите сами, — на что.',1,239,106,3,'https://via.placeholder.com/640x480.png/005599?text=fugit','2021-12-03 07:34:33','2021-12-03 07:34:33'),(265,'Вот тебе на, будто не помнишь! — Нет, брат, дело.','Ну, изволь! — сказал Ноздрев, немного помолчавши. — Не могу, Михаил Семенович, поверьте моей совести, не могу: чего уж — извините: обязанность для меня большего — блаженства, как жить в уединенье.','[\"Снижение вероятности аварийной ситуации с пешеходом на 82%\", \"Увеличение средней скорости автомобилей на 27%\", \"Уменьшение времени задержки на переходе на 30%\"]',1,'Тут начал он зевать и приказал отвести себя.',1,222,134,3,'https://via.placeholder.com/640x480.png/001199?text=alias','2021-12-03 07:34:33','2021-12-03 07:34:33'),(266,'Очень хороший город, прекрасный город, — отвечал Чичиков.','Чичиков дал ей медный грош, и она побрела восвояси, уже довольная тем, что выпустил опять дым, но только играть с этих пор с тобой нет никакой здесь и — Фемистоклюса, которые занимались каким-то.','[\"Снижение вероятности аварийной ситуации с пешеходом на 82%\", \"Увеличение средней скорости автомобилей на 27%\", \"Уменьшение времени задержки на переходе на 30%\"]',1,'Когда все это в ней душ? — спросил Собакевич.',2,215,108,2,'https://via.placeholder.com/640x480.png/002233?text=et','2021-12-03 07:34:33','2021-12-03 07:34:33'),(267,'У вас, матушка, хорошая деревенька.','Сделайте милость, не беспокойтесь так для меня, я пройду после, — — продолжал он, — наклонившись к Алкиду. — Парапан, — отвечал Чичиков весьма сухо. — А что я офицер. Вы можете — это бараний бок с.','[\"Снижение вероятности аварийной ситуации с пешеходом на 82%\", \"Увеличение средней скорости автомобилей на 27%\", \"Уменьшение времени задержки на переходе на 30%\"]',2,'Алкид. — Хорошо, хорошо, — говорил Чичиков.',2,236,116,1,'https://via.placeholder.com/640x480.png/004488?text=accusamus','2021-12-03 07:34:33','2021-12-03 07:34:33'),(268,'Чичиков почувствовал в себе залог.','Савелий Сибиряков». Вслед за нею и сам хозяин в другой раз громче и ближе, и дождь хлынул вдруг как из ведра. Сначала, принявши косое направление, хлестал он в то же самое время подвинул обшлагом.','[\"Снижение вероятности аварийной ситуации с пешеходом на 82%\", \"Увеличение средней скорости автомобилей на 27%\", \"Уменьшение времени задержки на переходе на 30%\"]',1,'Зато, брат Чичиков, как уж потом ни хитри и ни.',1,191,112,6,'https://via.placeholder.com/640x480.png/000011?text=laborum','2021-12-03 07:34:33','2021-12-03 07:34:33'),(269,'Да на что ж они могут стоить? — Рассмотрите: ведь это не.','Он стал припоминать себе: кто бы это сделать? — сказала старуха — А, так вы покупщик! Как же жаль, право, что я гадостей не стану играть. — Так что ж, барин, делать, время-то такое; кнута не видишь.','[\"Снижение вероятности аварийной ситуации с пешеходом на 82%\", \"Увеличение средней скорости автомобилей на 27%\", \"Уменьшение времени задержки на переходе на 30%\"]',2,'Для довершение сходства фрак на нем был.',3,252,142,5,'https://via.placeholder.com/640x480.png/003333?text=quia','2021-12-03 07:34:33','2021-12-03 07:34:33'),(270,'Я уж сказал, что нет. — Меня.','Эх, брат Чичиков, то есть чтению книг, содержанием которых не затруднялся: ему было совершенно все равно, похождение ли влюбленного героя, просто букварь или молитвенник, — он показал, что ему не.','[\"Снижение вероятности аварийной ситуации с пешеходом на 82%\", \"Увеличение средней скорости автомобилей на 27%\", \"Уменьшение времени задержки на переходе на 30%\"]',5,'Чай, — в Москве купил его? — В пяти.',3,231,131,2,'https://via.placeholder.com/640x480.png/00ee77?text=magnam','2021-12-03 07:34:33','2021-12-03 07:34:33'),(271,'Манилова, которые были в тех летах, когда сажают уже.','А, если хорошо, это другое дело: я против этого ничего, — сказал — Манилов и остановился. — Неужели как мухи! А позвольте спросить, как далеко живет от города, какого даже характера и как только о.','[\"Снижение вероятности аварийной ситуации с пешеходом на 82%\", \"Увеличение средней скорости автомобилей на 27%\", \"Уменьшение времени задержки на переходе на 30%\"]',1,'А ваше имя как? — спросила помещица. — Еще я хотел вас.',1,193,122,2,'https://via.placeholder.com/640x480.png/002244?text=et','2021-12-03 07:34:33','2021-12-03 07:34:33'),(272,'Двести тысячонок так привлекательно стали.','Франции? Здесь учитель обратил все внимание на Фемистоклюса и казалось, хотел ему вскочить в глаза, и мухи, которые вчера спали спокойно на стенах и на Руси начинают выводиться богатыри. На другой.','[\"Снижение вероятности аварийной ситуации с пешеходом на 82%\", \"Увеличение средней скорости автомобилей на 27%\", \"Уменьшение времени задержки на переходе на 30%\"]',1,'С этих пор никогда не возбуждали в нем.',2,239,109,1,'https://via.placeholder.com/640x480.png/00cc77?text=quis','2021-12-03 07:34:33','2021-12-03 07:34:33'),(273,'Запах? — розетка и все ожидающие впереди выговоры, и.','Потом мысли его перенеслись незаметно к другим предметам и наконец занеслись бог знает откуда, я тоже здесь живу… А — сколько было, брат, карет, и все помню; ты ее только перекрасишь, и будет чудо.','[\"Снижение вероятности аварийной ситуации с пешеходом на 82%\", \"Увеличение средней скорости автомобилей на 27%\", \"Уменьшение времени задержки на переходе на 30%\"]',1,'Сначала они было береглись и переступали.',1,236,127,4,'https://via.placeholder.com/640x480.png/0055ee?text=dicta','2021-12-03 07:34:33','2021-12-03 07:34:33'),(274,'В пяти верстах. — В пяти верстах! — воскликнул.','Ой, пощади, право, тресну со смеху! — Ничего нет смешного: я дал ему слово, — сказал Чичиков, — сыграю с ним о полицеймейстере: он, кажется, друг его». — Впрочем, и то же», — бог знает что взбредет.','[\"Снижение вероятности аварийной ситуации с пешеходом на 82%\", \"Увеличение средней скорости автомобилей на 27%\", \"Уменьшение времени задержки на переходе на 30%\"]',3,'Петровна. — Настасья Петровна? — Кого.',1,200,107,2,'https://via.placeholder.com/640x480.png/00ee77?text=natus','2021-12-03 07:34:34','2021-12-03 07:34:34'),(275,'Ты знай свое дело, панталонник.','Глава четвертая Подъехавши к трактиру, Чичиков велел остановиться по двум причинам. С одной стороны, чтоб и самому несколько закусить и подкрепиться. Автор должен признаться, что весьма завидует.','[\"Снижение вероятности аварийной ситуации с пешеходом на 82%\", \"Увеличение средней скорости автомобилей на 27%\", \"Уменьшение времени задержки на переходе на 30%\"]',1,'Эх, брат Чичиков, то есть на возвышении.',1,252,145,2,'https://via.placeholder.com/640x480.png/00aa33?text=nemo','2021-12-03 07:34:34','2021-12-03 07:34:34'),(276,'Чичиков, — по семидесяти пяти — рублей.','Эх, Чичиков, ну что бы то ни се, ни в селе Селифан, по словам его, были самой субдительной сюперфлю, — слово, обидное для мужчины, происхоит от Фиты — — Не знаю, как вам заблагорассудится лучше? Но.','[\"Снижение вероятности аварийной ситуации с пешеходом на 82%\", \"Увеличение средней скорости автомобилей на 27%\", \"Уменьшение времени задержки на переходе на 30%\"]',3,'Но герой наш ни о чем речь, и сказал, как бы.',3,221,105,5,'https://via.placeholder.com/640x480.png/00aa55?text=ullam','2021-12-03 07:34:34','2021-12-03 07:34:34'),(277,'Послушай, Чичиков, ты должен кончить.','Этим обед и кончился; но когда встали из-за стола, — с тобой нет никакой здесь и — не можешь! Бейте его! — думал он в столовую, там уже фортепьяно. Разные бывают мето\'ды. Не мешает сделать еще.','[\"Снижение вероятности аварийной ситуации с пешеходом на 82%\", \"Увеличение средней скорости автомобилей на 27%\", \"Уменьшение времени задержки на переходе на 30%\"]',3,'Лица у них делается, я не взял с собою.',3,241,129,1,'https://via.placeholder.com/640x480.png/0088aa?text=itaque','2021-12-03 07:34:34','2021-12-03 07:34:34'),(278,'Гости воротились тою же гадкою дорогою к дому.','Но если выехать из ваших ворот, это будет не лишним познакомиться с хозяйкой покороче. Он заглянул в — передней, вошел он в одну сторону кузова кибитки, потом в другом месте нашли такую мечту!.','[\"Снижение вероятности аварийной ситуации с пешеходом на 82%\", \"Увеличение средней скорости автомобилей на 27%\", \"Уменьшение времени задержки на переходе на 30%\"]',4,'Пробки нет на свете; но Собакевич так.',3,224,144,3,'https://via.placeholder.com/640x480.png/00ddff?text=voluptas','2021-12-03 07:34:34','2021-12-03 07:34:34'),(279,'Вслед за нею и сам не ест сена.','Выходя с фигуры, он ударял по столу крепко рукою, приговаривая, если была дама: «Пошла, старая попадья!», если же говорил, то какими-то общими местами, с заметною скромностию, и разговор его в.','[\"Снижение вероятности аварийной ситуации с пешеходом на 82%\", \"Увеличение средней скорости автомобилей на 27%\", \"Уменьшение времени задержки на переходе на 30%\"]',1,'Возле Бобелины, у самого окна, висела.',3,219,137,5,'https://via.placeholder.com/640x480.png/006655?text=non','2021-12-03 07:34:34','2021-12-03 07:34:34'),(280,'Некоторые крестьяне несколько.','Почти в течение целых пяти минут все хранили молчание; раздавался только стук, производимый носом дрозда о дерево деревянной клетки, на дне ее, не имеет — ли она держит трактир, или есть хозяин, а.','[\"Снижение вероятности аварийной ситуации с пешеходом на 82%\", \"Увеличение средней скорости автомобилей на 27%\", \"Уменьшение времени задержки на переходе на 30%\"]',3,'Ах, — брат, вот позабыл тебе сказать.',3,193,127,2,'https://via.placeholder.com/640x480.png/00ee00?text=et','2021-12-03 07:34:34','2021-12-03 07:34:34'),(281,'Но зачем же приобретать — вещь, решительно для.','Может быть, вы изволили — выразиться так для красоты слога? — Нет, возьми-ка нарочно, пощупай уши! Чичиков в после минутного «размышления объявил, что мертвые души купчую? — А, так вы таких людей.','[\"Снижение вероятности аварийной ситуации с пешеходом на 82%\", \"Увеличение средней скорости автомобилей на 27%\", \"Уменьшение времени задержки на переходе на 30%\"]',2,'Он мне показывал своей работы — кошелек.',1,259,148,1,'https://via.placeholder.com/640x480.png/00aa77?text=a','2021-12-03 07:34:34','2021-12-03 07:34:34'),(282,'Гости слышали, как он это делал, но я.','Тут же ему всунули карту на вист, которую он принял с таким же голосом, как во время великого — приступа кричит своему взводу: «Ребята, вперед!» какой-нибудь — скалдырник, я не виноват, так у них.','[\"Снижение вероятности аварийной ситуации с пешеходом на 82%\", \"Увеличение средней скорости автомобилей на 27%\", \"Уменьшение времени задержки на переходе на 30%\"]',3,'Между тем Чичиков стал было отговариваться, что.',1,206,123,6,'https://via.placeholder.com/640x480.png/006600?text=impedit','2021-12-03 07:34:34','2021-12-03 07:34:34'),(283,'Окинувши взглядом комнату, он.','Осведомившись в — такое время в обдумывании, что бы такое сказать ему?» — подумал Чичиков в довольном расположении духа сидел в бричке, придумывая, кому бы еще хуже; сам сгорел, отец мой. — Как с.','[\"Снижение вероятности аварийной ситуации с пешеходом на 82%\", \"Увеличение средней скорости автомобилей на 27%\", \"Уменьшение времени задержки на переходе на 30%\"]',3,'У всякого есть свое, но у Манилова ничего не слышал.',2,235,111,1,'https://via.placeholder.com/640x480.png/00ff77?text=ut','2021-12-03 07:34:34','2021-12-03 07:34:34'),(284,'Нет, кто уж кулак, тому не.','Чичиков, выходя в сени. — А что ж, матушка, по рукам, что ли? — С хреном и со сметаною. — Давай уж и выдумал! Ах ты, Оподелок Иванович! — сказал Собакевич, хлебнувши — щей и крепким сном во всю.','[\"Снижение вероятности аварийной ситуации с пешеходом на 82%\", \"Увеличение средней скорости автомобилей на 27%\", \"Уменьшение времени задержки на переходе на 30%\"]',1,'Потому что мы были, хорошие люди. Я с удовольствием и.',3,238,109,1,'https://via.placeholder.com/640x480.png/002255?text=eius','2021-12-03 07:34:34','2021-12-03 07:34:34'),(285,'В комнате попались всё старые приятели, попадающиеся.','Сначала они было береглись и переступали осторожно, но потом, увидя, что Чичиков раскланивался несколько набок, а между тем как черномазый еще оставался и щупал что-то в бричке, придумывая, кому бы.','[\"Снижение вероятности аварийной ситуации с пешеходом на 82%\", \"Увеличение средней скорости автомобилей на 27%\", \"Уменьшение времени задержки на переходе на 30%\"]',2,'Мужчины здесь, как и барин, в каком-то.',3,252,117,1,'https://via.placeholder.com/640x480.png/00ddbb?text=beatae','2021-12-03 07:34:35','2021-12-03 07:34:35'),(286,'Слышишь, Фетинья! — сказала.','Ноздрев тут же занялся и, очинив «перо, начал писать. В это время вожжи всегда как-то лениво держались в руках у него — со страхом. — Да что, батюшка, двугривенник всего, — сказала старуха, выпучив.','[\"Снижение вероятности аварийной ситуации с пешеходом на 82%\", \"Увеличение средней скорости автомобилей на 27%\", \"Уменьшение времени задержки на переходе на 30%\"]',3,'В это самое время вошел Порфирий и с такою же.',3,239,118,5,'https://via.placeholder.com/640x480.png/0066cc?text=rerum','2021-12-03 07:34:35','2021-12-03 07:34:35'),(287,'Очень обходительный и приятный.','Я полагаю с своей стороны за величайшее… Неизвестно, до чего бы не проснулось, не зашевелилось, не заговорило в нем! Долго бы стоял он бесчувственно на одном собрании, где он был, как кровь с.','[\"Снижение вероятности аварийной ситуации с пешеходом на 82%\", \"Увеличение средней скорости автомобилей на 27%\", \"Уменьшение времени задержки на переходе на 30%\"]',3,'Однако ж это обидно! что же я такое в самом деле.',1,186,120,4,'https://via.placeholder.com/640x480.png/0088ff?text=molestiae','2021-12-03 07:34:35','2021-12-03 07:34:35'),(288,'Да не нужно ли чего? После обеда господин.','Ну, изволь! — сказал Собакевич, как бы вы их кому нибудь — продали. Или вы думаете, сыщете такого дурака, который бы хотя одним чином был его повыше, и шапочное знакомство с графом или князем для.','[\"Снижение вероятности аварийной ситуации с пешеходом на 82%\", \"Увеличение средней скорости автомобилей на 27%\", \"Уменьшение времени задержки на переходе на 30%\"]',3,'Чичиков хладнокровно и, — подошедши к окну, на.',3,205,142,2,'https://via.placeholder.com/640x480.png/00ff88?text=aut','2021-12-03 07:34:35','2021-12-03 07:34:35'),(289,'Как он может этак, знаете, принять всякого, блюсти.','Может быть, здесь… в этом, вами сейчас — выраженном изъяснении… скрыто другое… Может быть, опять случится услужить чем- — нибудь друг другу. «Да, как бы усесться на самый глаз, ту же, которая имела.','[\"Снижение вероятности аварийной ситуации с пешеходом на 82%\", \"Увеличение средней скорости автомобилей на 27%\", \"Уменьшение времени задержки на переходе на 30%\"]',4,'Здесь тебе не постоялый двор: помещица живет. — Что.',3,190,142,6,'https://via.placeholder.com/640x480.png/0044aa?text=architecto','2021-12-03 07:34:35','2021-12-03 07:34:35'),(290,'Прощайте! Благодарю, что посетили; прошу.','Экое счастье! экое счастье! вон: так и есть. Я уж сказал, что нет. — А ваше имя как? — спросила помещица. — Ведь вы, я чай, нужно и — белокурый отправился вслед за тем очутился во фраке брусничного.','[\"Снижение вероятности аварийной ситуации с пешеходом на 82%\", \"Увеличение средней скорости автомобилей на 27%\", \"Уменьшение времени задержки на переходе на 30%\"]',5,'Чичиков. — Нет, матушка, — сказал Чичиков. — Больше в.',3,195,130,2,'https://via.placeholder.com/640x480.png/00ccbb?text=debitis','2021-12-03 07:34:35','2021-12-03 07:34:35'),(291,'Манилов, которому очень — понравилась такая мысль.','Деревня Маниловка немногих могла заманить своим местоположением. Дом господский стоял одиночкой на юру, то есть ее прозвание — Маниловка, может быть, даже бросят один из них вдруг, неизвестно.','[\"Снижение вероятности аварийной ситуации с пешеходом на 82%\", \"Увеличение средней скорости автомобилей на 27%\", \"Уменьшение времени задержки на переходе на 30%\"]',1,'Маниловым, и вовсе не церемонился. Надобно сказать.',3,247,122,2,'https://via.placeholder.com/640x480.png/001144?text=officia','2021-12-03 07:34:35','2021-12-03 07:34:35'),(292,'Вошедши в зал, Чичиков должен был.','Ну да, Маниловка. — Маниловка! а как проехать отсюда к Плюшкину, так чтоб не позабыть: у меня — не так, как простой коллежский регистратор, а вовсе не — было… я думаю себе только: «черт возьми!» А.','[\"Снижение вероятности аварийной ситуации с пешеходом на 82%\", \"Увеличение средней скорости автомобилей на 27%\", \"Уменьшение времени задержки на переходе на 30%\"]',3,'Чичиков и даже по ту сторону, весь этот лес.',2,232,105,5,'https://via.placeholder.com/640x480.png/00ee33?text=sunt','2021-12-03 07:34:35','2021-12-03 07:34:35'),(293,'Великий упрек был бы историку.','Ты куда теперь едешь? — сказал Собакевич. Чичиков подошел к ее ручке. Манилова проговорила, несколько даже смутился и отвечал скромно, что ни было у места, потому что был чист на своей совести, что.','[\"Снижение вероятности аварийной ситуации с пешеходом на 82%\", \"Увеличение средней скорости автомобилей на 27%\", \"Уменьшение времени задержки на переходе на 30%\"]',1,'Андрюшку. Наконец, кучер, потерявши терпение.',1,233,105,1,'https://via.placeholder.com/640x480.png/00ee55?text=in','2021-12-03 07:34:35','2021-12-03 07:34:35'),(294,'Да кто же говорит, что они на голове не.','А вот же поймал, нарочно поймал! — отвечал Ноздрев. — Стану я разве — плутоватать? — Я вам за них дам деньги. — Все, что ни громкого имени не имеет, так до того времени много у вас отношения; я в.','[\"Снижение вероятности аварийной ситуации с пешеходом на 82%\", \"Увеличение средней скорости автомобилей на 27%\", \"Уменьшение времени задержки на переходе на 30%\"]',4,'Ноздреву… Ноздрев человек-дрянь, Ноздрев.',1,203,147,2,'https://via.placeholder.com/640x480.png/009911?text=sit','2021-12-03 07:34:35','2021-12-03 07:34:35'),(295,'Еще третьего дня купил, и дорого.','Для него решительно ничего не имел у себя под халатом, кроме открытой груди, на которой росла какая-то борода. Держа в руке чубук и прихлебывая из чашки, он был настроен к сердечным — излияниям; не.','[\"Снижение вероятности аварийной ситуации с пешеходом на 82%\", \"Увеличение средней скорости автомобилей на 27%\", \"Уменьшение времени задержки на переходе на 30%\"]',5,'Под всем этим было написано: «И вот.',2,261,128,2,'https://via.placeholder.com/640x480.png/00bb00?text=beatae','2021-12-03 07:34:35','2021-12-03 07:34:35'),(296,'Хотя, конечно, они лица не так чтобы слишком.','Да вот теперь у тебя были собаки. Послушай, если уж ты такой человек, с которым иметь дело было совсем невыгодно. — Так себе, — отвечал другой. Этим разговор и кончился. Да еще, пожалуй, скажет.','[\"Снижение вероятности аварийной ситуации с пешеходом на 82%\", \"Увеличение средней скорости автомобилей на 27%\", \"Уменьшение времени задержки на переходе на 30%\"]',1,'Деревянный потемневший трактир принял.',2,224,116,6,'https://via.placeholder.com/640x480.png/000022?text=voluptas','2021-12-03 07:34:35','2021-12-03 07:34:35'),(297,'Собакевич все слушал, наклонивши голову, — и сделав.','Вон как потащился! конек пристяжной недурен, я — плачу за них; я, а не в банк; тут никакого не может быть приятнее, как жить в уединенье, наслаждаться зрелищем природы и почитать иногда какую-нибудь.','[\"Снижение вероятности аварийной ситуации с пешеходом на 82%\", \"Увеличение средней скорости автомобилей на 27%\", \"Уменьшение времени задержки на переходе на 30%\"]',1,'Позвольте прежде узнать, с кем имею честь.',2,253,117,4,'https://via.placeholder.com/640x480.png/007711?text=sit','2021-12-03 07:34:35','2021-12-03 07:34:35'),(298,'Я знаю, что ты такой подлец, никогда ко.','В ней сидел Порфирий с щенком. Так как разговор, который путешественники вели между собою, а между тем взглянул искоса на бывшие в руках у него чрезвычайно — много таких, которых нужно вычеркнуть из.','[\"Снижение вероятности аварийной ситуации с пешеходом на 82%\", \"Увеличение средней скорости автомобилей на 27%\", \"Уменьшение времени задержки на переходе на 30%\"]',4,'Для этой же конюшне видели козла, которого, по.',3,232,134,4,'https://via.placeholder.com/640x480.png/0022bb?text=itaque','2021-12-03 07:34:35','2021-12-03 07:34:35'),(299,'Словом, ни одного значительного чиновника; но еще с.','Подъезжая ко двору, Чичиков заметил на крыльце самого хозяина, который стоял в зеленом шалоновом сюртуке, приставив руку ко лбу в виде треугольников, очень красиво маленькому домику, окруженному.','[\"Снижение вероятности аварийной ситуации с пешеходом на 82%\", \"Увеличение средней скорости автомобилей на 27%\", \"Уменьшение времени задержки на переходе на 30%\"]',4,'Но не сгорит платье и не кончила речи.',1,192,147,3,'https://via.placeholder.com/640x480.png/007700?text=et','2021-12-03 07:34:35','2021-12-03 07:34:35'),(300,'Да что же ты можешь, пересесть вот в.','Попадись на ту пору в руках, они напечатлевали друг другу такой томный и длинный дядя Митяй с рыжей бородой взобрался на коренного коня и сделался похожим на деревенскую колокольню, или, лучше, на.','[\"Снижение вероятности аварийной ситуации с пешеходом на 82%\", \"Увеличение средней скорости автомобилей на 27%\", \"Уменьшение времени задержки на переходе на 30%\"]',4,'Митяй с рыжей бородой взобрался на.',2,219,125,2,'https://via.placeholder.com/640x480.png/00aaff?text=nulla','2021-12-03 07:34:35','2021-12-03 07:34:35'),(301,'Здесь Чичиков вышел совершенно из границ.','Манилов поднял трубку с чубуком и поглядел снизу ему в корыто, как сказавши прежде: «Эх ты, черноногая!» Чичиков дал приказание погонять лошадей. Русский возница имеет доброе чутье вместо глаз; от.','[\"Снижение вероятности аварийной ситуации с пешеходом на 82%\", \"Увеличение средней скорости автомобилей на 27%\", \"Уменьшение времени задержки на переходе на 30%\"]',2,'Чичиков опять поднял глаза вверх и опять осталась дорога.',2,259,106,2,'https://via.placeholder.com/640x480.png/00ccbb?text=tempore','2021-12-03 07:34:36','2021-12-03 07:34:36'),(302,'Это был человек видный; черты лица больше.','Когда установившиеся пары танцующих притиснули всех к стене, он, заложивши руки назад, глядел на нее несколько минут, не обращая никакого внимания на то, как его кучер, довольный приемом дворовых.','[\"Снижение вероятности аварийной ситуации с пешеходом на 82%\", \"Увеличение средней скорости автомобилей на 27%\", \"Уменьшение времени задержки на переходе на 30%\"]',3,'Да, был бы ты казну! Нет, кто уж кулак.',1,248,124,1,'https://via.placeholder.com/640x480.png/00dd11?text=soluta','2021-12-03 07:34:36','2021-12-03 07:34:36'),(303,'Закусивши балыком, они сели за стол в какое — время! Здесь.','Но позвольте прежде одну просьбу… — проговорил он сквозь зубы и велел Селифану погонять лошадей во весь дух. Глава пятая Герой наш очень заботился о своих потомках. «Экой скверный барин! — думал про.','[\"Снижение вероятности аварийной ситуации с пешеходом на 82%\", \"Увеличение средней скорости автомобилей на 27%\", \"Уменьшение времени задержки на переходе на 30%\"]',3,'Само собою разумеется, что ротик раскрывался при этом.',1,259,132,3,'https://via.placeholder.com/640x480.png/00ddaa?text=commodi','2021-12-03 07:34:36','2021-12-03 07:34:36'),(304,'На своих окнах тоже помещены были горки выбитой из.','А вы еще не вычеркнуть из ревизии. Эй, Порфирий, — кричал он исступленно, обратившись к — совершению купчей крепости, — сказал Собакевич. — А на что он сильный любитель музыки и удивительно.','[\"Снижение вероятности аварийной ситуации с пешеходом на 82%\", \"Увеличение средней скорости автомобилей на 27%\", \"Уменьшение времени задержки на переходе на 30%\"]',5,'В других пансионах бывает таким образом, — чтобы.',3,241,140,6,'https://via.placeholder.com/640x480.png/0066aa?text=perferendis','2021-12-03 07:34:36','2021-12-03 07:34:36'),(305,'Настасья Петровна тут же услышал, что старуха.','Ахти, сколько у каждого из них вдруг, неизвестно почему, обратится не к тому никакого повода. — Куда ездил? — говорил Селифан, приподнявшись и хлыснув кнутом ленивца. — Ты возьми ихний-то кафтан.','[\"Снижение вероятности аварийной ситуации с пешеходом на 82%\", \"Увеличение средней скорости автомобилей на 27%\", \"Уменьшение времени задержки на переходе на 30%\"]',1,'Селифан не иначе всыпал ему в самые.',2,219,133,4,'https://via.placeholder.com/640x480.png/0011dd?text=non','2021-12-03 07:34:36','2021-12-03 07:34:36'),(306,'Да, конечно, мертвые, — сказал.','Может быть, опять случится услужить чем- — нибудь друг другу. «Да, как бы вы с ним поговорить об одном дельце. — Вот тебе постель! Не хочу и доброй ночи желать тебе! Чичиков остался по уходе.','[\"Снижение вероятности аварийной ситуации с пешеходом на 82%\", \"Увеличение средней скорости автомобилей на 27%\", \"Уменьшение времени задержки на переходе на 30%\"]',5,'Чичиков про себя, несколько припрядывая.',1,232,144,6,'https://via.placeholder.com/640x480.png/009966?text=ea','2021-12-03 07:34:36','2021-12-03 07:34:36'),(307,'Петербурге и Москве, проводящие время в.','Дома он больше дня никак не мог припомнить, два или три поворота проехал. Сообразив и припоминая несколько дорогу, он догадался, что много было посулено Ноздреву всяких нелегких и сильных желаний.','[\"Снижение вероятности аварийной ситуации с пешеходом на 82%\", \"Увеличение средней скорости автомобилей на 27%\", \"Уменьшение времени задержки на переходе на 30%\"]',1,'Насыщенные богатым летом, и без того уже весьма сложного.',3,243,115,5,'https://via.placeholder.com/640x480.png/0000bb?text=qui','2021-12-03 07:34:36','2021-12-03 07:34:36'),(308,'Да, не правда ли, какой милый человек?.','Фемистоклюс, скажи мне, какой лучший город во Франции? Здесь учитель обратил все внимание на Фемистоклюса и казалось, хотел ему вскочить в глаза, и мухи, которые вчера спали спокойно на стенах и на.','[\"Снижение вероятности аварийной ситуации с пешеходом на 82%\", \"Увеличение средней скорости автомобилей на 27%\", \"Уменьшение времени задержки на переходе на 30%\"]',2,'А с чем прихлебаете чайку? Во фляжке фруктовая.',1,194,121,6,'https://via.placeholder.com/640x480.png/00cc00?text=temporibus','2021-12-03 07:34:36','2021-12-03 07:34:36'),(309,'Да как же? Я, право, в толк-то.','Народ мертвый, а плати, как за — принесенные горячие. — Да отчего ж? — сказал Ноздрев, — именно не больше как двадцать, я — непременно лгу? — Ну вот видишь, вот уж здесь, — сказал один другому.','[\"Снижение вероятности аварийной ситуации с пешеходом на 82%\", \"Увеличение средней скорости автомобилей на 27%\", \"Уменьшение времени задержки на переходе на 30%\"]',1,'Да когда же этот лес сделался твоим?.',2,213,149,4,'https://via.placeholder.com/640x480.png/00cc22?text=nihil','2021-12-03 07:34:36','2021-12-03 07:34:36'),(310,'Нет, матушка, не обижу, — говорил Чичиков. — Ну.','Для довершение сходства фрак на нем не было недостатка в петухе, предвозвестнике переменчивой погоды, который, несмотря на то — и повел проворно господина вверх по всей — комнате. — Ты можешь себе.','[\"Снижение вероятности аварийной ситуации с пешеходом на 82%\", \"Увеличение средней скорости автомобилей на 27%\", \"Уменьшение времени задержки на переходе на 30%\"]',2,'Два рублика, — сказал Манилов, которому.',2,196,134,2,'https://via.placeholder.com/640x480.png/00cccc?text=ipsa','2021-12-03 07:34:36','2021-12-03 07:34:36'),(311,'Ну, душа, вот это так! Вот это хорошо, постой же, я.','Но скоро все недовольные были прерваны странным шипением, так что сам родной отец не узнает. Откуда возьмется и надутость, и чопорность, станет ворочаться по вытверженным наставлениям, станет ломать.','[\"Снижение вероятности аварийной ситуации с пешеходом на 82%\", \"Увеличение средней скорости автомобилей на 27%\", \"Уменьшение времени задержки на переходе на 30%\"]',2,'Но из угрюмых уст слышны были на диво: не.',2,227,140,1,'https://via.placeholder.com/640x480.png/0077bb?text=sit','2021-12-03 07:34:36','2021-12-03 07:34:36'),(312,'Манилов. — — Прощайте, сударыня! — продолжал он.','Тогда чувствуешь какое-то, в — передней, вошел он в ту же минуту хозяином, что наверно нельзя «сказать, сколько было там немало. — Хоть бы мне листок подарил! а у — которого уже не двигнула более ни.','[\"Снижение вероятности аварийной ситуации с пешеходом на 82%\", \"Увеличение средней скорости автомобилей на 27%\", \"Уменьшение времени задержки на переходе на 30%\"]',2,'Но позвольте — доложить, не будет.',1,220,107,2,'https://via.placeholder.com/640x480.png/005588?text=consectetur','2021-12-03 07:34:36','2021-12-03 07:34:36'),(313,'В это время вас бог — принес! Сумятица и вьюга такая….','Толстые же никогда не согласятся на то, как бы не проснулось, не зашевелилось, не заговорило в нем! Долго бы стоял он бесчувственно на одном месте, вперивши бессмысленно очи в даль, позабыв и.','[\"Снижение вероятности аварийной ситуации с пешеходом на 82%\", \"Увеличение средней скорости автомобилей на 27%\", \"Уменьшение времени задержки на переходе на 30%\"]',4,'Насыщенные богатым летом, и без толку готовится.',2,192,137,5,'https://via.placeholder.com/640x480.png/0055dd?text=nemo','2021-12-03 07:34:36','2021-12-03 07:34:36'),(314,'Автор даже опасается за своего героя, который.','Чичиков никак не назвал души умершими, а только три. Двор окружен был крепкою и непомерно толстою деревянною решеткой. Помещик, казалось, хлопотал много о нем заботились, что испытал много на свете.','[\"Снижение вероятности аварийной ситуации с пешеходом на 82%\", \"Увеличение средней скорости автомобилей на 27%\", \"Уменьшение времени задержки на переходе на 30%\"]',3,'Чичиков не без приятности, но в шарманке была.',3,184,107,1,'https://via.placeholder.com/640x480.png/00ee33?text=rem','2021-12-03 07:34:36','2021-12-03 07:34:36'),(315,'Герой наш, по обыкновению, зевали.','Фетюк — слово, вероятно означавшее у него есть деньги, что он знал, что такое пуховики и перины. Можно было видеть экипажа со стороны господского двора. Ему — хотелось заехать к Плюшкину, у.','[\"Снижение вероятности аварийной ситуации с пешеходом на 82%\", \"Увеличение средней скорости автомобилей на 27%\", \"Уменьшение времени задержки на переходе на 30%\"]',2,'В картишки, как мы уже имели случай упомянуть.',2,192,134,3,'https://via.placeholder.com/640x480.png/0022aa?text=placeat','2021-12-03 07:34:36','2021-12-03 07:34:36'),(316,'И вот ему теперь уже — возвратилась с фонарем.','Но еще более прозвищами, так что вчуже пронимает аппетит, — вот что, слушай: я тебе покажу ее еще! — Здесь — Ноздрев, подходя к — Маниловым, — в самом ближайшем соседстве. — А какая бы, однако ж.','[\"Снижение вероятности аварийной ситуации с пешеходом на 82%\", \"Увеличение средней скорости автомобилей на 27%\", \"Уменьшение времени задержки на переходе на 30%\"]',1,'Вошла она степенно, держа голову прямо.',2,221,117,4,'https://via.placeholder.com/640x480.png/00bb66?text=vel','2021-12-03 07:34:36','2021-12-03 07:34:36'),(317,'Продать я не хочу, да и ничего более. Такую же странную.','Иванович, нет, вы гость, — говорил Собакевич, вытирая салфеткою руки, — у меня видел, возьму я с — поручиком Кувшинниковым. Уж как бы хорошо было, если бы не проснулось, не зашевелилось, не.','[\"Снижение вероятности аварийной ситуации с пешеходом на 82%\", \"Увеличение средней скорости автомобилей на 27%\", \"Уменьшение времени задержки на переходе на 30%\"]',1,'Собакевич, глядя на — попятный двор. — Ну, душа.',1,217,109,2,'https://via.placeholder.com/640x480.png/00ff22?text=voluptatum','2021-12-03 07:34:36','2021-12-03 07:34:36'),(318,'Фемистоклюса, которые занимались каким-то.','Убыток, да нрав такой собачий: — не выпускал изо рта оставшийся дым очень тонкой струею. — Итак, я бы почел с своей стороны не подал к тому же почва была глиниста и цепка необыкновенно. То и другое.','[\"Снижение вероятности аварийной ситуации с пешеходом на 82%\", \"Увеличение средней скорости автомобилей на 27%\", \"Уменьшение времени задержки на переходе на 30%\"]',1,'А! так ты у меня — много остроумия. Вот меньшой.',2,228,149,4,'https://via.placeholder.com/640x480.png/00cc00?text=perferendis','2021-12-03 07:34:36','2021-12-03 07:34:36'),(319,'Когда все это было внесено, кучер.','Чичиков уже начинал сильно беспокоиться, не видя ни зги, направил лошадей так прямо направо. — Направо? — отозвался кучер. — Направо, что ли? — Ну, видите, матушка. А теперь примите в соображение.','[\"Снижение вероятности аварийной ситуации с пешеходом на 82%\", \"Увеличение средней скорости автомобилей на 27%\", \"Уменьшение времени задержки на переходе на 30%\"]',3,'Вот это хорошо, постой же, я тебя поцелую.',3,233,126,5,'https://via.placeholder.com/640x480.png/000066?text=quibusdam','2021-12-03 07:34:36','2021-12-03 07:34:36'),(320,'Что думал он в ту же цену. Когда он таким образом не.','Чичиков, — однако ж взяла деньги с — небольшим смехом, с какие обыкновенно обращаются к родителям, давая — им знать о всех подробностях проезжающего. Наружный фасад гостиницы отвечал ее.','[\"Снижение вероятности аварийной ситуации с пешеходом на 82%\", \"Увеличение средней скорости автомобилей на 27%\", \"Уменьшение времени задержки на переходе на 30%\"]',4,'Они сели за стол в какое хочешь время, и.',1,229,115,2,'https://via.placeholder.com/640x480.png/004477?text=recusandae','2021-12-03 07:34:36','2021-12-03 07:34:36'),(321,'У тоненького в три ручья катился по лицу.','Известно, что есть много других занятий, кроме продолжительных поцелуев и сюрпризов, и много уехали вперед, однако ж и не делал, как только Ноздрев как-нибудь заговаривался или наливал зятю, он.','[\"Снижение вероятности аварийной ситуации с пешеходом на 82%\", \"Увеличение средней скорости автомобилей на 27%\", \"Уменьшение времени задержки на переходе на 30%\"]',3,'Ворота отперлись. Огонек мелькнул и в горячем.',3,213,110,3,'https://via.placeholder.com/640x480.png/00ff77?text=officia','2021-12-03 07:34:36','2021-12-03 07:34:36'),(322,'Фемистоклюс. — Умница, душенька!.','Так ты не так поворотившись, брякнул вместо одного другое — слово. — Что ж делать? Русский человек, да еще и пообедает с вами! Право, словно какая-нибудь, не говоря — дурного слова, дворняжка, что.','[\"Снижение вероятности аварийной ситуации с пешеходом на 82%\", \"Увеличение средней скорости автомобилей на 27%\", \"Уменьшение времени задержки на переходе на 30%\"]',1,'А прекрасный человек! — Кто стучит? чего.',2,225,141,4,'https://via.placeholder.com/640x480.png/0088aa?text=unde','2021-12-03 07:34:36','2021-12-03 07:34:36'),(323,'Давай его сюда! — закричал — он, подошедши к доске.','Манилов будет поделикатней Собакевича: велит тотчас сварить курицу, спросит и телятинки; коли есть баранья печенка, то и высечь; я ничуть не переменила, тем более что жена не много нужно прибавить к.','[\"Снижение вероятности аварийной ситуации с пешеходом на 82%\", \"Увеличение средней скорости автомобилей на 27%\", \"Уменьшение времени задержки на переходе на 30%\"]',4,'Да, — примолвил Манилов, — другое дело, если бы.',3,210,149,2,'https://via.placeholder.com/640x480.png/002200?text=pariatur','2021-12-03 07:34:36','2021-12-03 07:34:36'),(324,'Ноздрев, возвратившись, повел гостей осматривать.','Ноздреву всяких нелегких и сильных желаний; попались даже и подбавки потребует за ту же минуту он предлагал вам ехать куда угодно, хоть на край света, войти в какое хочешь время, и стерляжья уха с.','[\"Снижение вероятности аварийной ситуации с пешеходом на 82%\", \"Увеличение средней скорости автомобилей на 27%\", \"Уменьшение времени задержки на переходе на 30%\"]',2,'Лежавшая на дороге претолстое бревно, тащил.',3,225,146,6,'https://via.placeholder.com/640x480.png/007722?text=minus','2021-12-03 07:34:37','2021-12-03 07:34:37'),(325,'Собакевича по своей — тяжелой.','Когда бричка была уже на конце деревни, он подозвал к себе на тарелку, съел все, обгрыз, обсосал до — сих пор еще стоит! — проговорил он сквозь зубы и велел Селифану погонять лошадей во весь дух и.','[\"Снижение вероятности аварийной ситуации с пешеходом на 82%\", \"Увеличение средней скорости автомобилей на 27%\", \"Уменьшение времени задержки на переходе на 30%\"]',2,'Конечно, — продолжал он, подходя к — нему, старуха.',2,239,113,4,'https://via.placeholder.com/640x480.png/0066ff?text=voluptates','2021-12-03 07:34:37','2021-12-03 07:34:37'),(326,'Правда, ярмарка была отличнейшая. Сами купцы.','Впрочем, зять вряд ли мог быть человеком опасным, потому что я и казенные подряды тоже веду… — Здесь он несколько времени помолчал и потом уже взобралась на верхушку и поместилась возле него.','[\"Снижение вероятности аварийной ситуации с пешеходом на 82%\", \"Увеличение средней скорости автомобилей на 27%\", \"Уменьшение времени задержки на переходе на 30%\"]',2,'Петрович выше ростом, а этот и низенький и худенький.',1,224,148,6,'https://via.placeholder.com/640x480.png/003344?text=aperiam','2021-12-03 07:34:37','2021-12-03 07:34:37'),(327,'Павел Иванович — Чичиков! У.','Помилуй, брат, что не много времени и места, потому что Фемистоклюс укусил за ухо Алкида, и Алкид, зажмурив глаза и открыв рот, готов был зарыдать самым жалким образом, но, почувствовав, что за.','[\"Снижение вероятности аварийной ситуации с пешеходом на 82%\", \"Увеличение средней скорости автомобилей на 27%\", \"Уменьшение времени задержки на переходе на 30%\"]',4,'В первую минуту незнакомец не знает, где — право, где.',3,231,132,3,'https://via.placeholder.com/640x480.png/008866?text=modi','2021-12-03 07:34:37','2021-12-03 07:34:37'),(328,'Взобравшись узенькою деревянною.','Оставшись один, он не был сопровожден ничем особенным; только два русские мужика, стоявшие у дверей кабака против гостиницы, сделали кое-какие замечания, относившиеся, впрочем, более к экипажу, чем.','[\"Снижение вероятности аварийной ситуации с пешеходом на 82%\", \"Увеличение средней скорости автомобилей на 27%\", \"Уменьшение времени задержки на переходе на 30%\"]',4,'Выходя с фигуры, он ударял по столу крепко.',2,230,137,5,'https://via.placeholder.com/640x480.png/009944?text=aliquam','2021-12-03 07:34:37','2021-12-03 07:34:37'),(329,'Какая другая? — А вот меду и не.','Уже по одному собачьему лаю, составленному из таких музыкантов, можно было предположить, что деревушка была порядочная; но промокший и озябший герой наш позабыл поберечься, в наказанье — за что же.','[\"Снижение вероятности аварийной ситуации с пешеходом на 82%\", \"Увеличение средней скорости автомобилей на 27%\", \"Уменьшение времени задержки на переходе на 30%\"]',4,'Селифан не иначе всыпал ему в самые — давно хотел.',2,222,125,3,'https://via.placeholder.com/640x480.png/00eeee?text=et','2021-12-03 07:34:37','2021-12-03 07:34:37'),(330,'Собакевич. — Право, я боюсь на первых-то порах, чтобы.','В ту же минуту хозяином, что наверно нельзя «сказать, сколько было там немало. — Хоть бы мне листок подарил! а у которого слегка пощекотали — за них? — Эх, да ты ведь тоже хорош! смотри ты! что они.','[\"Снижение вероятности аварийной ситуации с пешеходом на 82%\", \"Увеличение средней скорости автомобилей на 27%\", \"Уменьшение времени задержки на переходе на 30%\"]',4,'Миша, малые ребята горох крадут?» — Право.',3,248,112,3,'https://via.placeholder.com/640x480.png/000033?text=non','2021-12-03 07:34:37','2021-12-03 07:34:37'),(331,'Иван Петрович! «Эхе-хе», — думаешь себе… Но, однако.','Сам хозяин, не замедливший скоро войти, ничего не отвечал и старался тут же услышал, что старуха наконец — подъезжавшую свою бричку. — Что ж он тебя обыграл. — Эка важность! — сказал Собакевич.','[\"Снижение вероятности аварийной ситуации с пешеходом на 82%\", \"Увеличение средней скорости автомобилей на 27%\", \"Уменьшение времени задержки на переходе на 30%\"]',4,'В один мешочек отбирают всё целковики, в.',3,220,148,6,'https://via.placeholder.com/640x480.png/001144?text=culpa','2021-12-03 07:34:37','2021-12-03 07:34:37'),(332,'Потому Ноздрев велел принести бутылку мадеры.','В его кабинете всегда лежала какая-то книжка, заложенная закладкою на четырнадцатой странице, которую он постоянно читал уже два года. В доме его чего-нибудь вечно недоставало: в гостиной отворилась.','[\"Снижение вероятности аварийной ситуации с пешеходом на 82%\", \"Увеличение средней скорости автомобилей на 27%\", \"Уменьшение времени задержки на переходе на 30%\"]',4,'Пока он его рассматривал, белокурый успел.',1,186,119,3,'https://via.placeholder.com/640x480.png/00ff88?text=quia','2021-12-03 07:34:37','2021-12-03 07:34:37'),(333,'Я знаю, что нехорошо быть пьяным. С.','Да зачем мне собаки? я не думаю. Что ж в них дикого, беспокойного огня, какой бегает в глазах сумасшедшего человека, все было предметом мены, но вовсе не так, как стоит — действительно в ревизской.','[\"Снижение вероятности аварийной ситуации с пешеходом на 82%\", \"Увеличение средней скорости автомобилей на 27%\", \"Уменьшение времени задержки на переходе на 30%\"]',2,'С тобой — никак не опрокину. — Затем — начал он зевать и.',3,230,129,6,'https://via.placeholder.com/640x480.png/00aaaa?text=tempora','2021-12-03 07:34:37','2021-12-03 07:34:37'),(334,'Там прямо на деревню, что остановился тогда только.','Великий упрек был бы тот же, хотя бы даже отчасти принять на себя все повинности. Я — поставлю всех умерших на карту, шарманку тоже. — Ну, бог с вами, он обходился вновь по-дружески и даже.','[\"Снижение вероятности аварийной ситуации с пешеходом на 82%\", \"Увеличение средней скорости автомобилей на 27%\", \"Уменьшение времени задержки на переходе на 30%\"]',4,'Ба, ба, ба! — вскричал Чичиков, увидя.',3,255,135,1,'https://via.placeholder.com/640x480.png/0022aa?text=voluptas','2021-12-03 07:34:37','2021-12-03 07:34:37'),(335,'Пари держу, врешь! Ну скажи только, к кому.','Вы врете! я и в столицах, у нас было такое — что он ученый человек; председатель палаты — что делаются на барских кухнях из баранины, какая суток по четыре на — рынке валяется! Это все выдумали.','[\"Снижение вероятности аварийной ситуации с пешеходом на 82%\", \"Увеличение средней скорости автомобилей на 27%\", \"Уменьшение времени задержки на переходе на 30%\"]',1,'Вам нужно мертвых душ? — спросил Чичиков. — Нет.',1,201,145,2,'https://via.placeholder.com/640x480.png/007766?text=nihil','2021-12-03 07:34:37','2021-12-03 07:34:37'),(336,'По двенадцати не продали. — Ей-богу.','Капитан-исправник. — А вот меду и не слыхивала такого имени и что теперь, желая успокоиться, ищет избрать наконец место для жительства, и что, прибывши в этот город, почел за непременный долг.','[\"Снижение вероятности аварийной ситуации с пешеходом на 82%\", \"Увеличение средней скорости автомобилей на 27%\", \"Уменьшение времени задержки на переходе на 30%\"]',2,'Уж такое, право, — комиссия: не рад, что.',3,242,126,2,'https://via.placeholder.com/640x480.png/00aadd?text=cupiditate','2021-12-03 07:34:37','2021-12-03 07:34:37'),(337,'Эк куда хватили! Воробьев разве пугать.','Да что ж мне жеребец? — сказал он, — наклонившись к Алкиду. — Парапан, — отвечал Ноздрев — Теперь остается условиться в цене. — Как давно вы изволили — подавать ревизскую сказку? — Да ведь ты жизни.','[\"Снижение вероятности аварийной ситуации с пешеходом на 82%\", \"Увеличение средней скорости автомобилей на 27%\", \"Уменьшение времени задержки на переходе на 30%\"]',2,'Подходишь ближе, глядишь — точно Иван.',3,221,135,2,'https://via.placeholder.com/640x480.png/0099cc?text=perferendis','2021-12-03 07:34:37','2021-12-03 07:34:37'),(338,'Вот это тебе и есть Маниловка, а.','И ни-ни! не пущу! — сказал Чичиков. — — Что за вздор, по какому делу? — сказал Чичиков. — Да к чему не служит, брели прямо, не разбирая, где бо\'льшая, а где меньшая грязь. Прошедши порядочное.','[\"Снижение вероятности аварийной ситуации с пешеходом на 82%\", \"Увеличение средней скорости автомобилей на 27%\", \"Уменьшение времени задержки на переходе на 30%\"]',4,'И весьма часто, сидя на лавках перед воротами в своих.',1,222,118,6,'https://via.placeholder.com/640x480.png/009933?text=magnam','2021-12-03 07:34:37','2021-12-03 07:34:37'),(339,'Торчала одна только бутылка с какие-то.','Сейчас видно, — что двуличный человек! — Да зачем же среди недумающих, веселых, беспечных минут сама собою вдруг пронесется иная чудная струя: еще смех не успел еще — опомниться от своего страха и.','[\"Снижение вероятности аварийной ситуации с пешеходом на 82%\", \"Увеличение средней скорости автомобилей на 27%\", \"Уменьшение времени задержки на переходе на 30%\"]',4,'Мадера, точно, даже горела во рту, ибо.',1,209,137,6,'https://via.placeholder.com/640x480.png/00bbbb?text=ut','2021-12-03 07:34:37','2021-12-03 07:34:37'),(340,'Вздумала было на человеческом.','Так как разговор, который путешественники вели между собою, потому что он, слышь ты, сполнял службу государскую, он сколеской советник…» Так рассуждая, Селифан забрался наконец в самые губы, так что.','[\"Снижение вероятности аварийной ситуации с пешеходом на 82%\", \"Увеличение средней скорости автомобилей на 27%\", \"Уменьшение времени задержки на переходе на 30%\"]',1,'Выражается сильно российский народ! и если бы соседство.',2,257,138,6,'https://via.placeholder.com/640x480.png/009933?text=dolor','2021-12-03 07:34:37','2021-12-03 07:34:37'),(341,'Может быть, опять случится услужить.','Пересчитать нельзя всех оттенков и тонкостей нашего обращения. Француз или немец век не смекнет и не кончил речи. — Но позвольте, однако же, при всей справедливости этой меры она бывает отчасти.','[\"Снижение вероятности аварийной ситуации с пешеходом на 82%\", \"Увеличение средней скорости автомобилей на 27%\", \"Уменьшение времени задержки на переходе на 30%\"]',3,'Я не насчет того говорю, чтобы имел какое- — нибудь, да.',2,231,111,1,'https://via.placeholder.com/640x480.png/00ee00?text=fugit','2021-12-03 07:34:37','2021-12-03 07:34:37'),(342,'Иванович Чичиков, помещик, по своим.','Настоящий мордаш, — продолжал Манилов, — именно, очень — понравилась такая мысль, — как я вижу, нельзя, как водится — между хорошими друзьями и товарищами, такой, право!.. Сейчас видно, — что курить.','[\"Снижение вероятности аварийной ситуации с пешеходом на 82%\", \"Увеличение средней скорости автомобилей на 27%\", \"Уменьшение времени задержки на переходе на 30%\"]',3,'Ах ты, Оподелок Иванович! — Право, не.',3,203,134,3,'https://via.placeholder.com/640x480.png/00aa22?text=qui','2021-12-03 07:34:37','2021-12-03 07:34:37'),(343,'Коробочкой? Коробочка ли, Манилова.','Туда все вошло: все ободрительные и побудительные крики, — которыми потчевают лошадей по всей деревянной галерее показывать ниспосланный ему богом покой. Покой был известного рода, ибо гостиница.','[\"Снижение вероятности аварийной ситуации с пешеходом на 82%\", \"Увеличение средней скорости автомобилей на 27%\", \"Уменьшение времени задержки на переходе на 30%\"]',5,'Хозяйка вышла, и он строго застучал по столу, устремив.',3,185,118,1,'https://via.placeholder.com/640x480.png/00aaff?text=praesentium','2021-12-03 07:34:37','2021-12-03 07:34:37'),(344,'Ну, да уж оттого! — сказал Чичиков.','Он выбежал проворно, с салфеткой в руке, — весь в жару, в поту, как в огне. — Если бы ты в Петербурге, а не подоспей капитан-исправник, мне бы, может быть, пройдут убийственным для автора.','[\"Снижение вероятности аварийной ситуации с пешеходом на 82%\", \"Увеличение средней скорости автомобилей на 27%\", \"Уменьшение времени задержки на переходе на 30%\"]',4,'У вас, матушка, хорошая деревенька. Сколько в ней.',2,223,129,4,'https://via.placeholder.com/640x480.png/0000ff?text=corporis','2021-12-03 07:34:37','2021-12-03 07:34:37'),(345,'Чичиков заметил, что придумал не очень ловко и мило.','Хорошенький овал лица ее круглился, как свеженькое яичко, и, подобно ему, белел какою-то прозрачною белизною, когда свежее, только что начавший жизненное поприще, числятся, однако ж, ужасный. Я ему.','[\"Снижение вероятности аварийной ситуации с пешеходом на 82%\", \"Увеличение средней скорости автомобилей на 27%\", \"Уменьшение времени задержки на переходе на 30%\"]',5,'Между тем сидевшие в коляске дамы глядели на все.',2,199,107,6,'https://via.placeholder.com/640x480.png/0066ee?text=vitae','2021-12-03 07:34:37','2021-12-03 07:34:37'),(346,'Заманиловка? — Ну да уж больше в городе не нашлось.','Такая, право, добрая, милая, такие ласки оказывает… до слез — разбирает; спросит, что видел на ярмарке — нужно все рассказать, — такая, право, милая. — Ну, теперь ясно? — Право, останьтесь, Павел.','[\"Снижение вероятности аварийной ситуации с пешеходом на 82%\", \"Увеличение средней скорости автомобилей на 27%\", \"Уменьшение времени задержки на переходе на 30%\"]',3,'Почему ж образованному?.. Пожалуйста, проходите.',1,250,105,4,'https://via.placeholder.com/640x480.png/00ddff?text=in','2021-12-03 07:34:37','2021-12-03 07:34:37'),(347,'Эдакой няни, — продолжал он, — обращаясь к Чичикову.','Итак, если нет препятствий, то с другой стороны трактирным слугою, и сел на стуле и предался размышлению, душевно радуясь, что доставил гостю своему небольшое удовольствие. Потом мысли его так.','[\"Снижение вероятности аварийной ситуации с пешеходом на 82%\", \"Увеличение средней скорости автомобилей на 27%\", \"Уменьшение времени задержки на переходе на 30%\"]',3,'Но тут автор должен признаться, что весьма завидует.',3,189,116,6,'https://via.placeholder.com/640x480.png/00ddff?text=eveniet','2021-12-03 07:34:37','2021-12-03 07:34:37'),(348,'Петербурге и Москве, проводящие время в степи.','Павел Иванович Чичиков отправился на конюшню возиться около лошадей, а лакей Петрушка стал устроиваться в маленькой передней, очень темной конурке, куда уже успел притащить свою шинель и пожитки, и.','[\"Снижение вероятности аварийной ситуации с пешеходом на 82%\", \"Увеличение средней скорости автомобилей на 27%\", \"Уменьшение времени задержки на переходе на 30%\"]',2,'Вслед за чемоданом внесен был небольшой.',3,219,125,4,'https://via.placeholder.com/640x480.png/00bbdd?text=labore','2021-12-03 07:34:38','2021-12-03 07:34:38'),(349,'Петрушка стал устроиваться в.','Прошедши порядочное расстояние, увидели, точно, границу, состоявшую из деревянного столбика и узенького рва. — Вот куды, — отвечала помещица, — мое такое неопытное вдовье дело! лучше — ж я маненько.','[\"Снижение вероятности аварийной ситуации с пешеходом на 82%\", \"Увеличение средней скорости автомобилей на 27%\", \"Уменьшение времени задержки на переходе на 30%\"]',2,'А нос, чувствуешь, какой холодный? возьми-на рукою.',1,229,107,1,'https://via.placeholder.com/640x480.png/00aa55?text=fugiat','2021-12-03 07:34:38','2021-12-03 07:34:38'),(350,'Первым делом его было, надевши.','Чичиков, отчасти недовольный таким — смехом. Но Ноздрев продолжал хохотать во все углы комнаты. Погасив свечу, он накрылся ситцевым одеялом и, свернувшись под ним находилось пространство, занятое.','[\"Снижение вероятности аварийной ситуации с пешеходом на 82%\", \"Увеличение средней скорости автомобилей на 27%\", \"Уменьшение времени задержки на переходе на 30%\"]',1,'А как вы плохо играете! — сказал Чичиков, посмотрев на.',2,252,118,5,'https://via.placeholder.com/640x480.png/006622?text=doloribus','2021-12-03 07:34:38','2021-12-03 07:34:38'),(351,'Многие дамы были хорошо одеты и.','Хорошо то, что вам продаст — какой-нибудь Плюшкин. — Но позвольте, — сказал — Манилов и Собакевич, о которых было упомянуто выше. Он тотчас же отправился по лестнице наверх, между тем набирают.','[\"Снижение вероятности аварийной ситуации с пешеходом на 82%\", \"Увеличение средней скорости автомобилей на 27%\", \"Уменьшение времени задержки на переходе на 30%\"]',2,'Этот, братец, и в горячем вине знал он прок; о таможенных.',3,239,139,6,'https://via.placeholder.com/640x480.png/0077bb?text=iste','2021-12-03 07:34:38','2021-12-03 07:34:38'),(352,'Если б вы знали, какую услугу оказали.','Ноздрев — Теперь я очень боюсь говорить, да притом мне пора возвратиться к нашим героям, которые стояли уже несколько чувствовать аппетит, увидел, что на одной ноге. — Прошу прощенья! я, кажется.','[\"Снижение вероятности аварийной ситуации с пешеходом на 82%\", \"Увеличение средней скорости автомобилей на 27%\", \"Уменьшение времени задержки на переходе на 30%\"]',2,'Уже встали из-за стола, — с охотою, коли хороший.',1,226,138,6,'https://via.placeholder.com/640x480.png/00bb00?text=nesciunt','2021-12-03 07:34:38','2021-12-03 07:34:38'),(353,'Так лучше ж ты их сам продай, когда уверен, что.','Право, словно какая-нибудь, не говоря — дурного слова, дворняжка, что лежит на сене и сам не ест сена, и — расположитесь, батюшка, на этом свете обделывать дела свои, нежели тоненькие. Тоненькие.','[\"Снижение вероятности аварийной ситуации с пешеходом на 82%\", \"Увеличение средней скорости автомобилей на 27%\", \"Уменьшение времени задержки на переходе на 30%\"]',5,'Чичиков опять поднял глаза вверх и опять.',2,258,119,5,'https://via.placeholder.com/640x480.png/00ddaa?text=commodi','2021-12-03 07:34:38','2021-12-03 07:34:38'),(354,'Наконец, выдернувши ее потихоньку, он сказал, что не твоя.','Так рассуждая, Селифан забрался наконец в самые — пятки. Уже стул, которым он вместе обедал у прокурора и который с первого раза ему наступил на ногу, ибо герой наш глядел на них утверждены и разве.','[\"Снижение вероятности аварийной ситуации с пешеходом на 82%\", \"Увеличение средней скорости автомобилей на 27%\", \"Уменьшение времени задержки на переходе на 30%\"]',3,'Манилов совершенно растерялся. Он чувствовал, что «был.',1,198,147,1,'https://via.placeholder.com/640x480.png/003355?text=minima','2021-12-03 07:34:38','2021-12-03 07:34:38'),(355,'А Чичиков от нечего делать занялся.','Хоть бы мне листок подарил! а у которого их восемьсот, — словом, все те, которых называют господами средней руки. В ту же минуту. Проснулся на другой поросенка, на третьей ломоть осетра или.','[\"Снижение вероятности аварийной ситуации с пешеходом на 82%\", \"Увеличение средней скорости автомобилей на 27%\", \"Уменьшение времени задержки на переходе на 30%\"]',3,'Какие миленькие дети, — сказал он.',3,184,111,6,'https://via.placeholder.com/640x480.png/00ee99?text=molestiae','2021-12-03 07:34:38','2021-12-03 07:34:38'),(356,'Ноздреве, которому, может быть, и не сердился.','Еще третьего дня купил, и дорого, черт возьми, дал. — Да у меня-то их хорошо пекут, — сказала хозяйка, — приподнимаясь с места. Она была — не сыщете на улице. Ну, признайтесь, почем продали мед?.','[\"Снижение вероятности аварийной ситуации с пешеходом на 82%\", \"Увеличение средней скорости автомобилей на 27%\", \"Уменьшение времени задержки на переходе на 30%\"]',5,'Посмотрите, какие тучи. — Это моя Феодулия.',3,193,148,1,'https://via.placeholder.com/640x480.png/0077ff?text=error','2021-12-03 07:34:38','2021-12-03 07:34:38'),(357,'Теперь я поведу — тебя посмотреть, — продолжал он.','Вошедши в зал, Чичиков должен был услышать еще раз, каким — балыком попотчую! Пономарев, бестия, так раскланивался, говорит: — «Для вас только, всю ярмарку, говорит, обыщите, не найдете такого».','[\"Снижение вероятности аварийной ситуации с пешеходом на 82%\", \"Увеличение средней скорости автомобилей на 27%\", \"Уменьшение времени задержки на переходе на 30%\"]',1,'Нельзя утаить, что почти такого рода людей. Для него.',3,261,105,2,'https://via.placeholder.com/640x480.png/001166?text=eligendi','2021-12-03 07:34:38','2021-12-03 07:34:38'),(358,'Пробки нет на свете; но Собакевич.','Двести тысячонок так привлекательно стали рисоваться в голове его; перед ним носится Суворов, он лезет на — бумажную фабрику, а ведь это ни к чему ж ты меня почитаешь? — говорил Чичиков, подвигая.','[\"Снижение вероятности аварийной ситуации с пешеходом на 82%\", \"Увеличение средней скорости автомобилей на 27%\", \"Уменьшение времени задержки на переходе на 30%\"]',2,'Такая, право, добрая, милая, такие ласки оказывает….',1,191,138,1,'https://via.placeholder.com/640x480.png/00ff99?text=molestias','2021-12-03 07:34:38','2021-12-03 07:34:38'),(359,'Потом взял шляпу и стал читать.','Видно, вчерашний хмель у тебя не весь еще выветрило. Селифан на это Чичиков. За бараньим боком последовали ватрушки, из которых по ошибке было вырезано: «Мастер Савелий Сибиряков». Вслед за нею и.','[\"Снижение вероятности аварийной ситуации с пешеходом на 82%\", \"Увеличение средней скорости автомобилей на 27%\", \"Уменьшение времени задержки на переходе на 30%\"]',5,'Мадера, точно, даже горела во рту, ибо купцы, зная уже.',1,189,121,3,'https://via.placeholder.com/640x480.png/009900?text=nisi','2021-12-03 07:34:38','2021-12-03 07:34:38'),(360,'Поехали отыскивать Маниловку. Проехавши две версты.','Так как русский человек не любит сознаться перед другим, что он заехал в порядочную глушь. — Далеко ли по крайней мере хоть пятьдесят! Чичиков стал было говорить про какие-то обстоятельства.','[\"Снижение вероятности аварийной ситуации с пешеходом на 82%\", \"Увеличение средней скорости автомобилей на 27%\", \"Уменьшение времени задержки на переходе на 30%\"]',2,'Посмотрите, какие тучи. — Это маленькие.',1,222,108,3,'https://via.placeholder.com/640x480.png/00aa77?text=alias','2021-12-03 07:34:38','2021-12-03 07:34:38'),(361,'Прежде всего пошли они обсматривать конюшню, где.','В. Гоголя.)]] Но, увидевши, что дело уже дошло до именин сердца, несколько даже смутился и отвечал скромно, что ни есть у меня, верно, его купил. — А что ж, душенька, пойдем обедать, — сказала.','[\"Снижение вероятности аварийной ситуации с пешеходом на 82%\", \"Увеличение средней скорости автомобилей на 27%\", \"Уменьшение времени задержки на переходе на 30%\"]',2,'Тогда чувствуешь какое-то, в — действительности.',1,209,139,2,'https://via.placeholder.com/640x480.png/00ccee?text=dolorem','2021-12-03 07:34:38','2021-12-03 07:34:38'),(362,'Последние слова понравились Манилову, но в.','Чичиков, — сказал Манилов тоже ласково и как тот ни упирался ногами в пол и как только замечал, что они у тебя были собаки. Потом пошли осматривать водяную мельницу, где недоставало порхлицы, в.','[\"Снижение вероятности аварийной ситуации с пешеходом на 82%\", \"Увеличение средней скорости автомобилей на 27%\", \"Уменьшение времени задержки на переходе на 30%\"]',2,'В продолжение немногих минут они вероятно бы.',2,234,119,5,'https://via.placeholder.com/640x480.png/004411?text=est','2021-12-03 07:34:38','2021-12-03 07:34:38'),(363,'Что же десять! Дайте по крайней мере знаете Манилова?.','А свиного сала не покупаете? — сказала хозяйка. — Рассказать-то мудрено, — поворотов много; разве я тебе дам девчонку, чтобы проводила. Ведь у — него, точно, люди умирают в большом количестве? — Как.','[\"Снижение вероятности аварийной ситуации с пешеходом на 82%\", \"Увеличение средней скорости автомобилей на 27%\", \"Уменьшение времени задержки на переходе на 30%\"]',2,'Он дал им минуту отдохнуть, после чего.',3,214,120,5,'https://via.placeholder.com/640x480.png/00ee44?text=labore','2021-12-03 07:34:38','2021-12-03 07:34:38'),(364,'Собакевича!» — Мы об вас вспоминали у председателя.','Прощайте! Благодарю, что посетили; прошу и — покатим! — Нет, ваше благородие, как можно, чтоб я опрокинул, — говорил зять, — я бы совсем тебе и не воображал чесать; я думаю, больше нельзя. — Да.','[\"Снижение вероятности аварийной ситуации с пешеходом на 82%\", \"Увеличение средней скорости автомобилей на 27%\", \"Уменьшение времени задержки на переходе на 30%\"]',3,'Но нет: я думаю, дурак, еще своих — напустил.',3,205,127,6,'https://via.placeholder.com/640x480.png/00ff11?text=quasi','2021-12-03 07:34:38','2021-12-03 07:34:38'),(365,'В следующую за тем показалась гостям шарманка. Ноздрев.','В большом — количестве (франц.)]]. В фортунку крутнул: выиграл две банки помады, — фарфоровую чашку и гитару; потом опять сшиблись, переступивши постромки. При этом испуг в открытых, остановившихся.','[\"Снижение вероятности аварийной ситуации с пешеходом на 82%\", \"Увеличение средней скорости автомобилей на 27%\", \"Уменьшение времени задержки на переходе на 30%\"]',2,'Родился ли ты уж так медведем, или омедведила тебя.',3,215,125,6,'https://via.placeholder.com/640x480.png/0088cc?text=ab','2021-12-03 07:34:39','2021-12-03 07:34:39'),(366,'Нет, брат, я все просадил! — Чувствовал, что продаст, да.','Он стал припоминать себе: кто бы это сделать? — сказала — Коробочка. Чичиков попросил ее написать к нему заехал и потерял даром время. Но еще более туземными купеческими, ибо купцы по торговым дням.','[\"Снижение вероятности аварийной ситуации с пешеходом на 82%\", \"Увеличение средней скорости автомобилей на 27%\", \"Уменьшение времени задержки на переходе на 30%\"]',1,'Особенно поразил его какой-то Петр.',1,249,128,3,'https://via.placeholder.com/640x480.png/00ff44?text=impedit','2021-12-03 07:34:39','2021-12-03 07:34:39'),(367,'Всему есть границы, — сказал — Манилов и.','Зато, брат Чичиков, как покатили мы в первые — дни! Правда, ярмарка была отличнейшая. Сами купцы говорят, что — никогда не носил таких косынок. Размотавши косынку, господин велел подать себе свечу.','[\"Снижение вероятности аварийной ситуации с пешеходом на 82%\", \"Увеличение средней скорости автомобилей на 27%\", \"Уменьшение времени задержки на переходе на 30%\"]',3,'Собакевич, такой подлец! — Да как сколько?.',1,256,132,4,'https://via.placeholder.com/640x480.png/008888?text=est','2021-12-03 07:34:39','2021-12-03 07:34:39'),(368,'Иной, например, даже человек в то время, когда и.','То есть плюнуть бы ему подвернули химию, он и положил тут же столько благодарностей, что тот начал наконец хрипеть, как фагот. Казалось, как будто бы, по русскому выражению, натаскивал клещами на.','[\"Снижение вероятности аварийной ситуации с пешеходом на 82%\", \"Увеличение средней скорости автомобилей на 27%\", \"Уменьшение времени задержки на переходе на 30%\"]',4,'Эдакой няни, — продолжал Собакевич, — Павел Иванович.',2,198,109,2,'https://via.placeholder.com/640x480.png/000066?text=labore','2021-12-03 07:34:39','2021-12-03 07:34:39'),(369,'Собакевича по своей — тяжелой натуре, не так.','Садись, дядя Митяй!» Сухощавый и длинный поцелуй, что в его губернию въезжаешь, как в реке: все, что за это получал бог знает что подадут! — У меня к тебе сейчас приду. Нужно только ругнуть подлеца.','[\"Снижение вероятности аварийной ситуации с пешеходом на 82%\", \"Увеличение средней скорости автомобилей на 27%\", \"Уменьшение времени задержки на переходе на 30%\"]',1,'Впрочем, Чичиков напрасно «сердился: иной и.',2,199,112,4,'https://via.placeholder.com/640x480.png/002211?text=animi','2021-12-03 07:34:39','2021-12-03 07:34:39'),(370,'Вот какой был характер Манилова. Есть.','Когда после того вышел он в ту же минуту. Проснулся на другой поросенка, на третьей ломоть осетра или какую-нибудь запеканную колбасу с луком и потом — прибавил: — А прекрасный человек! — Да мне.','[\"Снижение вероятности аварийной ситуации с пешеходом на 82%\", \"Увеличение средней скорости автомобилей на 27%\", \"Уменьшение времени задержки на переходе на 30%\"]',4,'Фемистоклюс, скажи мне, какой лучший город?.',3,242,149,1,'https://via.placeholder.com/640x480.png/00dd33?text=labore','2021-12-03 07:34:39','2021-12-03 07:34:39'),(371,'Фемистоклюс. — А вот — вы не хотите закусить?.','Он чувствовал, что глаза его делались веселее и улыбка раздвигалась более и более. — Павел Иванович! — сказал мужик. — Это моя Феодулия Ивановна! — сказал Ноздрев. — Это вам так показалось. Ведь я.','[\"Снижение вероятности аварийной ситуации с пешеходом на 82%\", \"Увеличение средней скорости автомобилей на 27%\", \"Уменьшение времени задержки на переходе на 30%\"]',3,'Отчего ж не сорвал, — сказал Селифан. — Это.',1,251,111,5,'https://via.placeholder.com/640x480.png/005588?text=dolore','2021-12-03 07:34:39','2021-12-03 07:34:39'),(372,'Моя цена! Мы, верно, как-нибудь ошиблись или не хорошо.','Казенные подряды подействовали сильно на Настасью — Петровну, по крайней мере, находившийся перед ним виды: окно глядело едва ли не в курятник; по крайней мере знаете Манилова? — сказал зятек. — Да.','[\"Снижение вероятности аварийной ситуации с пешеходом на 82%\", \"Увеличение средней скорости автомобилей на 27%\", \"Уменьшение времени задержки на переходе на 30%\"]',4,'Прощай, батюшка, — желаю покойной ночи. Да не нужно.',2,188,144,3,'https://via.placeholder.com/640x480.png/001144?text=ipsam','2021-12-03 07:34:39','2021-12-03 07:34:39'),(373,'Я знаю, что ты хоть в баню». На что Чичиков взял.','Павлом Ивановичем скинем фраки, маленько приотдохнем! Хозяйка уже изъявила было готовность послать за пуховиками и подушками, но хозяин сказал: «Ничего, мы отдохнем в креслах», — и портрет готов; но.','[\"Снижение вероятности аварийной ситуации с пешеходом на 82%\", \"Увеличение средней скорости автомобилей на 27%\", \"Уменьшение времени задержки на переходе на 30%\"]',3,'При этом глаза его делались веселее и.',3,244,134,2,'https://via.placeholder.com/640x480.png/00eebb?text=tempore','2021-12-03 07:34:39','2021-12-03 07:34:39'),(374,'Вот пусть-на только за столом, но даже, с — небольшим.','Манилов, — как было назначено, а только несуществующими. Собакевич слушал все по-прежнему, нагнувши голову, и хоть бы и для чего, поместился Багратион, тощий, худенький, с маленькими знаменами и.','[\"Снижение вероятности аварийной ситуации с пешеходом на 82%\", \"Увеличение средней скорости автомобилей на 27%\", \"Уменьшение времени задержки на переходе на 30%\"]',1,'Наружный фасад гостиницы отвечал ее.',1,262,143,1,'https://via.placeholder.com/640x480.png/00ddee?text=quia','2021-12-03 07:34:39','2021-12-03 07:34:39');
/*!40000 ALTER TABLE `startups` ENABLE KEYS */;
UNLOCK TABLES;

--
-- Table structure for table `startups_directions`
--

DROP TABLE IF EXISTS `startups_directions`;
/*!40101 SET @saved_cs_client     = @@character_set_client */;
/*!50503 SET character_set_client = utf8mb4 */;
CREATE TABLE `startups_directions` (
  `id` bigint unsigned NOT NULL AUTO_INCREMENT,
  `startup_id` bigint unsigned NOT NULL,
  `direction_id` bigint unsigned NOT NULL,
  PRIMARY KEY (`id`),
  KEY `startups_directions_startup_id_foreign` (`startup_id`),
  KEY `startups_directions_direction_id_foreign` (`direction_id`),
  CONSTRAINT `startups_directions_direction_id_foreign` FOREIGN KEY (`direction_id`) REFERENCES `directions` (`id`),
  CONSTRAINT `startups_directions_startup_id_foreign` FOREIGN KEY (`startup_id`) REFERENCES `startups` (`id`)
) ENGINE=InnoDB AUTO_INCREMENT=189 DEFAULT CHARSET=utf8mb4 COLLATE=utf8mb4_unicode_ci;
/*!40101 SET character_set_client = @saved_cs_client */;

--
-- Dumping data for table `startups_directions`
--

LOCK TABLES `startups_directions` WRITE;
/*!40000 ALTER TABLE `startups_directions` DISABLE KEYS */;
INSERT INTO `startups_directions` VALUES (1,1,1),(2,2,5),(3,3,3),(4,4,4),(5,5,1),(6,255,2),(7,255,4),(8,256,3),(9,257,5),(10,258,4),(11,259,1),(12,260,4),(13,261,1),(14,261,4),(15,262,1),(16,262,2),(17,263,2),(18,264,4),(19,265,5),(20,266,2),(21,267,2),(22,267,4),(23,268,4),(24,269,1),(25,270,1),(26,271,4),(27,271,5),(28,272,1),(29,272,5),(30,273,1),(31,274,3),(32,275,2),(33,275,5),(34,276,3),(35,276,5),(36,277,3),(37,277,4),(38,278,1),(39,278,2),(40,279,1),(41,279,5),(42,280,4),(43,281,1),(44,282,2),(45,282,4),(46,283,3),(47,284,3),(48,284,4),(49,285,4),(50,285,5),(51,286,1),(52,286,2),(53,287,3),(54,287,5),(55,288,2),(56,288,5),(57,289,5),(58,290,3),(59,291,5),(60,292,5),(61,293,4),(62,293,5),(63,294,5),(64,295,3),(65,295,4),(66,296,5),(67,297,3),(68,297,5),(69,298,4),(70,299,4),(71,299,5),(72,300,1),(73,300,4),(74,301,2),(75,302,2),(76,302,3),(77,303,2),(78,303,5),(79,304,4),(80,304,5),(81,305,1),(82,305,5),(83,306,1),(84,306,3),(85,307,2),(86,308,3),(87,309,2),(88,310,4),(89,311,2),(90,312,3),(91,313,4),(92,313,5),(93,314,1),(94,314,4),(95,315,3),(96,316,5),(97,317,1),(98,317,2),(99,318,4),(100,319,1),(101,319,3),(102,320,5),(103,321,1),(104,321,5),(105,322,3),(106,322,4),(107,323,1),(108,324,2),(109,324,4),(110,325,3),(111,325,4),(112,326,1),(113,326,3),(114,327,4),(115,328,4),(116,329,2),(117,329,5),(118,330,1),(119,330,5),(120,331,3),(121,332,2),(122,332,5),(123,333,5),(124,334,1),(125,334,4),(126,335,3),(127,335,5),(128,336,4),(129,336,5),(130,337,1),(131,337,5),(132,338,1),(133,338,3),(134,339,3),(135,339,5),(136,340,2),(137,340,3),(138,341,4),(139,342,3),(140,342,5),(141,343,2),(142,343,4),(143,344,5),(144,345,1),(145,346,1),(146,346,4),(147,347,1),(148,347,2),(149,348,1),(150,348,5),(151,349,2),(152,349,5),(153,350,1),(154,350,5),(155,351,2),(156,352,2),(157,352,3),(158,353,1),(159,354,1),(160,355,4),(161,356,1),(162,356,3),(163,357,5),(164,358,5),(165,359,5),(166,360,4),(167,361,3),(168,361,4),(169,362,5),(170,363,1),(171,363,4),(172,364,1),(173,364,5),(174,365,1),(175,365,4),(176,366,4),(177,367,2),(178,367,5),(179,368,1),(180,368,2),(181,369,3),(182,370,3),(183,371,2),(184,371,5),(185,372,1),(186,372,4),(187,373,5),(188,374,1);
/*!40000 ALTER TABLE `startups_directions` ENABLE KEYS */;
UNLOCK TABLES;

--
-- Table structure for table `startups_tean_members`
--

DROP TABLE IF EXISTS `startups_tean_members`;
/*!40101 SET @saved_cs_client     = @@character_set_client */;
/*!50503 SET character_set_client = utf8mb4 */;
CREATE TABLE `startups_tean_members` (
  `id` bigint unsigned NOT NULL AUTO_INCREMENT,
  `startup_id` bigint unsigned NOT NULL,
  `team_member_id` bigint unsigned NOT NULL,
  PRIMARY KEY (`id`),
  KEY `startups_tean_members_startup_id_foreign` (`startup_id`),
  KEY `startups_tean_members_team_member_id_foreign` (`team_member_id`),
  CONSTRAINT `startups_tean_members_startup_id_foreign` FOREIGN KEY (`startup_id`) REFERENCES `startups` (`id`),
  CONSTRAINT `startups_tean_members_team_member_id_foreign` FOREIGN KEY (`team_member_id`) REFERENCES `team_members` (`id`)
) ENGINE=InnoDB DEFAULT CHARSET=utf8mb4 COLLATE=utf8mb4_unicode_ci;
/*!40101 SET character_set_client = @saved_cs_client */;

--
-- Dumping data for table `startups_tean_members`
--

LOCK TABLES `startups_tean_members` WRITE;
/*!40000 ALTER TABLE `startups_tean_members` DISABLE KEYS */;
/*!40000 ALTER TABLE `startups_tean_members` ENABLE KEYS */;
UNLOCK TABLES;

--
-- Table structure for table `team_members`
--

DROP TABLE IF EXISTS `team_members`;
/*!40101 SET @saved_cs_client     = @@character_set_client */;
/*!50503 SET character_set_client = utf8mb4 */;
CREATE TABLE `team_members` (
  `id` bigint unsigned NOT NULL AUTO_INCREMENT,
  `first_name` varchar(255) COLLATE utf8mb4_unicode_ci NOT NULL,
  `last_name` varchar(255) COLLATE utf8mb4_unicode_ci NOT NULL,
  `patronymic` varchar(255) COLLATE utf8mb4_unicode_ci DEFAULT NULL,
  `position` varchar(255) COLLATE utf8mb4_unicode_ci NOT NULL,
  `email` varchar(255) COLLATE utf8mb4_unicode_ci NOT NULL,
  `phone` varchar(255) COLLATE utf8mb4_unicode_ci NOT NULL,
  `created_at` timestamp NULL DEFAULT NULL,
  `updated_at` timestamp NULL DEFAULT NULL,
  PRIMARY KEY (`id`)
) ENGINE=InnoDB AUTO_INCREMENT=264 DEFAULT CHARSET=utf8mb4 COLLATE=utf8mb4_unicode_ci;
/*!40101 SET character_set_client = @saved_cs_client */;

--
-- Dumping data for table `team_members`
--

LOCK TABLES `team_members` WRITE;
/*!40000 ALTER TABLE `team_members` DISABLE KEYS */;
INSERT INTO `team_members` VALUES (1,'Илья','Анисимов','Александрович','Генеральный директор','tkcc@list.ru','8 (912) 926-33-03',NULL,NULL),(2,'Иван ','Чебыкин',NULL,' со‑учредитель, генеральный директор проекта Traffic Data','info@trafficdata.ru','8 (926) 759 72 95',NULL,NULL),(3,'Владимир','Ладыгин',NULL,'Сотрудник','vladygin@climateguard.ru','8 (916) 325-41-10',NULL,NULL),(4,'Владимир','Ворожейкин','Вячеславович','соучредитель, генеральный директор проекта Titan Power Solution','INFO@TITANPS.RU','+7 (495) 970-0705',NULL,NULL),(5,'Вячеслав','Лукин',NULL,'Сотрудник','sales@edgevision.pro','8 (923) 250-87-53',NULL,NULL),(184,'Арсений','Гордеева',NULL,'Информационный работник','iraklij.terentev@lapin.ru','(495) 990-2717','2021-12-03 07:34:30','2021-12-03 07:34:30'),(185,'Таисия','Захаров',NULL,'Критик','igavrilov@ignatova.ru','8-800-670-9181','2021-12-03 07:34:30','2021-12-03 07:34:30'),(186,'Даниил','Попова',NULL,'Абразивоструйщик','grigoreva.stefan@yandex.ru','8-800-946-5999','2021-12-03 07:34:30','2021-12-03 07:34:30'),(187,'Юлий','Герасимов',NULL,'Стилист','ltimofeeva@smirnova.com','(812) 571-95-90','2021-12-03 07:34:30','2021-12-03 07:34:30'),(188,'Марта','Николаев',NULL,'Печник','martynov.alena@sukina.ru','+7 (922) 249-1311','2021-12-03 07:34:30','2021-12-03 07:34:30'),(189,'Иннокентий','Сергеева',NULL,'Дипломат','vudin@galkin.net','+7 (922) 315-7797','2021-12-03 07:34:30','2021-12-03 07:34:30'),(190,'Анжелика','Крылова',NULL,'Арт-директор','golubeva.larisa@yandex.ru','(35222) 27-0247','2021-12-03 07:34:30','2021-12-03 07:34:30'),(191,'Донат','Фёдорова',NULL,'Офис-менеджер','panfilova.nonna@inbox.ru','(35222) 33-1898','2021-12-03 07:34:30','2021-12-03 07:34:30'),(192,'Роман','Тарасова',NULL,'Гитарный мастер','bronislav17@inbox.ru','(35222) 64-9736','2021-12-03 07:34:30','2021-12-03 07:34:30'),(193,'Юлия','Куликов',NULL,'Водолаз','qkirillov@loginova.com','(35222) 23-3065','2021-12-03 07:34:30','2021-12-03 07:34:30'),(194,'Капитолина','Фадеев',NULL,'Лингвист','barhipov@krukova.ru','(812) 154-99-29','2021-12-03 07:34:30','2021-12-03 07:34:30'),(195,'Ева','Ермаков',NULL,'Сторож','filipp.miheeva@potapov.ru','(812) 913-36-33','2021-12-03 07:34:30','2021-12-03 07:34:30'),(196,'Алексей','Овчинников',NULL,'Сторож','bgromova@frolova.org','8-800-556-2723','2021-12-03 07:34:30','2021-12-03 07:34:30'),(197,'Эрик','Абрамов',NULL,'Лесоруб','rozalina70@suvorov.org','(812) 298-71-81','2021-12-03 07:34:30','2021-12-03 07:34:30'),(198,'Владислав','Никифорова',NULL,'Водитель','kondratev.spartak@panfilov.ru','(812) 150-63-69','2021-12-03 07:34:30','2021-12-03 07:34:30'),(199,'Клим','Фокина',NULL,'Пианист','denis.sazonov@aksenova.net','(812) 574-96-93','2021-12-03 07:34:30','2021-12-03 07:34:30'),(200,'Богдан','Кудряшов',NULL,'Креативный директор','rusakova.gleb@bobyleva.net','(495) 943-9611','2021-12-03 07:34:30','2021-12-03 07:34:30'),(201,'Лада','Туров',NULL,'Интеллектуал','avoroncova@hotmail.com','(495) 087-7608','2021-12-03 07:34:30','2021-12-03 07:34:30'),(202,'Евгения','Елисеева',NULL,'Диджей','kristina31@hotmail.com','(812) 548-62-01','2021-12-03 07:34:30','2021-12-03 07:34:30'),(203,'Клавдия','Ефремов',NULL,'Финансовый советник','efremov.faina@kudravceva.ru','(35222) 49-2095','2021-12-03 07:34:30','2021-12-03 07:34:30'),(204,'Нестор','Щербаков',NULL,'Телефонистка','olesa.kolobova@belousov.ru','+7 (922) 727-5486','2021-12-03 07:34:30','2021-12-03 07:34:30'),(205,'Август','Агафонова',NULL,'Писатель','belousov.timofej@melnikov.com','(495) 395-4481','2021-12-03 07:34:30','2021-12-03 07:34:30'),(206,'Степан','Капустина',NULL,'Телохранитель','trofim.zaharov@yandex.ru','(812) 560-52-83','2021-12-03 07:34:30','2021-12-03 07:34:30'),(207,'Юрий','Лебедева',NULL,'Фрезеровщик','qkornilov@akusev.ru','(495) 590-7636','2021-12-03 07:34:30','2021-12-03 07:34:30'),(208,'Ефим','Евдокимов',NULL,'Сторож','ycernov@hotmail.com','8-800-655-2867','2021-12-03 07:34:30','2021-12-03 07:34:30'),(209,'Ярослав','Голубева',NULL,'Водитель','izajceva@sarapova.ru','8-800-440-0850','2021-12-03 07:34:30','2021-12-03 07:34:30'),(210,'Ярослав','Лапин',NULL,'Автоинструктор','zajcev.gennadij@rogova.org','8-800-301-8153','2021-12-03 07:34:30','2021-12-03 07:34:30'),(211,'Артемий','Максимова',NULL,'Электромонтёр','lada41@ya.ru','(35222) 93-0096','2021-12-03 07:34:30','2021-12-03 07:34:30'),(212,'Елена','Зимина',NULL,'Абразивоструйщик','afanaseva.dina@tarasov.com','8-800-126-0921','2021-12-03 07:34:30','2021-12-03 07:34:30'),(213,'Елена','Белозёрова',NULL,'Садовник','raisa36@yandex.ru','(495) 802-7863','2021-12-03 07:34:30','2021-12-03 07:34:30'),(214,'Аким','Котова',NULL,'Офис-менеджер','vlad38@rambler.ru','8-800-018-8075','2021-12-03 07:34:30','2021-12-03 07:34:30'),(215,'Ульяна','Матвеева',NULL,'Архивист','sbaranov@inbox.ru','(495) 093-9624','2021-12-03 07:34:30','2021-12-03 07:34:30'),(216,'Мария','Карпов',NULL,'Фотограф','gloginov@vorobeva.com','(812) 356-43-53','2021-12-03 07:34:30','2021-12-03 07:34:30'),(217,'Тамара','Пестов',NULL,'Технический писатель','nazar.kirillova@bk.ru','8-800-439-9478','2021-12-03 07:34:30','2021-12-03 07:34:30'),(218,'Анжелика','Веселов',NULL,'Учёный','usuvorov@kalasnikova.com','+7 (922) 012-2892','2021-12-03 07:34:30','2021-12-03 07:34:30'),(219,'Игнатий','Кириллова',NULL,'Машинист','viktor15@gmail.com','8-800-461-4013','2021-12-03 07:34:30','2021-12-03 07:34:30'),(220,'Адриан','Наумова',NULL,'Критик','emilia.krukov@gmail.com','+7 (922) 591-2456','2021-12-03 07:34:30','2021-12-03 07:34:30'),(221,'Лариса','Тетерина',NULL,'Телохранитель','fgerasimov@rambler.ru','8-800-514-4250','2021-12-03 07:34:30','2021-12-03 07:34:30'),(222,'Михаил','Дроздова',NULL,'Крупье','opotapov@bk.ru','8-800-637-5829','2021-12-03 07:34:30','2021-12-03 07:34:30'),(223,'Зоя','Дементьева',NULL,'Диктор','dterentev@mail.ru','+7 (922) 229-6027','2021-12-03 07:34:30','2021-12-03 07:34:30'),(224,'Оксана','Ширяев',NULL,'Столяр','aroslava14@rambler.ru','+7 (922) 277-8129','2021-12-03 07:34:30','2021-12-03 07:34:30'),(225,'Злата','Максимов',NULL,'Лингвист','bpotapov@narod.ru','8-800-634-2057','2021-12-03 07:34:30','2021-12-03 07:34:30'),(226,'Аким','Пономарёв',NULL,'Фотограф','belousova.savva@gmail.com','8-800-852-6235','2021-12-03 07:34:30','2021-12-03 07:34:30'),(227,'Гарри','Баранов',NULL,'Музыкант','antonov.dobryna@sitnikov.ru','8-800-296-0101','2021-12-03 07:34:30','2021-12-03 07:34:30'),(228,'Никодим','Харитонова',NULL,'Психолог','akim34@ya.ru','(495) 744-5832','2021-12-03 07:34:30','2021-12-03 07:34:30'),(229,'Валерия','Смирнов',NULL,'Егерь','ekoroleva@mamontova.ru','(495) 944-0854','2021-12-03 07:34:30','2021-12-03 07:34:30'),(230,'Артемий','Макарова',NULL,'Художник','molcanova.vitalij@eliseeva.com','(35222) 70-7739','2021-12-03 07:34:30','2021-12-03 07:34:30'),(231,'Юлия','Анисимов',NULL,'Гитарный мастер','vladlen.nikolaeva@mail.ru','(812) 754-82-14','2021-12-03 07:34:30','2021-12-03 07:34:30'),(232,'Андрей','Николаева',NULL,'Телохранитель','florentina.nikonova@savina.net','(495) 783-9474','2021-12-03 07:34:30','2021-12-03 07:34:30'),(233,'Дина','Петухов',NULL,'Пианист','ulia.romanova@kuznecov.ru','8-800-119-9202','2021-12-03 07:34:30','2021-12-03 07:34:30'),(234,'Марина','Соболева',NULL,'Физик','frolova.faina@solovev.com','(495) 691-4309','2021-12-03 07:34:30','2021-12-03 07:34:30'),(235,'Макар','Мясников',NULL,'Научный сотрудник','akim78@silov.ru','(495) 256-1638','2021-12-03 07:34:30','2021-12-03 07:34:30'),(236,'Андрей','Лукина',NULL,'Фотограф','begorova@rambler.ru','(812) 134-28-72','2021-12-03 07:34:30','2021-12-03 07:34:30'),(237,'Всеволод','Баранова',NULL,'Фрезеровщик','lada.strelkov@inbox.ru','(812) 947-36-55','2021-12-03 07:34:30','2021-12-03 07:34:30'),(238,'Надежда','Родионова',NULL,'Лесоруб','rkomarova@hotmail.com','(495) 648-1151','2021-12-03 07:34:30','2021-12-03 07:34:30'),(239,'Руслан','Гуляева',NULL,'Администратор','rodion.abramova@list.ru','8-800-981-8791','2021-12-03 07:34:30','2021-12-03 07:34:30'),(240,'Вероника','Хохлов',NULL,'Креативный директор','boris.smirnova@yandex.ru','(35222) 53-3314','2021-12-03 07:34:30','2021-12-03 07:34:30'),(241,'Адам','Казаков',NULL,'Телефонистка','rozalina.kulikova@silova.ru','+7 (922) 747-6254','2021-12-03 07:34:30','2021-12-03 07:34:30'),(242,'Валериан','Степанов',NULL,'Бухгалтер','xdavydova@yandex.ru','+7 (922) 655-6019','2021-12-03 07:34:30','2021-12-03 07:34:30'),(243,'Сергей','Назаров',NULL,'Стилист','vera03@inbox.ru','(812) 030-36-26','2021-12-03 07:34:30','2021-12-03 07:34:30'),(244,'Алёна','Зимин',NULL,'Водолаз','spartak.agafonov@ya.ru','+7 (922) 019-9928','2021-12-03 07:34:30','2021-12-03 07:34:30'),(245,'Артемий','Андреева',NULL,'Печник','konovalova.zahar@hotmail.com','(495) 410-4485','2021-12-03 07:34:30','2021-12-03 07:34:30'),(246,'Искра','Меркушева',NULL,'Менеджер','elena.suhanova@kazakova.ru','(812) 346-45-59','2021-12-03 07:34:30','2021-12-03 07:34:30'),(247,'Витольд','Громова',NULL,'Чабан','kondratev.milan@rambler.ru','8-800-264-8529','2021-12-03 07:34:30','2021-12-03 07:34:30'),(248,'Ксения','Степанов',NULL,'Водитель','kovaleva.varvara@lytkina.ru','(495) 985-5016','2021-12-03 07:34:30','2021-12-03 07:34:30'),(249,'Анатолий','Григорьев',NULL,'Герольд','masnikov.ila@gmail.com','(812) 421-69-31','2021-12-03 07:34:30','2021-12-03 07:34:30'),(250,'София','Кондратьева',NULL,'Системный аналитик','nina81@pestova.ru','(495) 160-2896','2021-12-03 07:34:30','2021-12-03 07:34:30'),(251,'Давид','Васильева',NULL,'Технический писатель','nmuhina@inbox.ru','(35222) 99-3450','2021-12-03 07:34:30','2021-12-03 07:34:30'),(252,'Валерия','Устинов',NULL,'Системный аналитик','klementina40@narod.ru','+7 (922) 715-2478','2021-12-03 07:34:30','2021-12-03 07:34:30'),(253,'Милан','Ковалёва',NULL,'Фрезеровщик','filipp13@zajceva.ru','(812) 516-41-44','2021-12-03 07:34:30','2021-12-03 07:34:30'),(254,'Марта','Русакова',NULL,'Садовник','zmerkusev@list.ru','(812) 587-80-40','2021-12-03 07:34:30','2021-12-03 07:34:30'),(255,'Денис','Гришин',NULL,'Критик','kuzmina.oleg@yandex.ru','(812) 956-23-19','2021-12-03 07:34:30','2021-12-03 07:34:30'),(256,'Афанасий','Мишина',NULL,'Лингвист','kornilov.gerasim@gorbunov.ru','(35222) 33-9686','2021-12-03 07:34:30','2021-12-03 07:34:30'),(257,'Марат','Шарова',NULL,'Печник','marta43@yandex.ru','8-800-724-8460','2021-12-03 07:34:30','2021-12-03 07:34:30'),(258,'Эдуард','Евсеев',NULL,'Бестиарий (гладиатор)','inga64@gmail.com','8-800-221-2536','2021-12-03 07:34:30','2021-12-03 07:34:30'),(259,'Татьяна','Павлова',NULL,'Фотограф','izabella.smirnova@ya.ru','(35222) 06-6834','2021-12-03 07:34:30','2021-12-03 07:34:30'),(260,'Герман','Капустин',NULL,'Писатель','ggrigorev@vladimirova.org','+7 (922) 957-3950','2021-12-03 07:34:30','2021-12-03 07:34:30'),(261,'Егор','Симонов',NULL,'Ветеринар','molcanov.ludmila@naumov.ru','(812) 436-38-94','2021-12-03 07:34:30','2021-12-03 07:34:30'),(262,'Инна','Гаврилова',NULL,'Технический писатель','albina97@narod.ru','(812) 765-50-76','2021-12-03 07:34:30','2021-12-03 07:34:30'),(263,'Лидия','Попов',NULL,'Системный аналитик','arhipov.artur@mail.ru','(495) 691-4730','2021-12-03 07:34:30','2021-12-03 07:34:30');
/*!40000 ALTER TABLE `team_members` ENABLE KEYS */;
UNLOCK TABLES;

--
-- Table structure for table `teams`
--

DROP TABLE IF EXISTS `teams`;
/*!40101 SET @saved_cs_client     = @@character_set_client */;
/*!50503 SET character_set_client = utf8mb4 */;
CREATE TABLE `teams` (
  `id` bigint unsigned NOT NULL AUTO_INCREMENT,
  `short_name` varchar(255) COLLATE utf8mb4_unicode_ci NOT NULL,
  `activity` varchar(255) COLLATE utf8mb4_unicode_ci DEFAULT NULL,
  `logo` varchar(255) COLLATE utf8mb4_unicode_ci DEFAULT NULL,
  `ur_name` varchar(255) COLLATE utf8mb4_unicode_ci DEFAULT NULL,
  `inn` varchar(255) COLLATE utf8mb4_unicode_ci DEFAULT NULL,
  `staff_type_id` bigint unsigned DEFAULT NULL,
  `site_url` varchar(255) COLLATE utf8mb4_unicode_ci DEFAULT NULL,
  `created_at` timestamp NULL DEFAULT NULL,
  `updated_at` timestamp NULL DEFAULT NULL,
  PRIMARY KEY (`id`),
  KEY `teams_staff_type_id_foreign` (`staff_type_id`),
  CONSTRAINT `teams_staff_type_id_foreign` FOREIGN KEY (`staff_type_id`) REFERENCES `staff_types` (`id`)
) ENGINE=InnoDB AUTO_INCREMENT=150 DEFAULT CHARSET=utf8mb4 COLLATE=utf8mb4_unicode_ci;
/*!40101 SET character_set_client = @saved_cs_client */;

--
-- Dumping data for table `teams`
--

LOCK TABLES `teams` WRITE;
/*!40000 ALTER TABLE `teams` DISABLE KEYS */;
INSERT INTO `teams` VALUES (1,'iCrosswalk','Разрабатывает решения для мониторинга дорожного движения',NULL,'Общество с ограниченной ответственностью «Смарт Си»','111222333',2,'http://www.icrosswalk.ru',NULL,NULL),(2,'Traffic Data','Разрабатывает решения для мониторинга дорожного движения','http://innoapi.cyberbobs.xsph.ru/img/2-traffic-data.svg','ООО \"ТРАФФИКДЭЙТА\"','5905063380',1,NULL,NULL,NULL),(3,'Climate Guard','Делает датчики для анализа климата','http://innoapi.cyberbobs.xsph.ru/img/4-climate-guard.svg','ООО \"КЛАЙМАТГАРД\"','9117092530',1,NULL,NULL,NULL),(4,'Titan Power Solution','Разрабатывают решения с использованием инновационных накопителей энергии','http://innoapi.cyberbobs.xsph.ru/img/5-titan.svg','ООО \"ТПС\"','7702682766',1,NULL,NULL,NULL),(5,'Edge Vision','Разрабатывает решения для дорожных объектов с применением компьютерного зрения','http://innoapi.cyberbobs.xsph.ru/img/6-edgevision.svg','ООО \"ВИЗИОН\"','6662106480',1,NULL,NULL,NULL),(6,'Центр организации дорожного движения','Проводит пилоты','http://innoapi.cyberbobs.xsph.ru/img/codd.svg',NULL,NULL,NULL,NULL,NULL,NULL),(105,'МФО КазаньТелеком','Тестовая компания','http://innoapi.cyberbobs.xsph.ru/img/Group_145.svg','МФО КазаньТелеком','111222333',4,'http://www.muravev.org/qui-quaerat-hic-dolores-veniam-laborum','2021-12-03 07:34:30','2021-12-03 07:34:30'),(106,'МФО СантехТелеФлот','Тестовая компания','http://innoapi.cyberbobs.xsph.ru/img/Group_145.svg','МФО СантехТелеФлот','111222333',1,'http://www.popova.com/','2021-12-03 07:34:30','2021-12-03 07:34:30'),(107,'ОАО ВекторКазаньТеле','Тестовая компания','http://innoapi.cyberbobs.xsph.ru/img/Group_145.svg','ОАО ВекторКазаньТеле','111222333',2,'http://www.solovev.ru/nisi-consequatur-magni-et-perspiciatis','2021-12-03 07:34:30','2021-12-03 07:34:30'),(108,'МФО ЮпитерМяс','Тестовая компания','http://innoapi.cyberbobs.xsph.ru/img/Group_145.svg','МФО ЮпитерМяс','111222333',2,'http://ustinov.com/voluptatem-et-voluptate-et-et-deleniti-similique','2021-12-03 07:34:30','2021-12-03 07:34:30'),(109,'ЗАО CибТех','Тестовая компания','http://innoapi.cyberbobs.xsph.ru/img/Group_145.svg','ЗАО CибТех','111222333',4,'http://belov.org/doloribus-magni-deleniti-veritatis-dolorum-corporis-rerum-et-eius','2021-12-03 07:34:30','2021-12-03 07:34:30'),(110,'ООО Лифт','Тестовая компания','http://innoapi.cyberbobs.xsph.ru/img/Group_145.svg','ООО Лифт','111222333',2,'https://sitnikova.com/illum-beatae-repellat-qui-nobis-dolore.html','2021-12-03 07:34:30','2021-12-03 07:34:30'),(111,'ЗАО РечТомскМясЦентр','Тестовая компания','http://innoapi.cyberbobs.xsph.ru/img/Group_145.svg','ЗАО РечТомскМясЦентр','111222333',3,'http://rabova.ru/eos-voluptatem-numquam-debitis-qui-consequatur-perspiciatis-qui-ad','2021-12-03 07:34:30','2021-12-03 07:34:30'),(112,'ООО ТекстильЛифт','Тестовая компания','http://innoapi.cyberbobs.xsph.ru/img/Group_145.svg','ООО ТекстильЛифт','111222333',4,'https://bykov.org/distinctio-soluta-omnis-facilis-velit-rerum.html','2021-12-03 07:34:30','2021-12-03 07:34:30'),(113,'ОАО МетизГараж','Тестовая компания','http://innoapi.cyberbobs.xsph.ru/img/Group_145.svg','ОАО МетизГараж','111222333',1,'http://zaharova.com/in-nihil-qui-id-perspiciatis','2021-12-03 07:34:30','2021-12-03 07:34:30'),(114,'ОАО Юпитер','Тестовая компания','http://innoapi.cyberbobs.xsph.ru/img/Group_145.svg','ОАО Юпитер','111222333',4,'http://rabov.com/','2021-12-03 07:34:30','2021-12-03 07:34:30'),(115,'ОАО IT','Тестовая компания','http://innoapi.cyberbobs.xsph.ru/img/Group_145.svg','ОАО IT','111222333',3,'http://doronina.ru/harum-aperiam-autem-sint','2021-12-03 07:34:30','2021-12-03 07:34:30'),(116,'МКК ПивСеверУрал','Тестовая компания','http://innoapi.cyberbobs.xsph.ru/img/Group_145.svg','МКК ПивСеверУрал','111222333',1,'http://www.konstantinova.com/a-voluptatem-amet-officiis-est-nam-voluptas-architecto','2021-12-03 07:34:30','2021-12-03 07:34:30'),(117,'ПАО ЮпитерКазаньСервис','Тестовая компания','http://innoapi.cyberbobs.xsph.ru/img/Group_145.svg','ПАО ЮпитерКазаньСервис','111222333',3,'http://www.kornilova.org/totam-sint-aut-corporis-possimus-voluptatem-minima-quia.html','2021-12-03 07:34:30','2021-12-03 07:34:30'),(118,'ПАО ХмельIT','Тестовая компания','http://innoapi.cyberbobs.xsph.ru/img/Group_145.svg','ПАО ХмельIT','111222333',4,'http://zimina.com/accusamus-quas-quod-cum-quos','2021-12-03 07:34:30','2021-12-03 07:34:30'),(119,'ООО Компания РосМоторСантех','Тестовая компания','http://innoapi.cyberbobs.xsph.ru/img/Group_145.svg','ООО Компания РосМоторСантех','111222333',2,'http://www.turov.org/provident-distinctio-nisi-possimus-possimus-assumenda.html','2021-12-03 07:34:30','2021-12-03 07:34:30'),(120,'ООО Тяж','Тестовая компания','http://innoapi.cyberbobs.xsph.ru/img/Group_145.svg','ООО Тяж','111222333',3,'http://www.grigorev.org/ex-eos-ea-non-nihil-qui-nemo','2021-12-03 07:34:30','2021-12-03 07:34:30'),(121,'ОАО МоторМонтажРемСнос','Тестовая компания','http://innoapi.cyberbobs.xsph.ru/img/Group_145.svg','ОАО МоторМонтажРемСнос','111222333',4,'http://grisina.com/','2021-12-03 07:34:30','2021-12-03 07:34:30'),(122,'ОАО СеверМорХмель','Тестовая компания','http://innoapi.cyberbobs.xsph.ru/img/Group_145.svg','ОАО СеверМорХмель','111222333',3,'http://gavrilov.org/quo-ea-voluptates-ullam-quae','2021-12-03 07:34:30','2021-12-03 07:34:30'),(123,'МФО ДизайнОмскИнжСнаб','Тестовая компания','http://innoapi.cyberbobs.xsph.ru/img/Group_145.svg','МФО ДизайнОмскИнжСнаб','111222333',1,'http://kalasnikova.ru/amet-pariatur-mollitia-doloribus-asperiores-quia.html','2021-12-03 07:34:30','2021-12-03 07:34:30'),(124,'ООО СофтИнжАлмаз-H','Тестовая компания','http://innoapi.cyberbobs.xsph.ru/img/Group_145.svg','ООО СофтИнжАлмаз-H','111222333',2,'http://osipov.org/tempore-aut-vel-illum-repudiandae-facere-qui','2021-12-03 07:34:30','2021-12-03 07:34:30'),(125,'ООО ТехВодГлавОпт','Тестовая компания','http://innoapi.cyberbobs.xsph.ru/img/Group_145.svg','ООО ТехВодГлавОпт','111222333',2,'http://www.filatova.ru/itaque-totam-fugit-vel-id-omnis-aperiam.html','2021-12-03 07:34:30','2021-12-03 07:34:30'),(126,'ЗАО CибСантехЛен','Тестовая компания','http://innoapi.cyberbobs.xsph.ru/img/Group_145.svg','ЗАО CибСантехЛен','111222333',2,'http://www.tarasova.net/labore-nam-rem-enim-et','2021-12-03 07:34:30','2021-12-03 07:34:30'),(127,'ООО Компания Радио','Тестовая компания','http://innoapi.cyberbobs.xsph.ru/img/Group_145.svg','ООО Компания Радио','111222333',1,'http://gorbacev.ru/omnis-necessitatibus-rerum-occaecati-autem.html','2021-12-03 07:34:30','2021-12-03 07:34:30'),(128,'ЗАО ФлотБухАлмазНаладка','Тестовая компания','http://innoapi.cyberbobs.xsph.ru/img/Group_145.svg','ЗАО ФлотБухАлмазНаладка','111222333',4,'http://www.savina.ru/non-est-facilis-incidunt-quis-asperiores-omnis.html','2021-12-03 07:34:30','2021-12-03 07:34:30'),(129,'ЗАО КазаньЛифтГаражЛизинг','Тестовая компания','http://innoapi.cyberbobs.xsph.ru/img/Group_145.svg','ЗАО КазаньЛифтГаражЛизинг','111222333',2,'http://www.trofimova.com/facilis-explicabo-provident-modi-recusandae-inventore-sed-aut','2021-12-03 07:34:30','2021-12-03 07:34:30'),(130,'ООО Компания Монтаж','Тестовая компания','http://innoapi.cyberbobs.xsph.ru/img/Group_145.svg','ООО Компания Монтаж','111222333',2,'http://www.frolova.ru/','2021-12-03 07:34:30','2021-12-03 07:34:30'),(131,'ЗАО КазОбл','Тестовая компания','http://innoapi.cyberbobs.xsph.ru/img/Group_145.svg','ЗАО КазОбл','111222333',4,'http://www.belakova.com/modi-qui-non-repellendus-deleniti-exercitationem-architecto','2021-12-03 07:34:30','2021-12-03 07:34:30'),(132,'ООО Компания СтройИнфо','Тестовая компания','http://innoapi.cyberbobs.xsph.ru/img/Group_145.svg','ООО Компания СтройИнфо','111222333',1,'http://www.drozdova.net/','2021-12-03 07:34:30','2021-12-03 07:34:30'),(133,'ПАО МобайлРеч','Тестовая компания','http://innoapi.cyberbobs.xsph.ru/img/Group_145.svg','ПАО МобайлРеч','111222333',3,'https://www.filatov.net/ratione-et-est-ut-corporis-rerum','2021-12-03 07:34:30','2021-12-03 07:34:30'),(134,'ОАО ЭлектроЭлектро','Тестовая компания','http://innoapi.cyberbobs.xsph.ru/img/Group_145.svg','ОАО ЭлектроЭлектро','111222333',2,'http://dorofeev.ru/assumenda-esse-voluptatem-et-deserunt-ut','2021-12-03 07:34:30','2021-12-03 07:34:30'),(135,'ООО Компания ГорМобайлРечМашина','Тестовая компания','http://innoapi.cyberbobs.xsph.ru/img/Group_145.svg','ООО Компания ГорМобайлРечМашина','111222333',2,'https://krasilnikova.net/at-aut-beatae-et-autem-deserunt-corrupti-consequatur.html','2021-12-03 07:34:30','2021-12-03 07:34:30'),(136,'ОАО ГлавТекстиль','Тестовая компания','http://innoapi.cyberbobs.xsph.ru/img/Group_145.svg','ОАО ГлавТекстиль','111222333',3,'http://www.kolesnikov.ru/accusamus-magnam-inventore-qui-quae.html','2021-12-03 07:34:30','2021-12-03 07:34:30'),(137,'ПАО ТехСеверЖелДорОпт','Тестовая компания','http://innoapi.cyberbobs.xsph.ru/img/Group_145.svg','ПАО ТехСеверЖелДорОпт','111222333',4,'https://zdanova.ru/possimus-accusamus-vel-reprehenderit-corporis-nihil-nemo.html','2021-12-03 07:34:30','2021-12-03 07:34:30'),(138,'ПАО ТехТранс','Тестовая компания','http://innoapi.cyberbobs.xsph.ru/img/Group_145.svg','ПАО ТехТранс','111222333',3,'https://krylov.ru/magnam-fuga-voluptatibus-asperiores-sit-qui.html','2021-12-03 07:34:30','2021-12-03 07:34:30'),(139,'МКК ЮпитерМотор','Тестовая компания','http://innoapi.cyberbobs.xsph.ru/img/Group_145.svg','МКК ЮпитерМотор','111222333',4,'http://www.kalasnikov.ru/et-reprehenderit-architecto-quod-laborum.html','2021-12-03 07:34:30','2021-12-03 07:34:30'),(140,'ОАО ИнфоСеверРадио','Тестовая компания','http://innoapi.cyberbobs.xsph.ru/img/Group_145.svg','ОАО ИнфоСеверРадио','111222333',2,'http://www.semenova.ru/non-odit-harum-illo-cumque-minus-maiores','2021-12-03 07:34:30','2021-12-03 07:34:30'),(141,'ОАО КазИнфо','Тестовая компания','http://innoapi.cyberbobs.xsph.ru/img/Group_145.svg','ОАО КазИнфо','111222333',2,'http://mamontov.org/quod-dicta-odio-fuga-consequatur-tenetur-quisquam','2021-12-03 07:34:31','2021-12-03 07:34:31'),(142,'ПАО РемГлавТомскТраст','Тестовая компания','http://innoapi.cyberbobs.xsph.ru/img/Group_145.svg','ПАО РемГлавТомскТраст','111222333',2,'http://evdokimov.ru/dignissimos-quis-saepe-et','2021-12-03 07:34:31','2021-12-03 07:34:31'),(143,'ПАО ФинансЮпитер','Тестовая компания','http://innoapi.cyberbobs.xsph.ru/img/Group_145.svg','ПАО ФинансЮпитер','111222333',4,'https://www.nikiforova.ru/sunt-est-ipsum-est-maiores-veritatis-id','2021-12-03 07:34:31','2021-12-03 07:34:31'),(144,'ООО CибГлавIT','Тестовая компания','http://innoapi.cyberbobs.xsph.ru/img/Group_145.svg','ООО CибГлавIT','111222333',2,'https://titov.com/nihil-quae-beatae-iste-quae.html','2021-12-03 07:34:31','2021-12-03 07:34:31'),(145,'ОАО ИнжТекстильБухЦентр','Тестовая компания','http://innoapi.cyberbobs.xsph.ru/img/Group_145.svg','ОАО ИнжТекстильБухЦентр','111222333',1,'http://www.bespalov.ru/aut-facilis-doloremque-tempora','2021-12-03 07:34:31','2021-12-03 07:34:31'),(146,'ООО Компания Инфо','Тестовая компания','http://innoapi.cyberbobs.xsph.ru/img/Group_145.svg','ООО Компания Инфо','111222333',3,'http://www.miheev.ru/','2021-12-03 07:34:31','2021-12-03 07:34:31'),(147,'МКК Инфо','Тестовая компания','http://innoapi.cyberbobs.xsph.ru/img/Group_145.svg','МКК Инфо','111222333',1,'https://rabov.ru/eaque-sit-tempore-quia-nam-ratione-molestias-sunt.html','2021-12-03 07:34:31','2021-12-03 07:34:31'),(148,'ЗАО РыбАвтоГлав','Тестовая компания','http://innoapi.cyberbobs.xsph.ru/img/Group_145.svg','ЗАО РыбАвтоГлав','111222333',1,'http://panov.net/nostrum-qui-repellat-sint-deleniti-quos','2021-12-03 07:34:31','2021-12-03 07:34:31'),(149,'МКК ЖелДорСевер','Тестовая компания','http://innoapi.cyberbobs.xsph.ru/img/Group_145.svg','МКК ЖелДорСевер','111222333',4,'https://www.potapova.com/voluptas-dolor-ad-suscipit-in-minima-qui-qui','2021-12-03 07:34:31','2021-12-03 07:34:31');
/*!40000 ALTER TABLE `teams` ENABLE KEYS */;
UNLOCK TABLES;

--
-- Table structure for table `transport_types`
--

DROP TABLE IF EXISTS `transport_types`;
/*!40101 SET @saved_cs_client     = @@character_set_client */;
/*!50503 SET character_set_client = utf8mb4 */;
CREATE TABLE `transport_types` (
  `id` bigint unsigned NOT NULL AUTO_INCREMENT,
  `name` varchar(255) COLLATE utf8mb4_unicode_ci NOT NULL,
  `alias` varchar(255) COLLATE utf8mb4_unicode_ci DEFAULT NULL,
  PRIMARY KEY (`id`)
) ENGINE=InnoDB AUTO_INCREMENT=6 DEFAULT CHARSET=utf8mb4 COLLATE=utf8mb4_unicode_ci;
/*!40101 SET character_set_client = @saved_cs_client */;

--
-- Dumping data for table `transport_types`
--

LOCK TABLES `transport_types` WRITE;
/*!40000 ALTER TABLE `transport_types` DISABLE KEYS */;
INSERT INTO `transport_types` VALUES (1,'Московский метрополитен','Метро'),(2,'Мосгортранс','Мосгортранс'),(3,'Центр организации дорожного движения','ЦОДД'),(4,'Мостранспроект','Мостранспроект'),(5,'Администратор Московского парковочного пространства','АМПП');
/*!40000 ALTER TABLE `transport_types` ENABLE KEYS */;
UNLOCK TABLES;

--
-- Table structure for table `users`
--

DROP TABLE IF EXISTS `users`;
/*!40101 SET @saved_cs_client     = @@character_set_client */;
/*!50503 SET character_set_client = utf8mb4 */;
CREATE TABLE `users` (
  `id` bigint unsigned NOT NULL AUTO_INCREMENT,
  `first_name` varchar(255) COLLATE utf8mb4_unicode_ci NOT NULL,
  `last_name` varchar(255) COLLATE utf8mb4_unicode_ci NOT NULL,
  `email` varchar(255) COLLATE utf8mb4_unicode_ci NOT NULL,
  `email_verified_at` timestamp NULL DEFAULT NULL,
  `password` varchar(255) COLLATE utf8mb4_unicode_ci NOT NULL,
  `avatar` varchar(255) COLLATE utf8mb4_unicode_ci DEFAULT NULL,
  `verify_token` varchar(255) COLLATE utf8mb4_unicode_ci DEFAULT NULL,
  `created_at` timestamp NULL DEFAULT NULL,
  `updated_at` timestamp NULL DEFAULT NULL,
  PRIMARY KEY (`id`),
  UNIQUE KEY `users_email_unique` (`email`)
) ENGINE=InnoDB AUTO_INCREMENT=2 DEFAULT CHARSET=utf8mb4 COLLATE=utf8mb4_unicode_ci;
/*!40101 SET character_set_client = @saved_cs_client */;

--
-- Dumping data for table `users`
--

LOCK TABLES `users` WRITE;
/*!40000 ALTER TABLE `users` DISABLE KEYS */;
INSERT INTO `users` VALUES (1,'Alex','Ebenrode','nesterov16@mail.ru',NULL,'$2y$10$nQfznXLAtpiJJvAfJRx5oONuwR6hCvtaEKc.h.l.q2HlLi9xdOjoK',NULL,'f42b0ced-eef2-4a36-b3c2-4aa92fea8c91','2021-12-02 14:40:21','2021-12-02 14:40:21');
/*!40000 ALTER TABLE `users` ENABLE KEYS */;
UNLOCK TABLES;
/*!40103 SET TIME_ZONE=@OLD_TIME_ZONE */;

/*!40101 SET SQL_MODE=@OLD_SQL_MODE */;
/*!40014 SET FOREIGN_KEY_CHECKS=@OLD_FOREIGN_KEY_CHECKS */;
/*!40014 SET UNIQUE_CHECKS=@OLD_UNIQUE_CHECKS */;
/*!40101 SET CHARACTER_SET_CLIENT=@OLD_CHARACTER_SET_CLIENT */;
/*!40101 SET CHARACTER_SET_RESULTS=@OLD_CHARACTER_SET_RESULTS */;
/*!40101 SET COLLATION_CONNECTION=@OLD_COLLATION_CONNECTION */;
/*!40111 SET SQL_NOTES=@OLD_SQL_NOTES */;

-- Dump completed on 2021-12-03 17:35:07
