-- MySQL dump 10.13  Distrib 8.0.25, for Win64 (x86_64)
--
-- Host: localhost    Database: inno
-- ------------------------------------------------------
-- Server version	8.0.25

/*!40101 SET @OLD_CHARACTER_SET_CLIENT=@@CHARACTER_SET_CLIENT */;
/*!40101 SET @OLD_CHARACTER_SET_RESULTS=@@CHARACTER_SET_RESULTS */;
/*!40101 SET @OLD_COLLATION_CONNECTION=@@COLLATION_CONNECTION */;
/*!50503 SET NAMES utf8 */;
/*!40103 SET @OLD_TIME_ZONE=@@TIME_ZONE */;
/*!40103 SET TIME_ZONE='+00:00' */;
/*!40014 SET @OLD_UNIQUE_CHECKS=@@UNIQUE_CHECKS, UNIQUE_CHECKS=0 */;
/*!40014 SET @OLD_FOREIGN_KEY_CHECKS=@@FOREIGN_KEY_CHECKS, FOREIGN_KEY_CHECKS=0 */;
/*!40101 SET @OLD_SQL_MODE=@@SQL_MODE, SQL_MODE='NO_AUTO_VALUE_ON_ZERO' */;
/*!40111 SET @OLD_SQL_NOTES=@@SQL_NOTES, SQL_NOTES=0 */;

--
-- Table structure for table `cert_types`
--

DROP TABLE IF EXISTS `cert_types`;
/*!40101 SET @saved_cs_client     = @@character_set_client */;
/*!50503 SET character_set_client = utf8mb4 */;
CREATE TABLE `cert_types` (
  `id` bigint unsigned NOT NULL AUTO_INCREMENT,
  `name` varchar(255) COLLATE utf8mb4_unicode_ci NOT NULL,
  `alias` varchar(255) COLLATE utf8mb4_unicode_ci DEFAULT NULL,
  PRIMARY KEY (`id`)
) ENGINE=InnoDB AUTO_INCREMENT=4 DEFAULT CHARSET=utf8mb4 COLLATE=utf8mb4_unicode_ci;
/*!40101 SET character_set_client = @saved_cs_client */;

--
-- Dumping data for table `cert_types`
--

LOCK TABLES `cert_types` WRITE;
/*!40000 ALTER TABLE `cert_types` DISABLE KEYS */;
INSERT INTO `cert_types` VALUES (1,'Да, требуется сертификация и у нас она есть','Сертификация есть'),(2,'Да, требуется сертификация, но у нас ее нет','Сертификации нет'),(3,'Нет, не требуется','Не требуется');
/*!40000 ALTER TABLE `cert_types` ENABLE KEYS */;
UNLOCK TABLES;

--
-- Table structure for table `directions`
--

DROP TABLE IF EXISTS `directions`;
/*!40101 SET @saved_cs_client     = @@character_set_client */;
/*!50503 SET character_set_client = utf8mb4 */;
CREATE TABLE `directions` (
  `id` bigint unsigned NOT NULL AUTO_INCREMENT,
  `name` varchar(255) COLLATE utf8mb4_unicode_ci NOT NULL,
  `alias` varchar(255) COLLATE utf8mb4_unicode_ci DEFAULT NULL,
  `logo` varchar(255) COLLATE utf8mb4_unicode_ci DEFAULT NULL,
  PRIMARY KEY (`id`)
) ENGINE=InnoDB AUTO_INCREMENT=6 DEFAULT CHARSET=utf8mb4 COLLATE=utf8mb4_unicode_ci;
/*!40101 SET character_set_client = @saved_cs_client */;

--
-- Dumping data for table `directions`
--

LOCK TABLES `directions` WRITE;
/*!40000 ALTER TABLE `directions` DISABLE KEYS */;
INSERT INTO `directions` VALUES (1,'Доступный и комфортный городской транспорт','Городской транспорт',NULL),(2,'Новые виды мобильности','Мобильность',NULL),(3,'Безопасность дорожного движения','Безопасность',NULL),(4,'Здоровые улицы и экология','Экология',NULL),(5,'Цифровые технологии в транспорте','ИТ',NULL);
/*!40000 ALTER TABLE `directions` ENABLE KEYS */;
UNLOCK TABLES;

--
-- Table structure for table `failed_jobs`
--

DROP TABLE IF EXISTS `failed_jobs`;
/*!40101 SET @saved_cs_client     = @@character_set_client */;
/*!50503 SET character_set_client = utf8mb4 */;
CREATE TABLE `failed_jobs` (
  `id` bigint unsigned NOT NULL AUTO_INCREMENT,
  `uuid` varchar(255) COLLATE utf8mb4_unicode_ci NOT NULL,
  `connection` text COLLATE utf8mb4_unicode_ci NOT NULL,
  `queue` text COLLATE utf8mb4_unicode_ci NOT NULL,
  `payload` longtext COLLATE utf8mb4_unicode_ci NOT NULL,
  `exception` longtext COLLATE utf8mb4_unicode_ci NOT NULL,
  `failed_at` timestamp NOT NULL DEFAULT CURRENT_TIMESTAMP,
  PRIMARY KEY (`id`),
  UNIQUE KEY `failed_jobs_uuid_unique` (`uuid`)
) ENGINE=InnoDB DEFAULT CHARSET=utf8mb4 COLLATE=utf8mb4_unicode_ci;
/*!40101 SET character_set_client = @saved_cs_client */;

--
-- Dumping data for table `failed_jobs`
--

LOCK TABLES `failed_jobs` WRITE;
/*!40000 ALTER TABLE `failed_jobs` DISABLE KEYS */;
/*!40000 ALTER TABLE `failed_jobs` ENABLE KEYS */;
UNLOCK TABLES;

--
-- Table structure for table `files`
--

DROP TABLE IF EXISTS `files`;
/*!40101 SET @saved_cs_client     = @@character_set_client */;
/*!50503 SET character_set_client = utf8mb4 */;
CREATE TABLE `files` (
  `id` bigint unsigned NOT NULL AUTO_INCREMENT,
  `created_at` timestamp NULL DEFAULT NULL,
  `updated_at` timestamp NULL DEFAULT NULL,
  PRIMARY KEY (`id`)
) ENGINE=InnoDB DEFAULT CHARSET=utf8mb4 COLLATE=utf8mb4_unicode_ci;
/*!40101 SET character_set_client = @saved_cs_client */;

--
-- Dumping data for table `files`
--

LOCK TABLES `files` WRITE;
/*!40000 ALTER TABLE `files` DISABLE KEYS */;
/*!40000 ALTER TABLE `files` ENABLE KEYS */;
UNLOCK TABLES;

--
-- Table structure for table `migrations`
--

DROP TABLE IF EXISTS `migrations`;
/*!40101 SET @saved_cs_client     = @@character_set_client */;
/*!50503 SET character_set_client = utf8mb4 */;
CREATE TABLE `migrations` (
  `id` int unsigned NOT NULL AUTO_INCREMENT,
  `migration` varchar(255) COLLATE utf8mb4_unicode_ci NOT NULL,
  `batch` int NOT NULL,
  PRIMARY KEY (`id`)
) ENGINE=InnoDB AUTO_INCREMENT=20 DEFAULT CHARSET=utf8mb4 COLLATE=utf8mb4_unicode_ci;
/*!40101 SET character_set_client = @saved_cs_client */;

--
-- Dumping data for table `migrations`
--

LOCK TABLES `migrations` WRITE;
/*!40000 ALTER TABLE `migrations` DISABLE KEYS */;
INSERT INTO `migrations` VALUES (1,'2014_10_12_000000_create_users_table',1),(2,'2014_10_12_100000_create_password_resets_table',1),(3,'2019_08_19_000000_create_failed_jobs_table',1),(4,'2019_12_14_000001_create_personal_access_tokens_table',1),(5,'2021_12_03_034429_create_staff_types_table',1),(6,'2021_12_03_041830_create_cert_types_table',1),(7,'2021_12_03_042706_create_project_stages_table',1),(8,'2021_12_03_042758_create_transport_types_table',1),(9,'2021_12_03_043852_create_directions_table',1),(10,'2021_12_03_043912_create_teams_table',1),(11,'2021_12_03_044514_create_team_members_table',1),(12,'2021_12_03_044631_create_startups_table',1),(13,'2021_12_03_050124_create_startups_directions_table',1),(14,'2021_12_03_050906_create_startups_tean_members_table',1),(15,'2021_12_03_052223_create_pilots_table',1),(16,'2021_12_03_065914_create_files_table',2),(17,'2021_12_03_182045_add_pdf',2),(18,'2021_12_03_182209_create_project_statuses_table',2),(19,'2021_12_03_182743_add_status',3);
/*!40000 ALTER TABLE `migrations` ENABLE KEYS */;
UNLOCK TABLES;

--
-- Table structure for table `password_resets`
--

DROP TABLE IF EXISTS `password_resets`;
/*!40101 SET @saved_cs_client     = @@character_set_client */;
/*!50503 SET character_set_client = utf8mb4 */;
CREATE TABLE `password_resets` (
  `email` varchar(255) COLLATE utf8mb4_unicode_ci NOT NULL,
  `token` varchar(255) COLLATE utf8mb4_unicode_ci NOT NULL,
  `created_at` timestamp NULL DEFAULT NULL,
  KEY `password_resets_email_index` (`email`)
) ENGINE=InnoDB DEFAULT CHARSET=utf8mb4 COLLATE=utf8mb4_unicode_ci;
/*!40101 SET character_set_client = @saved_cs_client */;

--
-- Dumping data for table `password_resets`
--

LOCK TABLES `password_resets` WRITE;
/*!40000 ALTER TABLE `password_resets` DISABLE KEYS */;
/*!40000 ALTER TABLE `password_resets` ENABLE KEYS */;
UNLOCK TABLES;

--
-- Table structure for table `personal_access_tokens`
--

DROP TABLE IF EXISTS `personal_access_tokens`;
/*!40101 SET @saved_cs_client     = @@character_set_client */;
/*!50503 SET character_set_client = utf8mb4 */;
CREATE TABLE `personal_access_tokens` (
  `id` bigint unsigned NOT NULL AUTO_INCREMENT,
  `tokenable_type` varchar(255) COLLATE utf8mb4_unicode_ci NOT NULL,
  `tokenable_id` bigint unsigned NOT NULL,
  `name` varchar(255) COLLATE utf8mb4_unicode_ci NOT NULL,
  `token` varchar(64) COLLATE utf8mb4_unicode_ci NOT NULL,
  `abilities` text COLLATE utf8mb4_unicode_ci,
  `last_used_at` timestamp NULL DEFAULT NULL,
  `created_at` timestamp NULL DEFAULT NULL,
  `updated_at` timestamp NULL DEFAULT NULL,
  PRIMARY KEY (`id`),
  UNIQUE KEY `personal_access_tokens_token_unique` (`token`),
  KEY `personal_access_tokens_tokenable_type_tokenable_id_index` (`tokenable_type`,`tokenable_id`)
) ENGINE=InnoDB DEFAULT CHARSET=utf8mb4 COLLATE=utf8mb4_unicode_ci;
/*!40101 SET character_set_client = @saved_cs_client */;

--
-- Dumping data for table `personal_access_tokens`
--

LOCK TABLES `personal_access_tokens` WRITE;
/*!40000 ALTER TABLE `personal_access_tokens` DISABLE KEYS */;
/*!40000 ALTER TABLE `personal_access_tokens` ENABLE KEYS */;
UNLOCK TABLES;

--
-- Table structure for table `pilots`
--

DROP TABLE IF EXISTS `pilots`;
/*!40101 SET @saved_cs_client     = @@character_set_client */;
/*!50503 SET character_set_client = utf8mb4 */;
CREATE TABLE `pilots` (
  `id` bigint unsigned NOT NULL AUTO_INCREMENT,
  `pilot_owner_id` bigint unsigned NOT NULL,
  `stages_json` json DEFAULT NULL,
  `doc_url` varchar(255) COLLATE utf8mb4_unicode_ci DEFAULT NULL,
  `startup_id` bigint unsigned NOT NULL,
  `created_at` timestamp NULL DEFAULT NULL,
  `updated_at` timestamp NULL DEFAULT NULL,
  PRIMARY KEY (`id`),
  KEY `pilots_pilot_owner_id_foreign` (`pilot_owner_id`),
  KEY `pilots_startup_id_foreign` (`startup_id`),
  CONSTRAINT `pilots_pilot_owner_id_foreign` FOREIGN KEY (`pilot_owner_id`) REFERENCES `teams` (`id`),
  CONSTRAINT `pilots_startup_id_foreign` FOREIGN KEY (`startup_id`) REFERENCES `startups` (`id`)
) ENGINE=InnoDB AUTO_INCREMENT=788 DEFAULT CHARSET=utf8mb4 COLLATE=utf8mb4_unicode_ci;
/*!40101 SET character_set_client = @saved_cs_client */;

--
-- Dumping data for table `pilots`
--

LOCK TABLES `pilots` WRITE;
/*!40000 ALTER TABLE `pilots` DISABLE KEYS */;
INSERT INTO `pilots` VALUES (1,6,'[{\"date\": \"Апрель 2021\", \"text\": \"Старт тестирования интеллектуального комплекса пешеходного перехода на Болотниковской улице\"}]','http://innoapi.cyberbobs.xsph.ru/Shablon_otchyota_o_rezultatakh_pilota_v6_2021_10_26.docx',1,NULL,NULL),(2,6,'[{\"date\": \"Январь 2021\", \"text\": \"Тестирование системы мониторинга дорожного движения на площади тверской заставы\"}, {\"date\": \"Март 2021\", \"text\": \"Тестирование системы адаптивного регулирования в Люблино и Новомосковском\"}, {\"date\": \"Май 2021\", \"text\": \"Тестирование системы учета посетителей / пассажиропотока на транспортном пересадочном узле и в местах скопления людей\"}]','http://innoapi.cyberbobs.xsph.ru/Shablon_otchyota_o_rezultatakh_pilota_v6_2021_10_26.docx',2,NULL,NULL),(3,6,'[{\"date\": \"Январь 2021\", \"text\": \" Тестирование ИБП на светофорном объекте ЦОДД\"}, {\"date\": \"Март 2021\", \"text\": \"Тестирование и улучшение ИБП в лаборатории ЦОДД для получения заключения о соответствии требованиям безопасности\"}, {\"date\": \"Май 2021\", \"text\": \" Старт разработки второй версии ИБП с учетом замечаний, полученных от тестирования в лаборатории\"}]','http://innoapi.cyberbobs.xsph.ru/Shablon_otchyota_o_rezultatakh_pilota_v6_2021_10_26.docx',3,NULL,NULL),(4,6,'[{\"date\": \"Январь 2021\", \"text\": \"Тестирование системы мониторинга дорожного движения на площади тверской заставы\"}, {\"date\": \"Март 2021\", \"text\": \"Тестирование системы адаптивного регулирования в Люблино и Новомосковском\"}, {\"date\": \"Май 2021\", \"text\": \"Тестирование системы учета посетителей / пассажиропотока на транспортном пересадочном узле и в местах скопления людей\"}]','http://innoapi.cyberbobs.xsph.ru/Shablon_otchyota_o_rezultatakh_pilota_v6_2021_10_26.docx',4,NULL,NULL),(5,6,'[{\"date\": \"Январь 2021\", \"text\": \"Тестирование системы мониторинга дорожного движения на площади тверской заставы\"}, {\"date\": \"Март 2021\", \"text\": \"Тестирование системы адаптивного регулирования в Люблино и Новомосковском\"}, {\"date\": \"Май 2021\", \"text\": \"Тестирование системы учета посетителей / пассажиропотока на транспортном пересадочном узле и в местах скопления людей\"}]','http://innoapi.cyberbobs.xsph.ru/Shablon_otchyota_o_rezultatakh_pilota_v6_2021_10_26.docx',5,NULL,NULL),(535,6,'[{\"date\": \"Январь 2021\", \"text\": \"Тестирование системы мониторинга дорожного движения на площади тверской заставы\"}, {\"date\": \"Март 2021\", \"text\": \"Тестирование системы адаптивного регулирования в Люблино и Новомосковском\"}, {\"date\": \"Май 2021\", \"text\": \"Тестирование системы учета посетителей / пассажиропотока на транспортном пересадочном узле и в местах скопления людей\"}]','http://innoapi.cyberbobs.xsph.ru/Shablon_otchyota_o_rezultatakh_pilota_v6_2021_10_26.docx',376,'2021-12-03 13:32:42','2021-12-03 13:32:42'),(536,6,'[{\"date\": \"Январь 2021\", \"text\": \"Тестирование системы мониторинга дорожного движения на площади тверской заставы\"}, {\"date\": \"Март 2021\", \"text\": \"Тестирование системы адаптивного регулирования в Люблино и Новомосковском\"}, {\"date\": \"Май 2021\", \"text\": \"Тестирование системы учета посетителей / пассажиропотока на транспортном пересадочном узле и в местах скопления людей\"}]','http://innoapi.cyberbobs.xsph.ru/Shablon_otchyota_o_rezultatakh_pilota_v6_2021_10_26.docx',376,'2021-12-03 13:32:42','2021-12-03 13:32:42'),(537,6,'[{\"date\": \"Январь 2021\", \"text\": \"Тестирование системы мониторинга дорожного движения на площади тверской заставы\"}, {\"date\": \"Март 2021\", \"text\": \"Тестирование системы адаптивного регулирования в Люблино и Новомосковском\"}, {\"date\": \"Май 2021\", \"text\": \"Тестирование системы учета посетителей / пассажиропотока на транспортном пересадочном узле и в местах скопления людей\"}]','http://innoapi.cyberbobs.xsph.ru/Shablon_otchyota_o_rezultatakh_pilota_v6_2021_10_26.docx',376,'2021-12-03 13:32:42','2021-12-03 13:32:42'),(538,6,'[{\"date\": \"Январь 2021\", \"text\": \"Тестирование системы мониторинга дорожного движения на площади тверской заставы\"}, {\"date\": \"Март 2021\", \"text\": \"Тестирование системы адаптивного регулирования в Люблино и Новомосковском\"}, {\"date\": \"Май 2021\", \"text\": \"Тестирование системы учета посетителей / пассажиропотока на транспортном пересадочном узле и в местах скопления людей\"}]','http://innoapi.cyberbobs.xsph.ru/Shablon_otchyota_o_rezultatakh_pilota_v6_2021_10_26.docx',377,'2021-12-03 13:32:42','2021-12-03 13:32:42'),(539,6,'[{\"date\": \"Январь 2021\", \"text\": \"Тестирование системы мониторинга дорожного движения на площади тверской заставы\"}, {\"date\": \"Март 2021\", \"text\": \"Тестирование системы адаптивного регулирования в Люблино и Новомосковском\"}, {\"date\": \"Май 2021\", \"text\": \"Тестирование системы учета посетителей / пассажиропотока на транспортном пересадочном узле и в местах скопления людей\"}]','http://innoapi.cyberbobs.xsph.ru/Shablon_otchyota_o_rezultatakh_pilota_v6_2021_10_26.docx',377,'2021-12-03 13:32:42','2021-12-03 13:32:42'),(540,6,'[{\"date\": \"Январь 2021\", \"text\": \"Тестирование системы мониторинга дорожного движения на площади тверской заставы\"}, {\"date\": \"Март 2021\", \"text\": \"Тестирование системы адаптивного регулирования в Люблино и Новомосковском\"}, {\"date\": \"Май 2021\", \"text\": \"Тестирование системы учета посетителей / пассажиропотока на транспортном пересадочном узле и в местах скопления людей\"}]','http://innoapi.cyberbobs.xsph.ru/Shablon_otchyota_o_rezultatakh_pilota_v6_2021_10_26.docx',377,'2021-12-03 13:32:42','2021-12-03 13:32:42'),(541,6,'[{\"date\": \"Январь 2021\", \"text\": \"Тестирование системы мониторинга дорожного движения на площади тверской заставы\"}, {\"date\": \"Март 2021\", \"text\": \"Тестирование системы адаптивного регулирования в Люблино и Новомосковском\"}, {\"date\": \"Май 2021\", \"text\": \"Тестирование системы учета посетителей / пассажиропотока на транспортном пересадочном узле и в местах скопления людей\"}]','http://innoapi.cyberbobs.xsph.ru/Shablon_otchyota_o_rezultatakh_pilota_v6_2021_10_26.docx',378,'2021-12-03 13:32:42','2021-12-03 13:32:42'),(542,6,'[{\"date\": \"Январь 2021\", \"text\": \"Тестирование системы мониторинга дорожного движения на площади тверской заставы\"}, {\"date\": \"Март 2021\", \"text\": \"Тестирование системы адаптивного регулирования в Люблино и Новомосковском\"}, {\"date\": \"Май 2021\", \"text\": \"Тестирование системы учета посетителей / пассажиропотока на транспортном пересадочном узле и в местах скопления людей\"}]','http://innoapi.cyberbobs.xsph.ru/Shablon_otchyota_o_rezultatakh_pilota_v6_2021_10_26.docx',378,'2021-12-03 13:32:42','2021-12-03 13:32:42'),(543,6,'[{\"date\": \"Январь 2021\", \"text\": \"Тестирование системы мониторинга дорожного движения на площади тверской заставы\"}, {\"date\": \"Март 2021\", \"text\": \"Тестирование системы адаптивного регулирования в Люблино и Новомосковском\"}, {\"date\": \"Май 2021\", \"text\": \"Тестирование системы учета посетителей / пассажиропотока на транспортном пересадочном узле и в местах скопления людей\"}]','http://innoapi.cyberbobs.xsph.ru/Shablon_otchyota_o_rezultatakh_pilota_v6_2021_10_26.docx',378,'2021-12-03 13:32:42','2021-12-03 13:32:42'),(544,6,'[{\"date\": \"Январь 2021\", \"text\": \"Тестирование системы мониторинга дорожного движения на площади тверской заставы\"}, {\"date\": \"Март 2021\", \"text\": \"Тестирование системы адаптивного регулирования в Люблино и Новомосковском\"}, {\"date\": \"Май 2021\", \"text\": \"Тестирование системы учета посетителей / пассажиропотока на транспортном пересадочном узле и в местах скопления людей\"}]','http://innoapi.cyberbobs.xsph.ru/Shablon_otchyota_o_rezultatakh_pilota_v6_2021_10_26.docx',379,'2021-12-03 13:32:42','2021-12-03 13:32:42'),(545,6,'[{\"date\": \"Январь 2021\", \"text\": \"Тестирование системы мониторинга дорожного движения на площади тверской заставы\"}, {\"date\": \"Март 2021\", \"text\": \"Тестирование системы адаптивного регулирования в Люблино и Новомосковском\"}, {\"date\": \"Май 2021\", \"text\": \"Тестирование системы учета посетителей / пассажиропотока на транспортном пересадочном узле и в местах скопления людей\"}]','http://innoapi.cyberbobs.xsph.ru/Shablon_otchyota_o_rezultatakh_pilota_v6_2021_10_26.docx',379,'2021-12-03 13:32:42','2021-12-03 13:32:42'),(546,6,'[{\"date\": \"Январь 2021\", \"text\": \"Тестирование системы мониторинга дорожного движения на площади тверской заставы\"}, {\"date\": \"Март 2021\", \"text\": \"Тестирование системы адаптивного регулирования в Люблино и Новомосковском\"}, {\"date\": \"Май 2021\", \"text\": \"Тестирование системы учета посетителей / пассажиропотока на транспортном пересадочном узле и в местах скопления людей\"}]','http://innoapi.cyberbobs.xsph.ru/Shablon_otchyota_o_rezultatakh_pilota_v6_2021_10_26.docx',379,'2021-12-03 13:32:42','2021-12-03 13:32:42'),(547,6,'[{\"date\": \"Январь 2021\", \"text\": \"Тестирование системы мониторинга дорожного движения на площади тверской заставы\"}, {\"date\": \"Март 2021\", \"text\": \"Тестирование системы адаптивного регулирования в Люблино и Новомосковском\"}, {\"date\": \"Май 2021\", \"text\": \"Тестирование системы учета посетителей / пассажиропотока на транспортном пересадочном узле и в местах скопления людей\"}]','http://innoapi.cyberbobs.xsph.ru/Shablon_otchyota_o_rezultatakh_pilota_v6_2021_10_26.docx',380,'2021-12-03 13:32:42','2021-12-03 13:32:42'),(548,6,'[{\"date\": \"Январь 2021\", \"text\": \"Тестирование системы мониторинга дорожного движения на площади тверской заставы\"}, {\"date\": \"Март 2021\", \"text\": \"Тестирование системы адаптивного регулирования в Люблино и Новомосковском\"}, {\"date\": \"Май 2021\", \"text\": \"Тестирование системы учета посетителей / пассажиропотока на транспортном пересадочном узле и в местах скопления людей\"}]','http://innoapi.cyberbobs.xsph.ru/Shablon_otchyota_o_rezultatakh_pilota_v6_2021_10_26.docx',380,'2021-12-03 13:32:42','2021-12-03 13:32:42'),(549,6,'[{\"date\": \"Январь 2021\", \"text\": \"Тестирование системы мониторинга дорожного движения на площади тверской заставы\"}, {\"date\": \"Март 2021\", \"text\": \"Тестирование системы адаптивного регулирования в Люблино и Новомосковском\"}, {\"date\": \"Май 2021\", \"text\": \"Тестирование системы учета посетителей / пассажиропотока на транспортном пересадочном узле и в местах скопления людей\"}]','http://innoapi.cyberbobs.xsph.ru/Shablon_otchyota_o_rezultatakh_pilota_v6_2021_10_26.docx',381,'2021-12-03 13:32:42','2021-12-03 13:32:42'),(550,6,'[{\"date\": \"Январь 2021\", \"text\": \"Тестирование системы мониторинга дорожного движения на площади тверской заставы\"}, {\"date\": \"Март 2021\", \"text\": \"Тестирование системы адаптивного регулирования в Люблино и Новомосковском\"}, {\"date\": \"Май 2021\", \"text\": \"Тестирование системы учета посетителей / пассажиропотока на транспортном пересадочном узле и в местах скопления людей\"}]','http://innoapi.cyberbobs.xsph.ru/Shablon_otchyota_o_rezultatakh_pilota_v6_2021_10_26.docx',381,'2021-12-03 13:32:42','2021-12-03 13:32:42'),(551,6,'[{\"date\": \"Январь 2021\", \"text\": \"Тестирование системы мониторинга дорожного движения на площади тверской заставы\"}, {\"date\": \"Март 2021\", \"text\": \"Тестирование системы адаптивного регулирования в Люблино и Новомосковском\"}, {\"date\": \"Май 2021\", \"text\": \"Тестирование системы учета посетителей / пассажиропотока на транспортном пересадочном узле и в местах скопления людей\"}]','http://innoapi.cyberbobs.xsph.ru/Shablon_otchyota_o_rezultatakh_pilota_v6_2021_10_26.docx',381,'2021-12-03 13:32:42','2021-12-03 13:32:42'),(552,6,'[{\"date\": \"Январь 2021\", \"text\": \"Тестирование системы мониторинга дорожного движения на площади тверской заставы\"}, {\"date\": \"Март 2021\", \"text\": \"Тестирование системы адаптивного регулирования в Люблино и Новомосковском\"}, {\"date\": \"Май 2021\", \"text\": \"Тестирование системы учета посетителей / пассажиропотока на транспортном пересадочном узле и в местах скопления людей\"}]','http://innoapi.cyberbobs.xsph.ru/Shablon_otchyota_o_rezultatakh_pilota_v6_2021_10_26.docx',382,'2021-12-03 13:32:42','2021-12-03 13:32:42'),(553,6,'[{\"date\": \"Январь 2021\", \"text\": \"Тестирование системы мониторинга дорожного движения на площади тверской заставы\"}, {\"date\": \"Март 2021\", \"text\": \"Тестирование системы адаптивного регулирования в Люблино и Новомосковском\"}, {\"date\": \"Май 2021\", \"text\": \"Тестирование системы учета посетителей / пассажиропотока на транспортном пересадочном узле и в местах скопления людей\"}]','http://innoapi.cyberbobs.xsph.ru/Shablon_otchyota_o_rezultatakh_pilota_v6_2021_10_26.docx',382,'2021-12-03 13:32:42','2021-12-03 13:32:42'),(554,6,'[{\"date\": \"Январь 2021\", \"text\": \"Тестирование системы мониторинга дорожного движения на площади тверской заставы\"}, {\"date\": \"Март 2021\", \"text\": \"Тестирование системы адаптивного регулирования в Люблино и Новомосковском\"}, {\"date\": \"Май 2021\", \"text\": \"Тестирование системы учета посетителей / пассажиропотока на транспортном пересадочном узле и в местах скопления людей\"}]','http://innoapi.cyberbobs.xsph.ru/Shablon_otchyota_o_rezultatakh_pilota_v6_2021_10_26.docx',383,'2021-12-03 13:32:42','2021-12-03 13:32:42'),(555,6,'[{\"date\": \"Январь 2021\", \"text\": \"Тестирование системы мониторинга дорожного движения на площади тверской заставы\"}, {\"date\": \"Март 2021\", \"text\": \"Тестирование системы адаптивного регулирования в Люблино и Новомосковском\"}, {\"date\": \"Май 2021\", \"text\": \"Тестирование системы учета посетителей / пассажиропотока на транспортном пересадочном узле и в местах скопления людей\"}]','http://innoapi.cyberbobs.xsph.ru/Shablon_otchyota_o_rezultatakh_pilota_v6_2021_10_26.docx',383,'2021-12-03 13:32:42','2021-12-03 13:32:42'),(556,6,'[{\"date\": \"Январь 2021\", \"text\": \"Тестирование системы мониторинга дорожного движения на площади тверской заставы\"}, {\"date\": \"Март 2021\", \"text\": \"Тестирование системы адаптивного регулирования в Люблино и Новомосковском\"}, {\"date\": \"Май 2021\", \"text\": \"Тестирование системы учета посетителей / пассажиропотока на транспортном пересадочном узле и в местах скопления людей\"}]','http://innoapi.cyberbobs.xsph.ru/Shablon_otchyota_o_rezultatakh_pilota_v6_2021_10_26.docx',383,'2021-12-03 13:32:42','2021-12-03 13:32:42'),(557,6,'[{\"date\": \"Январь 2021\", \"text\": \"Тестирование системы мониторинга дорожного движения на площади тверской заставы\"}, {\"date\": \"Март 2021\", \"text\": \"Тестирование системы адаптивного регулирования в Люблино и Новомосковском\"}, {\"date\": \"Май 2021\", \"text\": \"Тестирование системы учета посетителей / пассажиропотока на транспортном пересадочном узле и в местах скопления людей\"}]','http://innoapi.cyberbobs.xsph.ru/Shablon_otchyota_o_rezultatakh_pilota_v6_2021_10_26.docx',384,'2021-12-03 13:32:42','2021-12-03 13:32:42'),(558,6,'[{\"date\": \"Январь 2021\", \"text\": \"Тестирование системы мониторинга дорожного движения на площади тверской заставы\"}, {\"date\": \"Март 2021\", \"text\": \"Тестирование системы адаптивного регулирования в Люблино и Новомосковском\"}, {\"date\": \"Май 2021\", \"text\": \"Тестирование системы учета посетителей / пассажиропотока на транспортном пересадочном узле и в местах скопления людей\"}]','http://innoapi.cyberbobs.xsph.ru/Shablon_otchyota_o_rezultatakh_pilota_v6_2021_10_26.docx',384,'2021-12-03 13:32:42','2021-12-03 13:32:42'),(559,6,'[{\"date\": \"Январь 2021\", \"text\": \"Тестирование системы мониторинга дорожного движения на площади тверской заставы\"}, {\"date\": \"Март 2021\", \"text\": \"Тестирование системы адаптивного регулирования в Люблино и Новомосковском\"}, {\"date\": \"Май 2021\", \"text\": \"Тестирование системы учета посетителей / пассажиропотока на транспортном пересадочном узле и в местах скопления людей\"}]','http://innoapi.cyberbobs.xsph.ru/Shablon_otchyota_o_rezultatakh_pilota_v6_2021_10_26.docx',384,'2021-12-03 13:32:42','2021-12-03 13:32:42'),(560,6,'[{\"date\": \"Январь 2021\", \"text\": \"Тестирование системы мониторинга дорожного движения на площади тверской заставы\"}, {\"date\": \"Март 2021\", \"text\": \"Тестирование системы адаптивного регулирования в Люблино и Новомосковском\"}, {\"date\": \"Май 2021\", \"text\": \"Тестирование системы учета посетителей / пассажиропотока на транспортном пересадочном узле и в местах скопления людей\"}]','http://innoapi.cyberbobs.xsph.ru/Shablon_otchyota_o_rezultatakh_pilota_v6_2021_10_26.docx',385,'2021-12-03 13:32:42','2021-12-03 13:32:42'),(561,6,'[{\"date\": \"Январь 2021\", \"text\": \"Тестирование системы мониторинга дорожного движения на площади тверской заставы\"}, {\"date\": \"Март 2021\", \"text\": \"Тестирование системы адаптивного регулирования в Люблино и Новомосковском\"}, {\"date\": \"Май 2021\", \"text\": \"Тестирование системы учета посетителей / пассажиропотока на транспортном пересадочном узле и в местах скопления людей\"}]','http://innoapi.cyberbobs.xsph.ru/Shablon_otchyota_o_rezultatakh_pilota_v6_2021_10_26.docx',386,'2021-12-03 13:32:42','2021-12-03 13:32:42'),(562,6,'[{\"date\": \"Январь 2021\", \"text\": \"Тестирование системы мониторинга дорожного движения на площади тверской заставы\"}, {\"date\": \"Март 2021\", \"text\": \"Тестирование системы адаптивного регулирования в Люблино и Новомосковском\"}, {\"date\": \"Май 2021\", \"text\": \"Тестирование системы учета посетителей / пассажиропотока на транспортном пересадочном узле и в местах скопления людей\"}]','http://innoapi.cyberbobs.xsph.ru/Shablon_otchyota_o_rezultatakh_pilota_v6_2021_10_26.docx',386,'2021-12-03 13:32:42','2021-12-03 13:32:42'),(563,6,'[{\"date\": \"Январь 2021\", \"text\": \"Тестирование системы мониторинга дорожного движения на площади тверской заставы\"}, {\"date\": \"Март 2021\", \"text\": \"Тестирование системы адаптивного регулирования в Люблино и Новомосковском\"}, {\"date\": \"Май 2021\", \"text\": \"Тестирование системы учета посетителей / пассажиропотока на транспортном пересадочном узле и в местах скопления людей\"}]','http://innoapi.cyberbobs.xsph.ru/Shablon_otchyota_o_rezultatakh_pilota_v6_2021_10_26.docx',386,'2021-12-03 13:32:42','2021-12-03 13:32:42'),(564,6,'[{\"date\": \"Январь 2021\", \"text\": \"Тестирование системы мониторинга дорожного движения на площади тверской заставы\"}, {\"date\": \"Март 2021\", \"text\": \"Тестирование системы адаптивного регулирования в Люблино и Новомосковском\"}, {\"date\": \"Май 2021\", \"text\": \"Тестирование системы учета посетителей / пассажиропотока на транспортном пересадочном узле и в местах скопления людей\"}]','http://innoapi.cyberbobs.xsph.ru/Shablon_otchyota_o_rezultatakh_pilota_v6_2021_10_26.docx',387,'2021-12-03 13:32:43','2021-12-03 13:32:43'),(565,6,'[{\"date\": \"Январь 2021\", \"text\": \"Тестирование системы мониторинга дорожного движения на площади тверской заставы\"}, {\"date\": \"Март 2021\", \"text\": \"Тестирование системы адаптивного регулирования в Люблино и Новомосковском\"}, {\"date\": \"Май 2021\", \"text\": \"Тестирование системы учета посетителей / пассажиропотока на транспортном пересадочном узле и в местах скопления людей\"}]','http://innoapi.cyberbobs.xsph.ru/Shablon_otchyota_o_rezultatakh_pilota_v6_2021_10_26.docx',387,'2021-12-03 13:32:43','2021-12-03 13:32:43'),(566,6,'[{\"date\": \"Январь 2021\", \"text\": \"Тестирование системы мониторинга дорожного движения на площади тверской заставы\"}, {\"date\": \"Март 2021\", \"text\": \"Тестирование системы адаптивного регулирования в Люблино и Новомосковском\"}, {\"date\": \"Май 2021\", \"text\": \"Тестирование системы учета посетителей / пассажиропотока на транспортном пересадочном узле и в местах скопления людей\"}]','http://innoapi.cyberbobs.xsph.ru/Shablon_otchyota_o_rezultatakh_pilota_v6_2021_10_26.docx',388,'2021-12-03 13:32:43','2021-12-03 13:32:43'),(567,6,'[{\"date\": \"Январь 2021\", \"text\": \"Тестирование системы мониторинга дорожного движения на площади тверской заставы\"}, {\"date\": \"Март 2021\", \"text\": \"Тестирование системы адаптивного регулирования в Люблино и Новомосковском\"}, {\"date\": \"Май 2021\", \"text\": \"Тестирование системы учета посетителей / пассажиропотока на транспортном пересадочном узле и в местах скопления людей\"}]','http://innoapi.cyberbobs.xsph.ru/Shablon_otchyota_o_rezultatakh_pilota_v6_2021_10_26.docx',389,'2021-12-03 13:32:43','2021-12-03 13:32:43'),(568,6,'[{\"date\": \"Январь 2021\", \"text\": \"Тестирование системы мониторинга дорожного движения на площади тверской заставы\"}, {\"date\": \"Март 2021\", \"text\": \"Тестирование системы адаптивного регулирования в Люблино и Новомосковском\"}, {\"date\": \"Май 2021\", \"text\": \"Тестирование системы учета посетителей / пассажиропотока на транспортном пересадочном узле и в местах скопления людей\"}]','http://innoapi.cyberbobs.xsph.ru/Shablon_otchyota_o_rezultatakh_pilota_v6_2021_10_26.docx',389,'2021-12-03 13:32:43','2021-12-03 13:32:43'),(569,6,'[{\"date\": \"Январь 2021\", \"text\": \"Тестирование системы мониторинга дорожного движения на площади тверской заставы\"}, {\"date\": \"Март 2021\", \"text\": \"Тестирование системы адаптивного регулирования в Люблино и Новомосковском\"}, {\"date\": \"Май 2021\", \"text\": \"Тестирование системы учета посетителей / пассажиропотока на транспортном пересадочном узле и в местах скопления людей\"}]','http://innoapi.cyberbobs.xsph.ru/Shablon_otchyota_o_rezultatakh_pilota_v6_2021_10_26.docx',390,'2021-12-03 13:32:43','2021-12-03 13:32:43'),(570,6,'[{\"date\": \"Январь 2021\", \"text\": \"Тестирование системы мониторинга дорожного движения на площади тверской заставы\"}, {\"date\": \"Март 2021\", \"text\": \"Тестирование системы адаптивного регулирования в Люблино и Новомосковском\"}, {\"date\": \"Май 2021\", \"text\": \"Тестирование системы учета посетителей / пассажиропотока на транспортном пересадочном узле и в местах скопления людей\"}]','http://innoapi.cyberbobs.xsph.ru/Shablon_otchyota_o_rezultatakh_pilota_v6_2021_10_26.docx',390,'2021-12-03 13:32:43','2021-12-03 13:32:43'),(571,6,'[{\"date\": \"Январь 2021\", \"text\": \"Тестирование системы мониторинга дорожного движения на площади тверской заставы\"}, {\"date\": \"Март 2021\", \"text\": \"Тестирование системы адаптивного регулирования в Люблино и Новомосковском\"}, {\"date\": \"Май 2021\", \"text\": \"Тестирование системы учета посетителей / пассажиропотока на транспортном пересадочном узле и в местах скопления людей\"}]','http://innoapi.cyberbobs.xsph.ru/Shablon_otchyota_o_rezultatakh_pilota_v6_2021_10_26.docx',391,'2021-12-03 13:32:43','2021-12-03 13:32:43'),(572,6,'[{\"date\": \"Январь 2021\", \"text\": \"Тестирование системы мониторинга дорожного движения на площади тверской заставы\"}, {\"date\": \"Март 2021\", \"text\": \"Тестирование системы адаптивного регулирования в Люблино и Новомосковском\"}, {\"date\": \"Май 2021\", \"text\": \"Тестирование системы учета посетителей / пассажиропотока на транспортном пересадочном узле и в местах скопления людей\"}]','http://innoapi.cyberbobs.xsph.ru/Shablon_otchyota_o_rezultatakh_pilota_v6_2021_10_26.docx',391,'2021-12-03 13:32:43','2021-12-03 13:32:43'),(573,6,'[{\"date\": \"Январь 2021\", \"text\": \"Тестирование системы мониторинга дорожного движения на площади тверской заставы\"}, {\"date\": \"Март 2021\", \"text\": \"Тестирование системы адаптивного регулирования в Люблино и Новомосковском\"}, {\"date\": \"Май 2021\", \"text\": \"Тестирование системы учета посетителей / пассажиропотока на транспортном пересадочном узле и в местах скопления людей\"}]','http://innoapi.cyberbobs.xsph.ru/Shablon_otchyota_o_rezultatakh_pilota_v6_2021_10_26.docx',392,'2021-12-03 13:32:43','2021-12-03 13:32:43'),(574,6,'[{\"date\": \"Январь 2021\", \"text\": \"Тестирование системы мониторинга дорожного движения на площади тверской заставы\"}, {\"date\": \"Март 2021\", \"text\": \"Тестирование системы адаптивного регулирования в Люблино и Новомосковском\"}, {\"date\": \"Май 2021\", \"text\": \"Тестирование системы учета посетителей / пассажиропотока на транспортном пересадочном узле и в местах скопления людей\"}]','http://innoapi.cyberbobs.xsph.ru/Shablon_otchyota_o_rezultatakh_pilota_v6_2021_10_26.docx',392,'2021-12-03 13:32:43','2021-12-03 13:32:43'),(575,6,'[{\"date\": \"Январь 2021\", \"text\": \"Тестирование системы мониторинга дорожного движения на площади тверской заставы\"}, {\"date\": \"Март 2021\", \"text\": \"Тестирование системы адаптивного регулирования в Люблино и Новомосковском\"}, {\"date\": \"Май 2021\", \"text\": \"Тестирование системы учета посетителей / пассажиропотока на транспортном пересадочном узле и в местах скопления людей\"}]','http://innoapi.cyberbobs.xsph.ru/Shablon_otchyota_o_rezultatakh_pilota_v6_2021_10_26.docx',392,'2021-12-03 13:32:43','2021-12-03 13:32:43'),(576,6,'[{\"date\": \"Январь 2021\", \"text\": \"Тестирование системы мониторинга дорожного движения на площади тверской заставы\"}, {\"date\": \"Март 2021\", \"text\": \"Тестирование системы адаптивного регулирования в Люблино и Новомосковском\"}, {\"date\": \"Май 2021\", \"text\": \"Тестирование системы учета посетителей / пассажиропотока на транспортном пересадочном узле и в местах скопления людей\"}]','http://innoapi.cyberbobs.xsph.ru/Shablon_otchyota_o_rezultatakh_pilota_v6_2021_10_26.docx',393,'2021-12-03 13:32:43','2021-12-03 13:32:43'),(577,6,'[{\"date\": \"Январь 2021\", \"text\": \"Тестирование системы мониторинга дорожного движения на площади тверской заставы\"}, {\"date\": \"Март 2021\", \"text\": \"Тестирование системы адаптивного регулирования в Люблино и Новомосковском\"}, {\"date\": \"Май 2021\", \"text\": \"Тестирование системы учета посетителей / пассажиропотока на транспортном пересадочном узле и в местах скопления людей\"}]','http://innoapi.cyberbobs.xsph.ru/Shablon_otchyota_o_rezultatakh_pilota_v6_2021_10_26.docx',394,'2021-12-03 13:32:43','2021-12-03 13:32:43'),(578,6,'[{\"date\": \"Январь 2021\", \"text\": \"Тестирование системы мониторинга дорожного движения на площади тверской заставы\"}, {\"date\": \"Март 2021\", \"text\": \"Тестирование системы адаптивного регулирования в Люблино и Новомосковском\"}, {\"date\": \"Май 2021\", \"text\": \"Тестирование системы учета посетителей / пассажиропотока на транспортном пересадочном узле и в местах скопления людей\"}]','http://innoapi.cyberbobs.xsph.ru/Shablon_otchyota_o_rezultatakh_pilota_v6_2021_10_26.docx',394,'2021-12-03 13:32:43','2021-12-03 13:32:43'),(579,6,'[{\"date\": \"Январь 2021\", \"text\": \"Тестирование системы мониторинга дорожного движения на площади тверской заставы\"}, {\"date\": \"Март 2021\", \"text\": \"Тестирование системы адаптивного регулирования в Люблино и Новомосковском\"}, {\"date\": \"Май 2021\", \"text\": \"Тестирование системы учета посетителей / пассажиропотока на транспортном пересадочном узле и в местах скопления людей\"}]','http://innoapi.cyberbobs.xsph.ru/Shablon_otchyota_o_rezultatakh_pilota_v6_2021_10_26.docx',395,'2021-12-03 13:32:43','2021-12-03 13:32:43'),(580,6,'[{\"date\": \"Январь 2021\", \"text\": \"Тестирование системы мониторинга дорожного движения на площади тверской заставы\"}, {\"date\": \"Март 2021\", \"text\": \"Тестирование системы адаптивного регулирования в Люблино и Новомосковском\"}, {\"date\": \"Май 2021\", \"text\": \"Тестирование системы учета посетителей / пассажиропотока на транспортном пересадочном узле и в местах скопления людей\"}]','http://innoapi.cyberbobs.xsph.ru/Shablon_otchyota_o_rezultatakh_pilota_v6_2021_10_26.docx',395,'2021-12-03 13:32:43','2021-12-03 13:32:43'),(581,6,'[{\"date\": \"Январь 2021\", \"text\": \"Тестирование системы мониторинга дорожного движения на площади тверской заставы\"}, {\"date\": \"Март 2021\", \"text\": \"Тестирование системы адаптивного регулирования в Люблино и Новомосковском\"}, {\"date\": \"Май 2021\", \"text\": \"Тестирование системы учета посетителей / пассажиропотока на транспортном пересадочном узле и в местах скопления людей\"}]','http://innoapi.cyberbobs.xsph.ru/Shablon_otchyota_o_rezultatakh_pilota_v6_2021_10_26.docx',395,'2021-12-03 13:32:43','2021-12-03 13:32:43'),(582,6,'[{\"date\": \"Январь 2021\", \"text\": \"Тестирование системы мониторинга дорожного движения на площади тверской заставы\"}, {\"date\": \"Март 2021\", \"text\": \"Тестирование системы адаптивного регулирования в Люблино и Новомосковском\"}, {\"date\": \"Май 2021\", \"text\": \"Тестирование системы учета посетителей / пассажиропотока на транспортном пересадочном узле и в местах скопления людей\"}]','http://innoapi.cyberbobs.xsph.ru/Shablon_otchyota_o_rezultatakh_pilota_v6_2021_10_26.docx',396,'2021-12-03 13:32:43','2021-12-03 13:32:43'),(583,6,'[{\"date\": \"Январь 2021\", \"text\": \"Тестирование системы мониторинга дорожного движения на площади тверской заставы\"}, {\"date\": \"Март 2021\", \"text\": \"Тестирование системы адаптивного регулирования в Люблино и Новомосковском\"}, {\"date\": \"Май 2021\", \"text\": \"Тестирование системы учета посетителей / пассажиропотока на транспортном пересадочном узле и в местах скопления людей\"}]','http://innoapi.cyberbobs.xsph.ru/Shablon_otchyota_o_rezultatakh_pilota_v6_2021_10_26.docx',396,'2021-12-03 13:32:43','2021-12-03 13:32:43'),(584,6,'[{\"date\": \"Январь 2021\", \"text\": \"Тестирование системы мониторинга дорожного движения на площади тверской заставы\"}, {\"date\": \"Март 2021\", \"text\": \"Тестирование системы адаптивного регулирования в Люблино и Новомосковском\"}, {\"date\": \"Май 2021\", \"text\": \"Тестирование системы учета посетителей / пассажиропотока на транспортном пересадочном узле и в местах скопления людей\"}]','http://innoapi.cyberbobs.xsph.ru/Shablon_otchyota_o_rezultatakh_pilota_v6_2021_10_26.docx',397,'2021-12-03 13:32:43','2021-12-03 13:32:43'),(585,6,'[{\"date\": \"Январь 2021\", \"text\": \"Тестирование системы мониторинга дорожного движения на площади тверской заставы\"}, {\"date\": \"Март 2021\", \"text\": \"Тестирование системы адаптивного регулирования в Люблино и Новомосковском\"}, {\"date\": \"Май 2021\", \"text\": \"Тестирование системы учета посетителей / пассажиропотока на транспортном пересадочном узле и в местах скопления людей\"}]','http://innoapi.cyberbobs.xsph.ru/Shablon_otchyota_o_rezultatakh_pilota_v6_2021_10_26.docx',397,'2021-12-03 13:32:43','2021-12-03 13:32:43'),(586,6,'[{\"date\": \"Январь 2021\", \"text\": \"Тестирование системы мониторинга дорожного движения на площади тверской заставы\"}, {\"date\": \"Март 2021\", \"text\": \"Тестирование системы адаптивного регулирования в Люблино и Новомосковском\"}, {\"date\": \"Май 2021\", \"text\": \"Тестирование системы учета посетителей / пассажиропотока на транспортном пересадочном узле и в местах скопления людей\"}]','http://innoapi.cyberbobs.xsph.ru/Shablon_otchyota_o_rezultatakh_pilota_v6_2021_10_26.docx',397,'2021-12-03 13:32:43','2021-12-03 13:32:43'),(587,6,'[{\"date\": \"Январь 2021\", \"text\": \"Тестирование системы мониторинга дорожного движения на площади тверской заставы\"}, {\"date\": \"Март 2021\", \"text\": \"Тестирование системы адаптивного регулирования в Люблино и Новомосковском\"}, {\"date\": \"Май 2021\", \"text\": \"Тестирование системы учета посетителей / пассажиропотока на транспортном пересадочном узле и в местах скопления людей\"}]','http://innoapi.cyberbobs.xsph.ru/Shablon_otchyota_o_rezultatakh_pilota_v6_2021_10_26.docx',398,'2021-12-03 13:32:43','2021-12-03 13:32:43'),(588,6,'[{\"date\": \"Январь 2021\", \"text\": \"Тестирование системы мониторинга дорожного движения на площади тверской заставы\"}, {\"date\": \"Март 2021\", \"text\": \"Тестирование системы адаптивного регулирования в Люблино и Новомосковском\"}, {\"date\": \"Май 2021\", \"text\": \"Тестирование системы учета посетителей / пассажиропотока на транспортном пересадочном узле и в местах скопления людей\"}]','http://innoapi.cyberbobs.xsph.ru/Shablon_otchyota_o_rezultatakh_pilota_v6_2021_10_26.docx',398,'2021-12-03 13:32:43','2021-12-03 13:32:43'),(589,6,'[{\"date\": \"Январь 2021\", \"text\": \"Тестирование системы мониторинга дорожного движения на площади тверской заставы\"}, {\"date\": \"Март 2021\", \"text\": \"Тестирование системы адаптивного регулирования в Люблино и Новомосковском\"}, {\"date\": \"Май 2021\", \"text\": \"Тестирование системы учета посетителей / пассажиропотока на транспортном пересадочном узле и в местах скопления людей\"}]','http://innoapi.cyberbobs.xsph.ru/Shablon_otchyota_o_rezultatakh_pilota_v6_2021_10_26.docx',398,'2021-12-03 13:32:43','2021-12-03 13:32:43'),(590,6,'[{\"date\": \"Январь 2021\", \"text\": \"Тестирование системы мониторинга дорожного движения на площади тверской заставы\"}, {\"date\": \"Март 2021\", \"text\": \"Тестирование системы адаптивного регулирования в Люблино и Новомосковском\"}, {\"date\": \"Май 2021\", \"text\": \"Тестирование системы учета посетителей / пассажиропотока на транспортном пересадочном узле и в местах скопления людей\"}]','http://innoapi.cyberbobs.xsph.ru/Shablon_otchyota_o_rezultatakh_pilota_v6_2021_10_26.docx',399,'2021-12-03 13:32:43','2021-12-03 13:32:43'),(591,6,'[{\"date\": \"Январь 2021\", \"text\": \"Тестирование системы мониторинга дорожного движения на площади тверской заставы\"}, {\"date\": \"Март 2021\", \"text\": \"Тестирование системы адаптивного регулирования в Люблино и Новомосковском\"}, {\"date\": \"Май 2021\", \"text\": \"Тестирование системы учета посетителей / пассажиропотока на транспортном пересадочном узле и в местах скопления людей\"}]','http://innoapi.cyberbobs.xsph.ru/Shablon_otchyota_o_rezultatakh_pilota_v6_2021_10_26.docx',400,'2021-12-03 13:32:43','2021-12-03 13:32:43'),(592,6,'[{\"date\": \"Январь 2021\", \"text\": \"Тестирование системы мониторинга дорожного движения на площади тверской заставы\"}, {\"date\": \"Март 2021\", \"text\": \"Тестирование системы адаптивного регулирования в Люблино и Новомосковском\"}, {\"date\": \"Май 2021\", \"text\": \"Тестирование системы учета посетителей / пассажиропотока на транспортном пересадочном узле и в местах скопления людей\"}]','http://innoapi.cyberbobs.xsph.ru/Shablon_otchyota_o_rezultatakh_pilota_v6_2021_10_26.docx',400,'2021-12-03 13:32:43','2021-12-03 13:32:43'),(593,6,'[{\"date\": \"Январь 2021\", \"text\": \"Тестирование системы мониторинга дорожного движения на площади тверской заставы\"}, {\"date\": \"Март 2021\", \"text\": \"Тестирование системы адаптивного регулирования в Люблино и Новомосковском\"}, {\"date\": \"Май 2021\", \"text\": \"Тестирование системы учета посетителей / пассажиропотока на транспортном пересадочном узле и в местах скопления людей\"}]','http://innoapi.cyberbobs.xsph.ru/Shablon_otchyota_o_rezultatakh_pilota_v6_2021_10_26.docx',401,'2021-12-03 13:32:43','2021-12-03 13:32:43'),(594,6,'[{\"date\": \"Январь 2021\", \"text\": \"Тестирование системы мониторинга дорожного движения на площади тверской заставы\"}, {\"date\": \"Март 2021\", \"text\": \"Тестирование системы адаптивного регулирования в Люблино и Новомосковском\"}, {\"date\": \"Май 2021\", \"text\": \"Тестирование системы учета посетителей / пассажиропотока на транспортном пересадочном узле и в местах скопления людей\"}]','http://innoapi.cyberbobs.xsph.ru/Shablon_otchyota_o_rezultatakh_pilota_v6_2021_10_26.docx',401,'2021-12-03 13:32:43','2021-12-03 13:32:43'),(595,6,'[{\"date\": \"Январь 2021\", \"text\": \"Тестирование системы мониторинга дорожного движения на площади тверской заставы\"}, {\"date\": \"Март 2021\", \"text\": \"Тестирование системы адаптивного регулирования в Люблино и Новомосковском\"}, {\"date\": \"Май 2021\", \"text\": \"Тестирование системы учета посетителей / пассажиропотока на транспортном пересадочном узле и в местах скопления людей\"}]','http://innoapi.cyberbobs.xsph.ru/Shablon_otchyota_o_rezultatakh_pilota_v6_2021_10_26.docx',402,'2021-12-03 13:32:43','2021-12-03 13:32:43'),(596,6,'[{\"date\": \"Январь 2021\", \"text\": \"Тестирование системы мониторинга дорожного движения на площади тверской заставы\"}, {\"date\": \"Март 2021\", \"text\": \"Тестирование системы адаптивного регулирования в Люблино и Новомосковском\"}, {\"date\": \"Май 2021\", \"text\": \"Тестирование системы учета посетителей / пассажиропотока на транспортном пересадочном узле и в местах скопления людей\"}]','http://innoapi.cyberbobs.xsph.ru/Shablon_otchyota_o_rezultatakh_pilota_v6_2021_10_26.docx',402,'2021-12-03 13:32:43','2021-12-03 13:32:43'),(597,6,'[{\"date\": \"Январь 2021\", \"text\": \"Тестирование системы мониторинга дорожного движения на площади тверской заставы\"}, {\"date\": \"Март 2021\", \"text\": \"Тестирование системы адаптивного регулирования в Люблино и Новомосковском\"}, {\"date\": \"Май 2021\", \"text\": \"Тестирование системы учета посетителей / пассажиропотока на транспортном пересадочном узле и в местах скопления людей\"}]','http://innoapi.cyberbobs.xsph.ru/Shablon_otchyota_o_rezultatakh_pilota_v6_2021_10_26.docx',403,'2021-12-03 13:32:43','2021-12-03 13:32:43'),(598,6,'[{\"date\": \"Январь 2021\", \"text\": \"Тестирование системы мониторинга дорожного движения на площади тверской заставы\"}, {\"date\": \"Март 2021\", \"text\": \"Тестирование системы адаптивного регулирования в Люблино и Новомосковском\"}, {\"date\": \"Май 2021\", \"text\": \"Тестирование системы учета посетителей / пассажиропотока на транспортном пересадочном узле и в местах скопления людей\"}]','http://innoapi.cyberbobs.xsph.ru/Shablon_otchyota_o_rezultatakh_pilota_v6_2021_10_26.docx',403,'2021-12-03 13:32:43','2021-12-03 13:32:43'),(599,6,'[{\"date\": \"Январь 2021\", \"text\": \"Тестирование системы мониторинга дорожного движения на площади тверской заставы\"}, {\"date\": \"Март 2021\", \"text\": \"Тестирование системы адаптивного регулирования в Люблино и Новомосковском\"}, {\"date\": \"Май 2021\", \"text\": \"Тестирование системы учета посетителей / пассажиропотока на транспортном пересадочном узле и в местах скопления людей\"}]','http://innoapi.cyberbobs.xsph.ru/Shablon_otchyota_o_rezultatakh_pilota_v6_2021_10_26.docx',403,'2021-12-03 13:32:43','2021-12-03 13:32:43'),(600,6,'[{\"date\": \"Январь 2021\", \"text\": \"Тестирование системы мониторинга дорожного движения на площади тверской заставы\"}, {\"date\": \"Март 2021\", \"text\": \"Тестирование системы адаптивного регулирования в Люблино и Новомосковском\"}, {\"date\": \"Май 2021\", \"text\": \"Тестирование системы учета посетителей / пассажиропотока на транспортном пересадочном узле и в местах скопления людей\"}]','http://innoapi.cyberbobs.xsph.ru/Shablon_otchyota_o_rezultatakh_pilota_v6_2021_10_26.docx',404,'2021-12-03 13:32:43','2021-12-03 13:32:43'),(601,6,'[{\"date\": \"Январь 2021\", \"text\": \"Тестирование системы мониторинга дорожного движения на площади тверской заставы\"}, {\"date\": \"Март 2021\", \"text\": \"Тестирование системы адаптивного регулирования в Люблино и Новомосковском\"}, {\"date\": \"Май 2021\", \"text\": \"Тестирование системы учета посетителей / пассажиропотока на транспортном пересадочном узле и в местах скопления людей\"}]','http://innoapi.cyberbobs.xsph.ru/Shablon_otchyota_o_rezultatakh_pilota_v6_2021_10_26.docx',404,'2021-12-03 13:32:43','2021-12-03 13:32:43'),(602,6,'[{\"date\": \"Январь 2021\", \"text\": \"Тестирование системы мониторинга дорожного движения на площади тверской заставы\"}, {\"date\": \"Март 2021\", \"text\": \"Тестирование системы адаптивного регулирования в Люблино и Новомосковском\"}, {\"date\": \"Май 2021\", \"text\": \"Тестирование системы учета посетителей / пассажиропотока на транспортном пересадочном узле и в местах скопления людей\"}]','http://innoapi.cyberbobs.xsph.ru/Shablon_otchyota_o_rezultatakh_pilota_v6_2021_10_26.docx',404,'2021-12-03 13:32:43','2021-12-03 13:32:43'),(603,6,'[{\"date\": \"Январь 2021\", \"text\": \"Тестирование системы мониторинга дорожного движения на площади тверской заставы\"}, {\"date\": \"Март 2021\", \"text\": \"Тестирование системы адаптивного регулирования в Люблино и Новомосковском\"}, {\"date\": \"Май 2021\", \"text\": \"Тестирование системы учета посетителей / пассажиропотока на транспортном пересадочном узле и в местах скопления людей\"}]','http://innoapi.cyberbobs.xsph.ru/Shablon_otchyota_o_rezultatakh_pilota_v6_2021_10_26.docx',405,'2021-12-03 13:32:43','2021-12-03 13:32:43'),(604,6,'[{\"date\": \"Январь 2021\", \"text\": \"Тестирование системы мониторинга дорожного движения на площади тверской заставы\"}, {\"date\": \"Март 2021\", \"text\": \"Тестирование системы адаптивного регулирования в Люблино и Новомосковском\"}, {\"date\": \"Май 2021\", \"text\": \"Тестирование системы учета посетителей / пассажиропотока на транспортном пересадочном узле и в местах скопления людей\"}]','http://innoapi.cyberbobs.xsph.ru/Shablon_otchyota_o_rezultatakh_pilota_v6_2021_10_26.docx',406,'2021-12-03 13:32:43','2021-12-03 13:32:43'),(605,6,'[{\"date\": \"Январь 2021\", \"text\": \"Тестирование системы мониторинга дорожного движения на площади тверской заставы\"}, {\"date\": \"Март 2021\", \"text\": \"Тестирование системы адаптивного регулирования в Люблино и Новомосковском\"}, {\"date\": \"Май 2021\", \"text\": \"Тестирование системы учета посетителей / пассажиропотока на транспортном пересадочном узле и в местах скопления людей\"}]','http://innoapi.cyberbobs.xsph.ru/Shablon_otchyota_o_rezultatakh_pilota_v6_2021_10_26.docx',407,'2021-12-03 13:32:43','2021-12-03 13:32:43'),(606,6,'[{\"date\": \"Январь 2021\", \"text\": \"Тестирование системы мониторинга дорожного движения на площади тверской заставы\"}, {\"date\": \"Март 2021\", \"text\": \"Тестирование системы адаптивного регулирования в Люблино и Новомосковском\"}, {\"date\": \"Май 2021\", \"text\": \"Тестирование системы учета посетителей / пассажиропотока на транспортном пересадочном узле и в местах скопления людей\"}]','http://innoapi.cyberbobs.xsph.ru/Shablon_otchyota_o_rezultatakh_pilota_v6_2021_10_26.docx',407,'2021-12-03 13:32:43','2021-12-03 13:32:43'),(607,6,'[{\"date\": \"Январь 2021\", \"text\": \"Тестирование системы мониторинга дорожного движения на площади тверской заставы\"}, {\"date\": \"Март 2021\", \"text\": \"Тестирование системы адаптивного регулирования в Люблино и Новомосковском\"}, {\"date\": \"Май 2021\", \"text\": \"Тестирование системы учета посетителей / пассажиропотока на транспортном пересадочном узле и в местах скопления людей\"}]','http://innoapi.cyberbobs.xsph.ru/Shablon_otchyota_o_rezultatakh_pilota_v6_2021_10_26.docx',408,'2021-12-03 13:32:43','2021-12-03 13:32:43'),(608,6,'[{\"date\": \"Январь 2021\", \"text\": \"Тестирование системы мониторинга дорожного движения на площади тверской заставы\"}, {\"date\": \"Март 2021\", \"text\": \"Тестирование системы адаптивного регулирования в Люблино и Новомосковском\"}, {\"date\": \"Май 2021\", \"text\": \"Тестирование системы учета посетителей / пассажиропотока на транспортном пересадочном узле и в местах скопления людей\"}]','http://innoapi.cyberbobs.xsph.ru/Shablon_otchyota_o_rezultatakh_pilota_v6_2021_10_26.docx',408,'2021-12-03 13:32:43','2021-12-03 13:32:43'),(609,6,'[{\"date\": \"Январь 2021\", \"text\": \"Тестирование системы мониторинга дорожного движения на площади тверской заставы\"}, {\"date\": \"Март 2021\", \"text\": \"Тестирование системы адаптивного регулирования в Люблино и Новомосковском\"}, {\"date\": \"Май 2021\", \"text\": \"Тестирование системы учета посетителей / пассажиропотока на транспортном пересадочном узле и в местах скопления людей\"}]','http://innoapi.cyberbobs.xsph.ru/Shablon_otchyota_o_rezultatakh_pilota_v6_2021_10_26.docx',409,'2021-12-03 13:32:43','2021-12-03 13:32:43'),(610,6,'[{\"date\": \"Январь 2021\", \"text\": \"Тестирование системы мониторинга дорожного движения на площади тверской заставы\"}, {\"date\": \"Март 2021\", \"text\": \"Тестирование системы адаптивного регулирования в Люблино и Новомосковском\"}, {\"date\": \"Май 2021\", \"text\": \"Тестирование системы учета посетителей / пассажиропотока на транспортном пересадочном узле и в местах скопления людей\"}]','http://innoapi.cyberbobs.xsph.ru/Shablon_otchyota_o_rezultatakh_pilota_v6_2021_10_26.docx',409,'2021-12-03 13:32:43','2021-12-03 13:32:43'),(611,6,'[{\"date\": \"Январь 2021\", \"text\": \"Тестирование системы мониторинга дорожного движения на площади тверской заставы\"}, {\"date\": \"Март 2021\", \"text\": \"Тестирование системы адаптивного регулирования в Люблино и Новомосковском\"}, {\"date\": \"Май 2021\", \"text\": \"Тестирование системы учета посетителей / пассажиропотока на транспортном пересадочном узле и в местах скопления людей\"}]','http://innoapi.cyberbobs.xsph.ru/Shablon_otchyota_o_rezultatakh_pilota_v6_2021_10_26.docx',410,'2021-12-03 13:32:43','2021-12-03 13:32:43'),(612,6,'[{\"date\": \"Январь 2021\", \"text\": \"Тестирование системы мониторинга дорожного движения на площади тверской заставы\"}, {\"date\": \"Март 2021\", \"text\": \"Тестирование системы адаптивного регулирования в Люблино и Новомосковском\"}, {\"date\": \"Май 2021\", \"text\": \"Тестирование системы учета посетителей / пассажиропотока на транспортном пересадочном узле и в местах скопления людей\"}]','http://innoapi.cyberbobs.xsph.ru/Shablon_otchyota_o_rezultatakh_pilota_v6_2021_10_26.docx',410,'2021-12-03 13:32:43','2021-12-03 13:32:43'),(613,6,'[{\"date\": \"Январь 2021\", \"text\": \"Тестирование системы мониторинга дорожного движения на площади тверской заставы\"}, {\"date\": \"Март 2021\", \"text\": \"Тестирование системы адаптивного регулирования в Люблино и Новомосковском\"}, {\"date\": \"Май 2021\", \"text\": \"Тестирование системы учета посетителей / пассажиропотока на транспортном пересадочном узле и в местах скопления людей\"}]','http://innoapi.cyberbobs.xsph.ru/Shablon_otchyota_o_rezultatakh_pilota_v6_2021_10_26.docx',411,'2021-12-03 13:32:43','2021-12-03 13:32:43'),(614,6,'[{\"date\": \"Январь 2021\", \"text\": \"Тестирование системы мониторинга дорожного движения на площади тверской заставы\"}, {\"date\": \"Март 2021\", \"text\": \"Тестирование системы адаптивного регулирования в Люблино и Новомосковском\"}, {\"date\": \"Май 2021\", \"text\": \"Тестирование системы учета посетителей / пассажиропотока на транспортном пересадочном узле и в местах скопления людей\"}]','http://innoapi.cyberbobs.xsph.ru/Shablon_otchyota_o_rezultatakh_pilota_v6_2021_10_26.docx',411,'2021-12-03 13:32:43','2021-12-03 13:32:43'),(615,6,'[{\"date\": \"Январь 2021\", \"text\": \"Тестирование системы мониторинга дорожного движения на площади тверской заставы\"}, {\"date\": \"Март 2021\", \"text\": \"Тестирование системы адаптивного регулирования в Люблино и Новомосковском\"}, {\"date\": \"Май 2021\", \"text\": \"Тестирование системы учета посетителей / пассажиропотока на транспортном пересадочном узле и в местах скопления людей\"}]','http://innoapi.cyberbobs.xsph.ru/Shablon_otchyota_o_rezultatakh_pilota_v6_2021_10_26.docx',412,'2021-12-03 13:32:43','2021-12-03 13:32:43'),(616,6,'[{\"date\": \"Январь 2021\", \"text\": \"Тестирование системы мониторинга дорожного движения на площади тверской заставы\"}, {\"date\": \"Март 2021\", \"text\": \"Тестирование системы адаптивного регулирования в Люблино и Новомосковском\"}, {\"date\": \"Май 2021\", \"text\": \"Тестирование системы учета посетителей / пассажиропотока на транспортном пересадочном узле и в местах скопления людей\"}]','http://innoapi.cyberbobs.xsph.ru/Shablon_otchyota_o_rezultatakh_pilota_v6_2021_10_26.docx',412,'2021-12-03 13:32:43','2021-12-03 13:32:43'),(617,6,'[{\"date\": \"Январь 2021\", \"text\": \"Тестирование системы мониторинга дорожного движения на площади тверской заставы\"}, {\"date\": \"Март 2021\", \"text\": \"Тестирование системы адаптивного регулирования в Люблино и Новомосковском\"}, {\"date\": \"Май 2021\", \"text\": \"Тестирование системы учета посетителей / пассажиропотока на транспортном пересадочном узле и в местах скопления людей\"}]','http://innoapi.cyberbobs.xsph.ru/Shablon_otchyota_o_rezultatakh_pilota_v6_2021_10_26.docx',412,'2021-12-03 13:32:43','2021-12-03 13:32:43'),(618,6,'[{\"date\": \"Январь 2021\", \"text\": \"Тестирование системы мониторинга дорожного движения на площади тверской заставы\"}, {\"date\": \"Март 2021\", \"text\": \"Тестирование системы адаптивного регулирования в Люблино и Новомосковском\"}, {\"date\": \"Май 2021\", \"text\": \"Тестирование системы учета посетителей / пассажиропотока на транспортном пересадочном узле и в местах скопления людей\"}]','http://innoapi.cyberbobs.xsph.ru/Shablon_otchyota_o_rezultatakh_pilota_v6_2021_10_26.docx',413,'2021-12-03 13:32:43','2021-12-03 13:32:43'),(619,6,'[{\"date\": \"Январь 2021\", \"text\": \"Тестирование системы мониторинга дорожного движения на площади тверской заставы\"}, {\"date\": \"Март 2021\", \"text\": \"Тестирование системы адаптивного регулирования в Люблино и Новомосковском\"}, {\"date\": \"Май 2021\", \"text\": \"Тестирование системы учета посетителей / пассажиропотока на транспортном пересадочном узле и в местах скопления людей\"}]','http://innoapi.cyberbobs.xsph.ru/Shablon_otchyota_o_rezultatakh_pilota_v6_2021_10_26.docx',413,'2021-12-03 13:32:43','2021-12-03 13:32:43'),(620,6,'[{\"date\": \"Январь 2021\", \"text\": \"Тестирование системы мониторинга дорожного движения на площади тверской заставы\"}, {\"date\": \"Март 2021\", \"text\": \"Тестирование системы адаптивного регулирования в Люблино и Новомосковском\"}, {\"date\": \"Май 2021\", \"text\": \"Тестирование системы учета посетителей / пассажиропотока на транспортном пересадочном узле и в местах скопления людей\"}]','http://innoapi.cyberbobs.xsph.ru/Shablon_otchyota_o_rezultatakh_pilota_v6_2021_10_26.docx',414,'2021-12-03 13:32:43','2021-12-03 13:32:43'),(621,6,'[{\"date\": \"Январь 2021\", \"text\": \"Тестирование системы мониторинга дорожного движения на площади тверской заставы\"}, {\"date\": \"Март 2021\", \"text\": \"Тестирование системы адаптивного регулирования в Люблино и Новомосковском\"}, {\"date\": \"Май 2021\", \"text\": \"Тестирование системы учета посетителей / пассажиропотока на транспортном пересадочном узле и в местах скопления людей\"}]','http://innoapi.cyberbobs.xsph.ru/Shablon_otchyota_o_rezultatakh_pilota_v6_2021_10_26.docx',415,'2021-12-03 13:32:43','2021-12-03 13:32:43'),(622,6,'[{\"date\": \"Январь 2021\", \"text\": \"Тестирование системы мониторинга дорожного движения на площади тверской заставы\"}, {\"date\": \"Март 2021\", \"text\": \"Тестирование системы адаптивного регулирования в Люблино и Новомосковском\"}, {\"date\": \"Май 2021\", \"text\": \"Тестирование системы учета посетителей / пассажиропотока на транспортном пересадочном узле и в местах скопления людей\"}]','http://innoapi.cyberbobs.xsph.ru/Shablon_otchyota_o_rezultatakh_pilota_v6_2021_10_26.docx',415,'2021-12-03 13:32:43','2021-12-03 13:32:43'),(623,6,'[{\"date\": \"Январь 2021\", \"text\": \"Тестирование системы мониторинга дорожного движения на площади тверской заставы\"}, {\"date\": \"Март 2021\", \"text\": \"Тестирование системы адаптивного регулирования в Люблино и Новомосковском\"}, {\"date\": \"Май 2021\", \"text\": \"Тестирование системы учета посетителей / пассажиропотока на транспортном пересадочном узле и в местах скопления людей\"}]','http://innoapi.cyberbobs.xsph.ru/Shablon_otchyota_o_rezultatakh_pilota_v6_2021_10_26.docx',415,'2021-12-03 13:32:43','2021-12-03 13:32:43'),(624,6,'[{\"date\": \"Январь 2021\", \"text\": \"Тестирование системы мониторинга дорожного движения на площади тверской заставы\"}, {\"date\": \"Март 2021\", \"text\": \"Тестирование системы адаптивного регулирования в Люблино и Новомосковском\"}, {\"date\": \"Май 2021\", \"text\": \"Тестирование системы учета посетителей / пассажиропотока на транспортном пересадочном узле и в местах скопления людей\"}]','http://innoapi.cyberbobs.xsph.ru/Shablon_otchyota_o_rezultatakh_pilota_v6_2021_10_26.docx',416,'2021-12-03 13:32:43','2021-12-03 13:32:43'),(625,6,'[{\"date\": \"Январь 2021\", \"text\": \"Тестирование системы мониторинга дорожного движения на площади тверской заставы\"}, {\"date\": \"Март 2021\", \"text\": \"Тестирование системы адаптивного регулирования в Люблино и Новомосковском\"}, {\"date\": \"Май 2021\", \"text\": \"Тестирование системы учета посетителей / пассажиропотока на транспортном пересадочном узле и в местах скопления людей\"}]','http://innoapi.cyberbobs.xsph.ru/Shablon_otchyota_o_rezultatakh_pilota_v6_2021_10_26.docx',417,'2021-12-03 13:32:43','2021-12-03 13:32:43'),(626,6,'[{\"date\": \"Январь 2021\", \"text\": \"Тестирование системы мониторинга дорожного движения на площади тверской заставы\"}, {\"date\": \"Март 2021\", \"text\": \"Тестирование системы адаптивного регулирования в Люблино и Новомосковском\"}, {\"date\": \"Май 2021\", \"text\": \"Тестирование системы учета посетителей / пассажиропотока на транспортном пересадочном узле и в местах скопления людей\"}]','http://innoapi.cyberbobs.xsph.ru/Shablon_otchyota_o_rezultatakh_pilota_v6_2021_10_26.docx',417,'2021-12-03 13:32:43','2021-12-03 13:32:43'),(627,6,'[{\"date\": \"Январь 2021\", \"text\": \"Тестирование системы мониторинга дорожного движения на площади тверской заставы\"}, {\"date\": \"Март 2021\", \"text\": \"Тестирование системы адаптивного регулирования в Люблино и Новомосковском\"}, {\"date\": \"Май 2021\", \"text\": \"Тестирование системы учета посетителей / пассажиропотока на транспортном пересадочном узле и в местах скопления людей\"}]','http://innoapi.cyberbobs.xsph.ru/Shablon_otchyota_o_rezultatakh_pilota_v6_2021_10_26.docx',418,'2021-12-03 13:32:43','2021-12-03 13:32:43'),(628,6,'[{\"date\": \"Январь 2021\", \"text\": \"Тестирование системы мониторинга дорожного движения на площади тверской заставы\"}, {\"date\": \"Март 2021\", \"text\": \"Тестирование системы адаптивного регулирования в Люблино и Новомосковском\"}, {\"date\": \"Май 2021\", \"text\": \"Тестирование системы учета посетителей / пассажиропотока на транспортном пересадочном узле и в местах скопления людей\"}]','http://innoapi.cyberbobs.xsph.ru/Shablon_otchyota_o_rezultatakh_pilota_v6_2021_10_26.docx',419,'2021-12-03 13:32:43','2021-12-03 13:32:43'),(629,6,'[{\"date\": \"Январь 2021\", \"text\": \"Тестирование системы мониторинга дорожного движения на площади тверской заставы\"}, {\"date\": \"Март 2021\", \"text\": \"Тестирование системы адаптивного регулирования в Люблино и Новомосковском\"}, {\"date\": \"Май 2021\", \"text\": \"Тестирование системы учета посетителей / пассажиропотока на транспортном пересадочном узле и в местах скопления людей\"}]','http://innoapi.cyberbobs.xsph.ru/Shablon_otchyota_o_rezultatakh_pilota_v6_2021_10_26.docx',419,'2021-12-03 13:32:43','2021-12-03 13:32:43'),(630,6,'[{\"date\": \"Январь 2021\", \"text\": \"Тестирование системы мониторинга дорожного движения на площади тверской заставы\"}, {\"date\": \"Март 2021\", \"text\": \"Тестирование системы адаптивного регулирования в Люблино и Новомосковском\"}, {\"date\": \"Май 2021\", \"text\": \"Тестирование системы учета посетителей / пассажиропотока на транспортном пересадочном узле и в местах скопления людей\"}]','http://innoapi.cyberbobs.xsph.ru/Shablon_otchyota_o_rezultatakh_pilota_v6_2021_10_26.docx',420,'2021-12-03 13:32:43','2021-12-03 13:32:43'),(631,6,'[{\"date\": \"Январь 2021\", \"text\": \"Тестирование системы мониторинга дорожного движения на площади тверской заставы\"}, {\"date\": \"Март 2021\", \"text\": \"Тестирование системы адаптивного регулирования в Люблино и Новомосковском\"}, {\"date\": \"Май 2021\", \"text\": \"Тестирование системы учета посетителей / пассажиропотока на транспортном пересадочном узле и в местах скопления людей\"}]','http://innoapi.cyberbobs.xsph.ru/Shablon_otchyota_o_rezultatakh_pilota_v6_2021_10_26.docx',420,'2021-12-03 13:32:43','2021-12-03 13:32:43'),(632,6,'[{\"date\": \"Январь 2021\", \"text\": \"Тестирование системы мониторинга дорожного движения на площади тверской заставы\"}, {\"date\": \"Март 2021\", \"text\": \"Тестирование системы адаптивного регулирования в Люблино и Новомосковском\"}, {\"date\": \"Май 2021\", \"text\": \"Тестирование системы учета посетителей / пассажиропотока на транспортном пересадочном узле и в местах скопления людей\"}]','http://innoapi.cyberbobs.xsph.ru/Shablon_otchyota_o_rezultatakh_pilota_v6_2021_10_26.docx',421,'2021-12-03 13:32:43','2021-12-03 13:32:43'),(633,6,'[{\"date\": \"Январь 2021\", \"text\": \"Тестирование системы мониторинга дорожного движения на площади тверской заставы\"}, {\"date\": \"Март 2021\", \"text\": \"Тестирование системы адаптивного регулирования в Люблино и Новомосковском\"}, {\"date\": \"Май 2021\", \"text\": \"Тестирование системы учета посетителей / пассажиропотока на транспортном пересадочном узле и в местах скопления людей\"}]','http://innoapi.cyberbobs.xsph.ru/Shablon_otchyota_o_rezultatakh_pilota_v6_2021_10_26.docx',422,'2021-12-03 13:32:43','2021-12-03 13:32:43'),(634,6,'[{\"date\": \"Январь 2021\", \"text\": \"Тестирование системы мониторинга дорожного движения на площади тверской заставы\"}, {\"date\": \"Март 2021\", \"text\": \"Тестирование системы адаптивного регулирования в Люблино и Новомосковском\"}, {\"date\": \"Май 2021\", \"text\": \"Тестирование системы учета посетителей / пассажиропотока на транспортном пересадочном узле и в местах скопления людей\"}]','http://innoapi.cyberbobs.xsph.ru/Shablon_otchyota_o_rezultatakh_pilota_v6_2021_10_26.docx',422,'2021-12-03 13:32:43','2021-12-03 13:32:43'),(635,6,'[{\"date\": \"Январь 2021\", \"text\": \"Тестирование системы мониторинга дорожного движения на площади тверской заставы\"}, {\"date\": \"Март 2021\", \"text\": \"Тестирование системы адаптивного регулирования в Люблино и Новомосковском\"}, {\"date\": \"Май 2021\", \"text\": \"Тестирование системы учета посетителей / пассажиропотока на транспортном пересадочном узле и в местах скопления людей\"}]','http://innoapi.cyberbobs.xsph.ru/Shablon_otchyota_o_rezultatakh_pilota_v6_2021_10_26.docx',422,'2021-12-03 13:32:43','2021-12-03 13:32:43'),(636,6,'[{\"date\": \"Январь 2021\", \"text\": \"Тестирование системы мониторинга дорожного движения на площади тверской заставы\"}, {\"date\": \"Март 2021\", \"text\": \"Тестирование системы адаптивного регулирования в Люблино и Новомосковском\"}, {\"date\": \"Май 2021\", \"text\": \"Тестирование системы учета посетителей / пассажиропотока на транспортном пересадочном узле и в местах скопления людей\"}]','http://innoapi.cyberbobs.xsph.ru/Shablon_otchyota_o_rezultatakh_pilota_v6_2021_10_26.docx',423,'2021-12-03 13:32:43','2021-12-03 13:32:43'),(637,6,'[{\"date\": \"Январь 2021\", \"text\": \"Тестирование системы мониторинга дорожного движения на площади тверской заставы\"}, {\"date\": \"Март 2021\", \"text\": \"Тестирование системы адаптивного регулирования в Люблино и Новомосковском\"}, {\"date\": \"Май 2021\", \"text\": \"Тестирование системы учета посетителей / пассажиропотока на транспортном пересадочном узле и в местах скопления людей\"}]','http://innoapi.cyberbobs.xsph.ru/Shablon_otchyota_o_rezultatakh_pilota_v6_2021_10_26.docx',424,'2021-12-03 13:32:44','2021-12-03 13:32:44'),(638,6,'[{\"date\": \"Январь 2021\", \"text\": \"Тестирование системы мониторинга дорожного движения на площади тверской заставы\"}, {\"date\": \"Март 2021\", \"text\": \"Тестирование системы адаптивного регулирования в Люблино и Новомосковском\"}, {\"date\": \"Май 2021\", \"text\": \"Тестирование системы учета посетителей / пассажиропотока на транспортном пересадочном узле и в местах скопления людей\"}]','http://innoapi.cyberbobs.xsph.ru/Shablon_otchyota_o_rezultatakh_pilota_v6_2021_10_26.docx',424,'2021-12-03 13:32:44','2021-12-03 13:32:44'),(639,6,'[{\"date\": \"Январь 2021\", \"text\": \"Тестирование системы мониторинга дорожного движения на площади тверской заставы\"}, {\"date\": \"Март 2021\", \"text\": \"Тестирование системы адаптивного регулирования в Люблино и Новомосковском\"}, {\"date\": \"Май 2021\", \"text\": \"Тестирование системы учета посетителей / пассажиропотока на транспортном пересадочном узле и в местах скопления людей\"}]','http://innoapi.cyberbobs.xsph.ru/Shablon_otchyota_o_rezultatakh_pilota_v6_2021_10_26.docx',424,'2021-12-03 13:32:44','2021-12-03 13:32:44'),(640,6,'[{\"date\": \"Январь 2021\", \"text\": \"Тестирование системы мониторинга дорожного движения на площади тверской заставы\"}, {\"date\": \"Март 2021\", \"text\": \"Тестирование системы адаптивного регулирования в Люблино и Новомосковском\"}, {\"date\": \"Май 2021\", \"text\": \"Тестирование системы учета посетителей / пассажиропотока на транспортном пересадочном узле и в местах скопления людей\"}]','http://innoapi.cyberbobs.xsph.ru/Shablon_otchyota_o_rezultatakh_pilota_v6_2021_10_26.docx',425,'2021-12-03 13:32:44','2021-12-03 13:32:44'),(641,6,'[{\"date\": \"Январь 2021\", \"text\": \"Тестирование системы мониторинга дорожного движения на площади тверской заставы\"}, {\"date\": \"Март 2021\", \"text\": \"Тестирование системы адаптивного регулирования в Люблино и Новомосковском\"}, {\"date\": \"Май 2021\", \"text\": \"Тестирование системы учета посетителей / пассажиропотока на транспортном пересадочном узле и в местах скопления людей\"}]','http://innoapi.cyberbobs.xsph.ru/Shablon_otchyota_o_rezultatakh_pilota_v6_2021_10_26.docx',426,'2021-12-03 13:32:44','2021-12-03 13:32:44'),(642,6,'[{\"date\": \"Январь 2021\", \"text\": \"Тестирование системы мониторинга дорожного движения на площади тверской заставы\"}, {\"date\": \"Март 2021\", \"text\": \"Тестирование системы адаптивного регулирования в Люблино и Новомосковском\"}, {\"date\": \"Май 2021\", \"text\": \"Тестирование системы учета посетителей / пассажиропотока на транспортном пересадочном узле и в местах скопления людей\"}]','http://innoapi.cyberbobs.xsph.ru/Shablon_otchyota_o_rezultatakh_pilota_v6_2021_10_26.docx',426,'2021-12-03 13:32:44','2021-12-03 13:32:44'),(643,6,'[{\"date\": \"Январь 2021\", \"text\": \"Тестирование системы мониторинга дорожного движения на площади тверской заставы\"}, {\"date\": \"Март 2021\", \"text\": \"Тестирование системы адаптивного регулирования в Люблино и Новомосковском\"}, {\"date\": \"Май 2021\", \"text\": \"Тестирование системы учета посетителей / пассажиропотока на транспортном пересадочном узле и в местах скопления людей\"}]','http://innoapi.cyberbobs.xsph.ru/Shablon_otchyota_o_rezultatakh_pilota_v6_2021_10_26.docx',427,'2021-12-03 13:32:44','2021-12-03 13:32:44'),(644,6,'[{\"date\": \"Январь 2021\", \"text\": \"Тестирование системы мониторинга дорожного движения на площади тверской заставы\"}, {\"date\": \"Март 2021\", \"text\": \"Тестирование системы адаптивного регулирования в Люблино и Новомосковском\"}, {\"date\": \"Май 2021\", \"text\": \"Тестирование системы учета посетителей / пассажиропотока на транспортном пересадочном узле и в местах скопления людей\"}]','http://innoapi.cyberbobs.xsph.ru/Shablon_otchyota_o_rezultatakh_pilota_v6_2021_10_26.docx',428,'2021-12-03 13:32:44','2021-12-03 13:32:44'),(645,6,'[{\"date\": \"Январь 2021\", \"text\": \"Тестирование системы мониторинга дорожного движения на площади тверской заставы\"}, {\"date\": \"Март 2021\", \"text\": \"Тестирование системы адаптивного регулирования в Люблино и Новомосковском\"}, {\"date\": \"Май 2021\", \"text\": \"Тестирование системы учета посетителей / пассажиропотока на транспортном пересадочном узле и в местах скопления людей\"}]','http://innoapi.cyberbobs.xsph.ru/Shablon_otchyota_o_rezultatakh_pilota_v6_2021_10_26.docx',429,'2021-12-03 13:32:44','2021-12-03 13:32:44'),(646,6,'[{\"date\": \"Январь 2021\", \"text\": \"Тестирование системы мониторинга дорожного движения на площади тверской заставы\"}, {\"date\": \"Март 2021\", \"text\": \"Тестирование системы адаптивного регулирования в Люблино и Новомосковском\"}, {\"date\": \"Май 2021\", \"text\": \"Тестирование системы учета посетителей / пассажиропотока на транспортном пересадочном узле и в местах скопления людей\"}]','http://innoapi.cyberbobs.xsph.ru/Shablon_otchyota_o_rezultatakh_pilota_v6_2021_10_26.docx',429,'2021-12-03 13:32:44','2021-12-03 13:32:44'),(647,6,'[{\"date\": \"Январь 2021\", \"text\": \"Тестирование системы мониторинга дорожного движения на площади тверской заставы\"}, {\"date\": \"Март 2021\", \"text\": \"Тестирование системы адаптивного регулирования в Люблино и Новомосковском\"}, {\"date\": \"Май 2021\", \"text\": \"Тестирование системы учета посетителей / пассажиропотока на транспортном пересадочном узле и в местах скопления людей\"}]','http://innoapi.cyberbobs.xsph.ru/Shablon_otchyota_o_rezultatakh_pilota_v6_2021_10_26.docx',430,'2021-12-03 13:32:44','2021-12-03 13:32:44'),(648,6,'[{\"date\": \"Январь 2021\", \"text\": \"Тестирование системы мониторинга дорожного движения на площади тверской заставы\"}, {\"date\": \"Март 2021\", \"text\": \"Тестирование системы адаптивного регулирования в Люблино и Новомосковском\"}, {\"date\": \"Май 2021\", \"text\": \"Тестирование системы учета посетителей / пассажиропотока на транспортном пересадочном узле и в местах скопления людей\"}]','http://innoapi.cyberbobs.xsph.ru/Shablon_otchyota_o_rezultatakh_pilota_v6_2021_10_26.docx',430,'2021-12-03 13:32:44','2021-12-03 13:32:44'),(649,6,'[{\"date\": \"Январь 2021\", \"text\": \"Тестирование системы мониторинга дорожного движения на площади тверской заставы\"}, {\"date\": \"Март 2021\", \"text\": \"Тестирование системы адаптивного регулирования в Люблино и Новомосковском\"}, {\"date\": \"Май 2021\", \"text\": \"Тестирование системы учета посетителей / пассажиропотока на транспортном пересадочном узле и в местах скопления людей\"}]','http://innoapi.cyberbobs.xsph.ru/Shablon_otchyota_o_rezultatakh_pilota_v6_2021_10_26.docx',431,'2021-12-03 13:32:44','2021-12-03 13:32:44'),(650,6,'[{\"date\": \"Январь 2021\", \"text\": \"Тестирование системы мониторинга дорожного движения на площади тверской заставы\"}, {\"date\": \"Март 2021\", \"text\": \"Тестирование системы адаптивного регулирования в Люблино и Новомосковском\"}, {\"date\": \"Май 2021\", \"text\": \"Тестирование системы учета посетителей / пассажиропотока на транспортном пересадочном узле и в местах скопления людей\"}]','http://innoapi.cyberbobs.xsph.ru/Shablon_otchyota_o_rezultatakh_pilota_v6_2021_10_26.docx',431,'2021-12-03 13:32:44','2021-12-03 13:32:44'),(651,6,'[{\"date\": \"Январь 2021\", \"text\": \"Тестирование системы мониторинга дорожного движения на площади тверской заставы\"}, {\"date\": \"Март 2021\", \"text\": \"Тестирование системы адаптивного регулирования в Люблино и Новомосковском\"}, {\"date\": \"Май 2021\", \"text\": \"Тестирование системы учета посетителей / пассажиропотока на транспортном пересадочном узле и в местах скопления людей\"}]','http://innoapi.cyberbobs.xsph.ru/Shablon_otchyota_o_rezultatakh_pilota_v6_2021_10_26.docx',431,'2021-12-03 13:32:44','2021-12-03 13:32:44'),(652,6,'[{\"date\": \"Январь 2021\", \"text\": \"Тестирование системы мониторинга дорожного движения на площади тверской заставы\"}, {\"date\": \"Март 2021\", \"text\": \"Тестирование системы адаптивного регулирования в Люблино и Новомосковском\"}, {\"date\": \"Май 2021\", \"text\": \"Тестирование системы учета посетителей / пассажиропотока на транспортном пересадочном узле и в местах скопления людей\"}]','http://innoapi.cyberbobs.xsph.ru/Shablon_otchyota_o_rezultatakh_pilota_v6_2021_10_26.docx',432,'2021-12-03 13:32:44','2021-12-03 13:32:44'),(653,6,'[{\"date\": \"Январь 2021\", \"text\": \"Тестирование системы мониторинга дорожного движения на площади тверской заставы\"}, {\"date\": \"Март 2021\", \"text\": \"Тестирование системы адаптивного регулирования в Люблино и Новомосковском\"}, {\"date\": \"Май 2021\", \"text\": \"Тестирование системы учета посетителей / пассажиропотока на транспортном пересадочном узле и в местах скопления людей\"}]','http://innoapi.cyberbobs.xsph.ru/Shablon_otchyota_o_rezultatakh_pilota_v6_2021_10_26.docx',432,'2021-12-03 13:32:44','2021-12-03 13:32:44'),(654,6,'[{\"date\": \"Январь 2021\", \"text\": \"Тестирование системы мониторинга дорожного движения на площади тверской заставы\"}, {\"date\": \"Март 2021\", \"text\": \"Тестирование системы адаптивного регулирования в Люблино и Новомосковском\"}, {\"date\": \"Май 2021\", \"text\": \"Тестирование системы учета посетителей / пассажиропотока на транспортном пересадочном узле и в местах скопления людей\"}]','http://innoapi.cyberbobs.xsph.ru/Shablon_otchyota_o_rezultatakh_pilota_v6_2021_10_26.docx',433,'2021-12-03 13:32:44','2021-12-03 13:32:44'),(655,6,'[{\"date\": \"Январь 2021\", \"text\": \"Тестирование системы мониторинга дорожного движения на площади тверской заставы\"}, {\"date\": \"Март 2021\", \"text\": \"Тестирование системы адаптивного регулирования в Люблино и Новомосковском\"}, {\"date\": \"Май 2021\", \"text\": \"Тестирование системы учета посетителей / пассажиропотока на транспортном пересадочном узле и в местах скопления людей\"}]','http://innoapi.cyberbobs.xsph.ru/Shablon_otchyota_o_rezultatakh_pilota_v6_2021_10_26.docx',434,'2021-12-03 13:32:44','2021-12-03 13:32:44'),(656,6,'[{\"date\": \"Январь 2021\", \"text\": \"Тестирование системы мониторинга дорожного движения на площади тверской заставы\"}, {\"date\": \"Март 2021\", \"text\": \"Тестирование системы адаптивного регулирования в Люблино и Новомосковском\"}, {\"date\": \"Май 2021\", \"text\": \"Тестирование системы учета посетителей / пассажиропотока на транспортном пересадочном узле и в местах скопления людей\"}]','http://innoapi.cyberbobs.xsph.ru/Shablon_otchyota_o_rezultatakh_pilota_v6_2021_10_26.docx',434,'2021-12-03 13:32:44','2021-12-03 13:32:44'),(657,6,'[{\"date\": \"Январь 2021\", \"text\": \"Тестирование системы мониторинга дорожного движения на площади тверской заставы\"}, {\"date\": \"Март 2021\", \"text\": \"Тестирование системы адаптивного регулирования в Люблино и Новомосковском\"}, {\"date\": \"Май 2021\", \"text\": \"Тестирование системы учета посетителей / пассажиропотока на транспортном пересадочном узле и в местах скопления людей\"}]','http://innoapi.cyberbobs.xsph.ru/Shablon_otchyota_o_rezultatakh_pilota_v6_2021_10_26.docx',434,'2021-12-03 13:32:44','2021-12-03 13:32:44'),(658,6,'[{\"date\": \"Январь 2021\", \"text\": \"Тестирование системы мониторинга дорожного движения на площади тверской заставы\"}, {\"date\": \"Март 2021\", \"text\": \"Тестирование системы адаптивного регулирования в Люблино и Новомосковском\"}, {\"date\": \"Май 2021\", \"text\": \"Тестирование системы учета посетителей / пассажиропотока на транспортном пересадочном узле и в местах скопления людей\"}]','http://innoapi.cyberbobs.xsph.ru/Shablon_otchyota_o_rezultatakh_pilota_v6_2021_10_26.docx',435,'2021-12-03 13:32:44','2021-12-03 13:32:44'),(659,6,'[{\"date\": \"Январь 2021\", \"text\": \"Тестирование системы мониторинга дорожного движения на площади тверской заставы\"}, {\"date\": \"Март 2021\", \"text\": \"Тестирование системы адаптивного регулирования в Люблино и Новомосковском\"}, {\"date\": \"Май 2021\", \"text\": \"Тестирование системы учета посетителей / пассажиропотока на транспортном пересадочном узле и в местах скопления людей\"}]','http://innoapi.cyberbobs.xsph.ru/Shablon_otchyota_o_rezultatakh_pilota_v6_2021_10_26.docx',435,'2021-12-03 13:32:44','2021-12-03 13:32:44'),(660,6,'[{\"date\": \"Январь 2021\", \"text\": \"Тестирование системы мониторинга дорожного движения на площади тверской заставы\"}, {\"date\": \"Март 2021\", \"text\": \"Тестирование системы адаптивного регулирования в Люблино и Новомосковском\"}, {\"date\": \"Май 2021\", \"text\": \"Тестирование системы учета посетителей / пассажиропотока на транспортном пересадочном узле и в местах скопления людей\"}]','http://innoapi.cyberbobs.xsph.ru/Shablon_otchyota_o_rezultatakh_pilota_v6_2021_10_26.docx',435,'2021-12-03 13:32:44','2021-12-03 13:32:44'),(661,6,'[{\"date\": \"Январь 2021\", \"text\": \"Тестирование системы мониторинга дорожного движения на площади тверской заставы\"}, {\"date\": \"Март 2021\", \"text\": \"Тестирование системы адаптивного регулирования в Люблино и Новомосковском\"}, {\"date\": \"Май 2021\", \"text\": \"Тестирование системы учета посетителей / пассажиропотока на транспортном пересадочном узле и в местах скопления людей\"}]','http://innoapi.cyberbobs.xsph.ru/Shablon_otchyota_o_rezultatakh_pilota_v6_2021_10_26.docx',436,'2021-12-03 13:32:44','2021-12-03 13:32:44'),(662,6,'[{\"date\": \"Январь 2021\", \"text\": \"Тестирование системы мониторинга дорожного движения на площади тверской заставы\"}, {\"date\": \"Март 2021\", \"text\": \"Тестирование системы адаптивного регулирования в Люблино и Новомосковском\"}, {\"date\": \"Май 2021\", \"text\": \"Тестирование системы учета посетителей / пассажиропотока на транспортном пересадочном узле и в местах скопления людей\"}]','http://innoapi.cyberbobs.xsph.ru/Shablon_otchyota_o_rezultatakh_pilota_v6_2021_10_26.docx',436,'2021-12-03 13:32:44','2021-12-03 13:32:44'),(663,6,'[{\"date\": \"Январь 2021\", \"text\": \"Тестирование системы мониторинга дорожного движения на площади тверской заставы\"}, {\"date\": \"Март 2021\", \"text\": \"Тестирование системы адаптивного регулирования в Люблино и Новомосковском\"}, {\"date\": \"Май 2021\", \"text\": \"Тестирование системы учета посетителей / пассажиропотока на транспортном пересадочном узле и в местах скопления людей\"}]','http://innoapi.cyberbobs.xsph.ru/Shablon_otchyota_o_rezultatakh_pilota_v6_2021_10_26.docx',436,'2021-12-03 13:32:44','2021-12-03 13:32:44'),(664,6,'[{\"date\": \"Январь 2021\", \"text\": \"Тестирование системы мониторинга дорожного движения на площади тверской заставы\"}, {\"date\": \"Март 2021\", \"text\": \"Тестирование системы адаптивного регулирования в Люблино и Новомосковском\"}, {\"date\": \"Май 2021\", \"text\": \"Тестирование системы учета посетителей / пассажиропотока на транспортном пересадочном узле и в местах скопления людей\"}]','http://innoapi.cyberbobs.xsph.ru/Shablon_otchyota_o_rezultatakh_pilota_v6_2021_10_26.docx',437,'2021-12-03 13:32:44','2021-12-03 13:32:44'),(665,6,'[{\"date\": \"Январь 2021\", \"text\": \"Тестирование системы мониторинга дорожного движения на площади тверской заставы\"}, {\"date\": \"Март 2021\", \"text\": \"Тестирование системы адаптивного регулирования в Люблино и Новомосковском\"}, {\"date\": \"Май 2021\", \"text\": \"Тестирование системы учета посетителей / пассажиропотока на транспортном пересадочном узле и в местах скопления людей\"}]','http://innoapi.cyberbobs.xsph.ru/Shablon_otchyota_o_rezultatakh_pilota_v6_2021_10_26.docx',438,'2021-12-03 13:32:44','2021-12-03 13:32:44'),(666,6,'[{\"date\": \"Январь 2021\", \"text\": \"Тестирование системы мониторинга дорожного движения на площади тверской заставы\"}, {\"date\": \"Март 2021\", \"text\": \"Тестирование системы адаптивного регулирования в Люблино и Новомосковском\"}, {\"date\": \"Май 2021\", \"text\": \"Тестирование системы учета посетителей / пассажиропотока на транспортном пересадочном узле и в местах скопления людей\"}]','http://innoapi.cyberbobs.xsph.ru/Shablon_otchyota_o_rezultatakh_pilota_v6_2021_10_26.docx',438,'2021-12-03 13:32:44','2021-12-03 13:32:44'),(667,6,'[{\"date\": \"Январь 2021\", \"text\": \"Тестирование системы мониторинга дорожного движения на площади тверской заставы\"}, {\"date\": \"Март 2021\", \"text\": \"Тестирование системы адаптивного регулирования в Люблино и Новомосковском\"}, {\"date\": \"Май 2021\", \"text\": \"Тестирование системы учета посетителей / пассажиропотока на транспортном пересадочном узле и в местах скопления людей\"}]','http://innoapi.cyberbobs.xsph.ru/Shablon_otchyota_o_rezultatakh_pilota_v6_2021_10_26.docx',438,'2021-12-03 13:32:44','2021-12-03 13:32:44'),(668,6,'[{\"date\": \"Январь 2021\", \"text\": \"Тестирование системы мониторинга дорожного движения на площади тверской заставы\"}, {\"date\": \"Март 2021\", \"text\": \"Тестирование системы адаптивного регулирования в Люблино и Новомосковском\"}, {\"date\": \"Май 2021\", \"text\": \"Тестирование системы учета посетителей / пассажиропотока на транспортном пересадочном узле и в местах скопления людей\"}]','http://innoapi.cyberbobs.xsph.ru/Shablon_otchyota_o_rezultatakh_pilota_v6_2021_10_26.docx',439,'2021-12-03 13:32:44','2021-12-03 13:32:44'),(669,6,'[{\"date\": \"Январь 2021\", \"text\": \"Тестирование системы мониторинга дорожного движения на площади тверской заставы\"}, {\"date\": \"Март 2021\", \"text\": \"Тестирование системы адаптивного регулирования в Люблино и Новомосковском\"}, {\"date\": \"Май 2021\", \"text\": \"Тестирование системы учета посетителей / пассажиропотока на транспортном пересадочном узле и в местах скопления людей\"}]','http://innoapi.cyberbobs.xsph.ru/Shablon_otchyota_o_rezultatakh_pilota_v6_2021_10_26.docx',440,'2021-12-03 13:32:44','2021-12-03 13:32:44'),(670,6,'[{\"date\": \"Январь 2021\", \"text\": \"Тестирование системы мониторинга дорожного движения на площади тверской заставы\"}, {\"date\": \"Март 2021\", \"text\": \"Тестирование системы адаптивного регулирования в Люблино и Новомосковском\"}, {\"date\": \"Май 2021\", \"text\": \"Тестирование системы учета посетителей / пассажиропотока на транспортном пересадочном узле и в местах скопления людей\"}]','http://innoapi.cyberbobs.xsph.ru/Shablon_otchyota_o_rezultatakh_pilota_v6_2021_10_26.docx',440,'2021-12-03 13:32:44','2021-12-03 13:32:44'),(671,6,'[{\"date\": \"Январь 2021\", \"text\": \"Тестирование системы мониторинга дорожного движения на площади тверской заставы\"}, {\"date\": \"Март 2021\", \"text\": \"Тестирование системы адаптивного регулирования в Люблино и Новомосковском\"}, {\"date\": \"Май 2021\", \"text\": \"Тестирование системы учета посетителей / пассажиропотока на транспортном пересадочном узле и в местах скопления людей\"}]','http://innoapi.cyberbobs.xsph.ru/Shablon_otchyota_o_rezultatakh_pilota_v6_2021_10_26.docx',441,'2021-12-03 13:32:44','2021-12-03 13:32:44'),(672,6,'[{\"date\": \"Январь 2021\", \"text\": \"Тестирование системы мониторинга дорожного движения на площади тверской заставы\"}, {\"date\": \"Март 2021\", \"text\": \"Тестирование системы адаптивного регулирования в Люблино и Новомосковском\"}, {\"date\": \"Май 2021\", \"text\": \"Тестирование системы учета посетителей / пассажиропотока на транспортном пересадочном узле и в местах скопления людей\"}]','http://innoapi.cyberbobs.xsph.ru/Shablon_otchyota_o_rezultatakh_pilota_v6_2021_10_26.docx',442,'2021-12-03 13:32:44','2021-12-03 13:32:44'),(673,6,'[{\"date\": \"Январь 2021\", \"text\": \"Тестирование системы мониторинга дорожного движения на площади тверской заставы\"}, {\"date\": \"Март 2021\", \"text\": \"Тестирование системы адаптивного регулирования в Люблино и Новомосковском\"}, {\"date\": \"Май 2021\", \"text\": \"Тестирование системы учета посетителей / пассажиропотока на транспортном пересадочном узле и в местах скопления людей\"}]','http://innoapi.cyberbobs.xsph.ru/Shablon_otchyota_o_rezultatakh_pilota_v6_2021_10_26.docx',443,'2021-12-03 13:32:44','2021-12-03 13:32:44'),(674,6,'[{\"date\": \"Январь 2021\", \"text\": \"Тестирование системы мониторинга дорожного движения на площади тверской заставы\"}, {\"date\": \"Март 2021\", \"text\": \"Тестирование системы адаптивного регулирования в Люблино и Новомосковском\"}, {\"date\": \"Май 2021\", \"text\": \"Тестирование системы учета посетителей / пассажиропотока на транспортном пересадочном узле и в местах скопления людей\"}]','http://innoapi.cyberbobs.xsph.ru/Shablon_otchyota_o_rezultatakh_pilota_v6_2021_10_26.docx',443,'2021-12-03 13:32:44','2021-12-03 13:32:44'),(675,6,'[{\"date\": \"Январь 2021\", \"text\": \"Тестирование системы мониторинга дорожного движения на площади тверской заставы\"}, {\"date\": \"Март 2021\", \"text\": \"Тестирование системы адаптивного регулирования в Люблино и Новомосковском\"}, {\"date\": \"Май 2021\", \"text\": \"Тестирование системы учета посетителей / пассажиропотока на транспортном пересадочном узле и в местах скопления людей\"}]','http://innoapi.cyberbobs.xsph.ru/Shablon_otchyota_o_rezultatakh_pilota_v6_2021_10_26.docx',443,'2021-12-03 13:32:44','2021-12-03 13:32:44'),(676,6,'[{\"date\": \"Январь 2021\", \"text\": \"Тестирование системы мониторинга дорожного движения на площади тверской заставы\"}, {\"date\": \"Март 2021\", \"text\": \"Тестирование системы адаптивного регулирования в Люблино и Новомосковском\"}, {\"date\": \"Май 2021\", \"text\": \"Тестирование системы учета посетителей / пассажиропотока на транспортном пересадочном узле и в местах скопления людей\"}]','http://innoapi.cyberbobs.xsph.ru/Shablon_otchyota_o_rezultatakh_pilota_v6_2021_10_26.docx',444,'2021-12-03 13:32:44','2021-12-03 13:32:44'),(677,6,'[{\"date\": \"Январь 2021\", \"text\": \"Тестирование системы мониторинга дорожного движения на площади тверской заставы\"}, {\"date\": \"Март 2021\", \"text\": \"Тестирование системы адаптивного регулирования в Люблино и Новомосковском\"}, {\"date\": \"Май 2021\", \"text\": \"Тестирование системы учета посетителей / пассажиропотока на транспортном пересадочном узле и в местах скопления людей\"}]','http://innoapi.cyberbobs.xsph.ru/Shablon_otchyota_o_rezultatakh_pilota_v6_2021_10_26.docx',444,'2021-12-03 13:32:44','2021-12-03 13:32:44'),(678,6,'[{\"date\": \"Январь 2021\", \"text\": \"Тестирование системы мониторинга дорожного движения на площади тверской заставы\"}, {\"date\": \"Март 2021\", \"text\": \"Тестирование системы адаптивного регулирования в Люблино и Новомосковском\"}, {\"date\": \"Май 2021\", \"text\": \"Тестирование системы учета посетителей / пассажиропотока на транспортном пересадочном узле и в местах скопления людей\"}]','http://innoapi.cyberbobs.xsph.ru/Shablon_otchyota_o_rezultatakh_pilota_v6_2021_10_26.docx',444,'2021-12-03 13:32:44','2021-12-03 13:32:44'),(679,6,'[{\"date\": \"Январь 2021\", \"text\": \"Тестирование системы мониторинга дорожного движения на площади тверской заставы\"}, {\"date\": \"Март 2021\", \"text\": \"Тестирование системы адаптивного регулирования в Люблино и Новомосковском\"}, {\"date\": \"Май 2021\", \"text\": \"Тестирование системы учета посетителей / пассажиропотока на транспортном пересадочном узле и в местах скопления людей\"}]','http://innoapi.cyberbobs.xsph.ru/Shablon_otchyota_o_rezultatakh_pilota_v6_2021_10_26.docx',445,'2021-12-03 13:32:44','2021-12-03 13:32:44'),(680,6,'[{\"date\": \"Январь 2021\", \"text\": \"Тестирование системы мониторинга дорожного движения на площади тверской заставы\"}, {\"date\": \"Март 2021\", \"text\": \"Тестирование системы адаптивного регулирования в Люблино и Новомосковском\"}, {\"date\": \"Май 2021\", \"text\": \"Тестирование системы учета посетителей / пассажиропотока на транспортном пересадочном узле и в местах скопления людей\"}]','http://innoapi.cyberbobs.xsph.ru/Shablon_otchyota_o_rezultatakh_pilota_v6_2021_10_26.docx',445,'2021-12-03 13:32:44','2021-12-03 13:32:44'),(681,6,'[{\"date\": \"Январь 2021\", \"text\": \"Тестирование системы мониторинга дорожного движения на площади тверской заставы\"}, {\"date\": \"Март 2021\", \"text\": \"Тестирование системы адаптивного регулирования в Люблино и Новомосковском\"}, {\"date\": \"Май 2021\", \"text\": \"Тестирование системы учета посетителей / пассажиропотока на транспортном пересадочном узле и в местах скопления людей\"}]','http://innoapi.cyberbobs.xsph.ru/Shablon_otchyota_o_rezultatakh_pilota_v6_2021_10_26.docx',445,'2021-12-03 13:32:44','2021-12-03 13:32:44'),(682,6,'[{\"date\": \"Январь 2021\", \"text\": \"Тестирование системы мониторинга дорожного движения на площади тверской заставы\"}, {\"date\": \"Март 2021\", \"text\": \"Тестирование системы адаптивного регулирования в Люблино и Новомосковском\"}, {\"date\": \"Май 2021\", \"text\": \"Тестирование системы учета посетителей / пассажиропотока на транспортном пересадочном узле и в местах скопления людей\"}]','http://innoapi.cyberbobs.xsph.ru/Shablon_otchyota_o_rezultatakh_pilota_v6_2021_10_26.docx',446,'2021-12-03 13:32:44','2021-12-03 13:32:44'),(683,6,'[{\"date\": \"Январь 2021\", \"text\": \"Тестирование системы мониторинга дорожного движения на площади тверской заставы\"}, {\"date\": \"Март 2021\", \"text\": \"Тестирование системы адаптивного регулирования в Люблино и Новомосковском\"}, {\"date\": \"Май 2021\", \"text\": \"Тестирование системы учета посетителей / пассажиропотока на транспортном пересадочном узле и в местах скопления людей\"}]','http://innoapi.cyberbobs.xsph.ru/Shablon_otchyota_o_rezultatakh_pilota_v6_2021_10_26.docx',446,'2021-12-03 13:32:44','2021-12-03 13:32:44'),(684,6,'[{\"date\": \"Январь 2021\", \"text\": \"Тестирование системы мониторинга дорожного движения на площади тверской заставы\"}, {\"date\": \"Март 2021\", \"text\": \"Тестирование системы адаптивного регулирования в Люблино и Новомосковском\"}, {\"date\": \"Май 2021\", \"text\": \"Тестирование системы учета посетителей / пассажиропотока на транспортном пересадочном узле и в местах скопления людей\"}]','http://innoapi.cyberbobs.xsph.ru/Shablon_otchyota_o_rezultatakh_pilota_v6_2021_10_26.docx',446,'2021-12-03 13:32:44','2021-12-03 13:32:44'),(685,6,'[{\"date\": \"Январь 2021\", \"text\": \"Тестирование системы мониторинга дорожного движения на площади тверской заставы\"}, {\"date\": \"Март 2021\", \"text\": \"Тестирование системы адаптивного регулирования в Люблино и Новомосковском\"}, {\"date\": \"Май 2021\", \"text\": \"Тестирование системы учета посетителей / пассажиропотока на транспортном пересадочном узле и в местах скопления людей\"}]','http://innoapi.cyberbobs.xsph.ru/Shablon_otchyota_o_rezultatakh_pilota_v6_2021_10_26.docx',447,'2021-12-03 13:32:44','2021-12-03 13:32:44'),(686,6,'[{\"date\": \"Январь 2021\", \"text\": \"Тестирование системы мониторинга дорожного движения на площади тверской заставы\"}, {\"date\": \"Март 2021\", \"text\": \"Тестирование системы адаптивного регулирования в Люблино и Новомосковском\"}, {\"date\": \"Май 2021\", \"text\": \"Тестирование системы учета посетителей / пассажиропотока на транспортном пересадочном узле и в местах скопления людей\"}]','http://innoapi.cyberbobs.xsph.ru/Shablon_otchyota_o_rezultatakh_pilota_v6_2021_10_26.docx',447,'2021-12-03 13:32:44','2021-12-03 13:32:44'),(687,6,'[{\"date\": \"Январь 2021\", \"text\": \"Тестирование системы мониторинга дорожного движения на площади тверской заставы\"}, {\"date\": \"Март 2021\", \"text\": \"Тестирование системы адаптивного регулирования в Люблино и Новомосковском\"}, {\"date\": \"Май 2021\", \"text\": \"Тестирование системы учета посетителей / пассажиропотока на транспортном пересадочном узле и в местах скопления людей\"}]','http://innoapi.cyberbobs.xsph.ru/Shablon_otchyota_o_rezultatakh_pilota_v6_2021_10_26.docx',448,'2021-12-03 13:32:44','2021-12-03 13:32:44'),(688,6,'[{\"date\": \"Январь 2021\", \"text\": \"Тестирование системы мониторинга дорожного движения на площади тверской заставы\"}, {\"date\": \"Март 2021\", \"text\": \"Тестирование системы адаптивного регулирования в Люблино и Новомосковском\"}, {\"date\": \"Май 2021\", \"text\": \"Тестирование системы учета посетителей / пассажиропотока на транспортном пересадочном узле и в местах скопления людей\"}]','http://innoapi.cyberbobs.xsph.ru/Shablon_otchyota_o_rezultatakh_pilota_v6_2021_10_26.docx',449,'2021-12-03 13:32:44','2021-12-03 13:32:44'),(689,6,'[{\"date\": \"Январь 2021\", \"text\": \"Тестирование системы мониторинга дорожного движения на площади тверской заставы\"}, {\"date\": \"Март 2021\", \"text\": \"Тестирование системы адаптивного регулирования в Люблино и Новомосковском\"}, {\"date\": \"Май 2021\", \"text\": \"Тестирование системы учета посетителей / пассажиропотока на транспортном пересадочном узле и в местах скопления людей\"}]','http://innoapi.cyberbobs.xsph.ru/Shablon_otchyota_o_rezultatakh_pilota_v6_2021_10_26.docx',449,'2021-12-03 13:32:44','2021-12-03 13:32:44'),(690,6,'[{\"date\": \"Январь 2021\", \"text\": \"Тестирование системы мониторинга дорожного движения на площади тверской заставы\"}, {\"date\": \"Март 2021\", \"text\": \"Тестирование системы адаптивного регулирования в Люблино и Новомосковском\"}, {\"date\": \"Май 2021\", \"text\": \"Тестирование системы учета посетителей / пассажиропотока на транспортном пересадочном узле и в местах скопления людей\"}]','http://innoapi.cyberbobs.xsph.ru/Shablon_otchyota_o_rezultatakh_pilota_v6_2021_10_26.docx',449,'2021-12-03 13:32:44','2021-12-03 13:32:44'),(691,6,'[{\"date\": \"Январь 2021\", \"text\": \"Тестирование системы мониторинга дорожного движения на площади тверской заставы\"}, {\"date\": \"Март 2021\", \"text\": \"Тестирование системы адаптивного регулирования в Люблино и Новомосковском\"}, {\"date\": \"Май 2021\", \"text\": \"Тестирование системы учета посетителей / пассажиропотока на транспортном пересадочном узле и в местах скопления людей\"}]','http://innoapi.cyberbobs.xsph.ru/Shablon_otchyota_o_rezultatakh_pilota_v6_2021_10_26.docx',450,'2021-12-03 13:32:44','2021-12-03 13:32:44'),(692,6,'[{\"date\": \"Январь 2021\", \"text\": \"Тестирование системы мониторинга дорожного движения на площади тверской заставы\"}, {\"date\": \"Март 2021\", \"text\": \"Тестирование системы адаптивного регулирования в Люблино и Новомосковском\"}, {\"date\": \"Май 2021\", \"text\": \"Тестирование системы учета посетителей / пассажиропотока на транспортном пересадочном узле и в местах скопления людей\"}]','http://innoapi.cyberbobs.xsph.ru/Shablon_otchyota_o_rezultatakh_pilota_v6_2021_10_26.docx',450,'2021-12-03 13:32:44','2021-12-03 13:32:44'),(693,6,'[{\"date\": \"Январь 2021\", \"text\": \"Тестирование системы мониторинга дорожного движения на площади тверской заставы\"}, {\"date\": \"Март 2021\", \"text\": \"Тестирование системы адаптивного регулирования в Люблино и Новомосковском\"}, {\"date\": \"Май 2021\", \"text\": \"Тестирование системы учета посетителей / пассажиропотока на транспортном пересадочном узле и в местах скопления людей\"}]','http://innoapi.cyberbobs.xsph.ru/Shablon_otchyota_o_rezultatakh_pilota_v6_2021_10_26.docx',450,'2021-12-03 13:32:44','2021-12-03 13:32:44'),(694,6,'[{\"date\": \"Январь 2021\", \"text\": \"Тестирование системы мониторинга дорожного движения на площади тверской заставы\"}, {\"date\": \"Март 2021\", \"text\": \"Тестирование системы адаптивного регулирования в Люблино и Новомосковском\"}, {\"date\": \"Май 2021\", \"text\": \"Тестирование системы учета посетителей / пассажиропотока на транспортном пересадочном узле и в местах скопления людей\"}]','http://innoapi.cyberbobs.xsph.ru/Shablon_otchyota_o_rezultatakh_pilota_v6_2021_10_26.docx',451,'2021-12-03 13:32:44','2021-12-03 13:32:44'),(695,6,'[{\"date\": \"Январь 2021\", \"text\": \"Тестирование системы мониторинга дорожного движения на площади тверской заставы\"}, {\"date\": \"Март 2021\", \"text\": \"Тестирование системы адаптивного регулирования в Люблино и Новомосковском\"}, {\"date\": \"Май 2021\", \"text\": \"Тестирование системы учета посетителей / пассажиропотока на транспортном пересадочном узле и в местах скопления людей\"}]','http://innoapi.cyberbobs.xsph.ru/Shablon_otchyota_o_rezultatakh_pilota_v6_2021_10_26.docx',451,'2021-12-03 13:32:44','2021-12-03 13:32:44'),(696,6,'[{\"date\": \"Январь 2021\", \"text\": \"Тестирование системы мониторинга дорожного движения на площади тверской заставы\"}, {\"date\": \"Март 2021\", \"text\": \"Тестирование системы адаптивного регулирования в Люблино и Новомосковском\"}, {\"date\": \"Май 2021\", \"text\": \"Тестирование системы учета посетителей / пассажиропотока на транспортном пересадочном узле и в местах скопления людей\"}]','http://innoapi.cyberbobs.xsph.ru/Shablon_otchyota_o_rezultatakh_pilota_v6_2021_10_26.docx',452,'2021-12-03 13:32:44','2021-12-03 13:32:44'),(697,6,'[{\"date\": \"Январь 2021\", \"text\": \"Тестирование системы мониторинга дорожного движения на площади тверской заставы\"}, {\"date\": \"Март 2021\", \"text\": \"Тестирование системы адаптивного регулирования в Люблино и Новомосковском\"}, {\"date\": \"Май 2021\", \"text\": \"Тестирование системы учета посетителей / пассажиропотока на транспортном пересадочном узле и в местах скопления людей\"}]','http://innoapi.cyberbobs.xsph.ru/Shablon_otchyota_o_rezultatakh_pilota_v6_2021_10_26.docx',452,'2021-12-03 13:32:44','2021-12-03 13:32:44'),(698,6,'[{\"date\": \"Январь 2021\", \"text\": \"Тестирование системы мониторинга дорожного движения на площади тверской заставы\"}, {\"date\": \"Март 2021\", \"text\": \"Тестирование системы адаптивного регулирования в Люблино и Новомосковском\"}, {\"date\": \"Май 2021\", \"text\": \"Тестирование системы учета посетителей / пассажиропотока на транспортном пересадочном узле и в местах скопления людей\"}]','http://innoapi.cyberbobs.xsph.ru/Shablon_otchyota_o_rezultatakh_pilota_v6_2021_10_26.docx',453,'2021-12-03 13:32:44','2021-12-03 13:32:44'),(699,6,'[{\"date\": \"Январь 2021\", \"text\": \"Тестирование системы мониторинга дорожного движения на площади тверской заставы\"}, {\"date\": \"Март 2021\", \"text\": \"Тестирование системы адаптивного регулирования в Люблино и Новомосковском\"}, {\"date\": \"Май 2021\", \"text\": \"Тестирование системы учета посетителей / пассажиропотока на транспортном пересадочном узле и в местах скопления людей\"}]','http://innoapi.cyberbobs.xsph.ru/Shablon_otchyota_o_rezultatakh_pilota_v6_2021_10_26.docx',453,'2021-12-03 13:32:44','2021-12-03 13:32:44'),(700,6,'[{\"date\": \"Январь 2021\", \"text\": \"Тестирование системы мониторинга дорожного движения на площади тверской заставы\"}, {\"date\": \"Март 2021\", \"text\": \"Тестирование системы адаптивного регулирования в Люблино и Новомосковском\"}, {\"date\": \"Май 2021\", \"text\": \"Тестирование системы учета посетителей / пассажиропотока на транспортном пересадочном узле и в местах скопления людей\"}]','http://innoapi.cyberbobs.xsph.ru/Shablon_otchyota_o_rezultatakh_pilota_v6_2021_10_26.docx',454,'2021-12-03 13:32:44','2021-12-03 13:32:44'),(701,6,'[{\"date\": \"Январь 2021\", \"text\": \"Тестирование системы мониторинга дорожного движения на площади тверской заставы\"}, {\"date\": \"Март 2021\", \"text\": \"Тестирование системы адаптивного регулирования в Люблино и Новомосковском\"}, {\"date\": \"Май 2021\", \"text\": \"Тестирование системы учета посетителей / пассажиропотока на транспортном пересадочном узле и в местах скопления людей\"}]','http://innoapi.cyberbobs.xsph.ru/Shablon_otchyota_o_rezultatakh_pilota_v6_2021_10_26.docx',454,'2021-12-03 13:32:44','2021-12-03 13:32:44'),(702,6,'[{\"date\": \"Январь 2021\", \"text\": \"Тестирование системы мониторинга дорожного движения на площади тверской заставы\"}, {\"date\": \"Март 2021\", \"text\": \"Тестирование системы адаптивного регулирования в Люблино и Новомосковском\"}, {\"date\": \"Май 2021\", \"text\": \"Тестирование системы учета посетителей / пассажиропотока на транспортном пересадочном узле и в местах скопления людей\"}]','http://innoapi.cyberbobs.xsph.ru/Shablon_otchyota_o_rezultatakh_pilota_v6_2021_10_26.docx',454,'2021-12-03 13:32:44','2021-12-03 13:32:44'),(703,6,'[{\"date\": \"Январь 2021\", \"text\": \"Тестирование системы мониторинга дорожного движения на площади тверской заставы\"}, {\"date\": \"Март 2021\", \"text\": \"Тестирование системы адаптивного регулирования в Люблино и Новомосковском\"}, {\"date\": \"Май 2021\", \"text\": \"Тестирование системы учета посетителей / пассажиропотока на транспортном пересадочном узле и в местах скопления людей\"}]','http://innoapi.cyberbobs.xsph.ru/Shablon_otchyota_o_rezultatakh_pilota_v6_2021_10_26.docx',455,'2021-12-03 13:32:44','2021-12-03 13:32:44'),(704,6,'[{\"date\": \"Январь 2021\", \"text\": \"Тестирование системы мониторинга дорожного движения на площади тверской заставы\"}, {\"date\": \"Март 2021\", \"text\": \"Тестирование системы адаптивного регулирования в Люблино и Новомосковском\"}, {\"date\": \"Май 2021\", \"text\": \"Тестирование системы учета посетителей / пассажиропотока на транспортном пересадочном узле и в местах скопления людей\"}]','http://innoapi.cyberbobs.xsph.ru/Shablon_otchyota_o_rezultatakh_pilota_v6_2021_10_26.docx',455,'2021-12-03 13:32:44','2021-12-03 13:32:44'),(705,6,'[{\"date\": \"Январь 2021\", \"text\": \"Тестирование системы мониторинга дорожного движения на площади тверской заставы\"}, {\"date\": \"Март 2021\", \"text\": \"Тестирование системы адаптивного регулирования в Люблино и Новомосковском\"}, {\"date\": \"Май 2021\", \"text\": \"Тестирование системы учета посетителей / пассажиропотока на транспортном пересадочном узле и в местах скопления людей\"}]','http://innoapi.cyberbobs.xsph.ru/Shablon_otchyota_o_rezultatakh_pilota_v6_2021_10_26.docx',455,'2021-12-03 13:32:44','2021-12-03 13:32:44'),(706,6,'[{\"date\": \"Январь 2021\", \"text\": \"Тестирование системы мониторинга дорожного движения на площади тверской заставы\"}, {\"date\": \"Март 2021\", \"text\": \"Тестирование системы адаптивного регулирования в Люблино и Новомосковском\"}, {\"date\": \"Май 2021\", \"text\": \"Тестирование системы учета посетителей / пассажиропотока на транспортном пересадочном узле и в местах скопления людей\"}]','http://innoapi.cyberbobs.xsph.ru/Shablon_otchyota_o_rezultatakh_pilota_v6_2021_10_26.docx',456,'2021-12-03 13:32:44','2021-12-03 13:32:44'),(707,6,'[{\"date\": \"Январь 2021\", \"text\": \"Тестирование системы мониторинга дорожного движения на площади тверской заставы\"}, {\"date\": \"Март 2021\", \"text\": \"Тестирование системы адаптивного регулирования в Люблино и Новомосковском\"}, {\"date\": \"Май 2021\", \"text\": \"Тестирование системы учета посетителей / пассажиропотока на транспортном пересадочном узле и в местах скопления людей\"}]','http://innoapi.cyberbobs.xsph.ru/Shablon_otchyota_o_rezultatakh_pilota_v6_2021_10_26.docx',457,'2021-12-03 13:32:45','2021-12-03 13:32:45'),(708,6,'[{\"date\": \"Январь 2021\", \"text\": \"Тестирование системы мониторинга дорожного движения на площади тверской заставы\"}, {\"date\": \"Март 2021\", \"text\": \"Тестирование системы адаптивного регулирования в Люблино и Новомосковском\"}, {\"date\": \"Май 2021\", \"text\": \"Тестирование системы учета посетителей / пассажиропотока на транспортном пересадочном узле и в местах скопления людей\"}]','http://innoapi.cyberbobs.xsph.ru/Shablon_otchyota_o_rezultatakh_pilota_v6_2021_10_26.docx',457,'2021-12-03 13:32:45','2021-12-03 13:32:45'),(709,6,'[{\"date\": \"Январь 2021\", \"text\": \"Тестирование системы мониторинга дорожного движения на площади тверской заставы\"}, {\"date\": \"Март 2021\", \"text\": \"Тестирование системы адаптивного регулирования в Люблино и Новомосковском\"}, {\"date\": \"Май 2021\", \"text\": \"Тестирование системы учета посетителей / пассажиропотока на транспортном пересадочном узле и в местах скопления людей\"}]','http://innoapi.cyberbobs.xsph.ru/Shablon_otchyota_o_rezultatakh_pilota_v6_2021_10_26.docx',457,'2021-12-03 13:32:45','2021-12-03 13:32:45'),(710,6,'[{\"date\": \"Январь 2021\", \"text\": \"Тестирование системы мониторинга дорожного движения на площади тверской заставы\"}, {\"date\": \"Март 2021\", \"text\": \"Тестирование системы адаптивного регулирования в Люблино и Новомосковском\"}, {\"date\": \"Май 2021\", \"text\": \"Тестирование системы учета посетителей / пассажиропотока на транспортном пересадочном узле и в местах скопления людей\"}]','http://innoapi.cyberbobs.xsph.ru/Shablon_otchyota_o_rezultatakh_pilota_v6_2021_10_26.docx',458,'2021-12-03 13:32:45','2021-12-03 13:32:45'),(711,6,'[{\"date\": \"Январь 2021\", \"text\": \"Тестирование системы мониторинга дорожного движения на площади тверской заставы\"}, {\"date\": \"Март 2021\", \"text\": \"Тестирование системы адаптивного регулирования в Люблино и Новомосковском\"}, {\"date\": \"Май 2021\", \"text\": \"Тестирование системы учета посетителей / пассажиропотока на транспортном пересадочном узле и в местах скопления людей\"}]','http://innoapi.cyberbobs.xsph.ru/Shablon_otchyota_o_rezultatakh_pilota_v6_2021_10_26.docx',458,'2021-12-03 13:32:45','2021-12-03 13:32:45'),(712,6,'[{\"date\": \"Январь 2021\", \"text\": \"Тестирование системы мониторинга дорожного движения на площади тверской заставы\"}, {\"date\": \"Март 2021\", \"text\": \"Тестирование системы адаптивного регулирования в Люблино и Новомосковском\"}, {\"date\": \"Май 2021\", \"text\": \"Тестирование системы учета посетителей / пассажиропотока на транспортном пересадочном узле и в местах скопления людей\"}]','http://innoapi.cyberbobs.xsph.ru/Shablon_otchyota_o_rezultatakh_pilota_v6_2021_10_26.docx',458,'2021-12-03 13:32:45','2021-12-03 13:32:45'),(713,6,'[{\"date\": \"Январь 2021\", \"text\": \"Тестирование системы мониторинга дорожного движения на площади тверской заставы\"}, {\"date\": \"Март 2021\", \"text\": \"Тестирование системы адаптивного регулирования в Люблино и Новомосковском\"}, {\"date\": \"Май 2021\", \"text\": \"Тестирование системы учета посетителей / пассажиропотока на транспортном пересадочном узле и в местах скопления людей\"}]','http://innoapi.cyberbobs.xsph.ru/Shablon_otchyota_o_rezultatakh_pilota_v6_2021_10_26.docx',459,'2021-12-03 13:32:45','2021-12-03 13:32:45'),(714,6,'[{\"date\": \"Январь 2021\", \"text\": \"Тестирование системы мониторинга дорожного движения на площади тверской заставы\"}, {\"date\": \"Март 2021\", \"text\": \"Тестирование системы адаптивного регулирования в Люблино и Новомосковском\"}, {\"date\": \"Май 2021\", \"text\": \"Тестирование системы учета посетителей / пассажиропотока на транспортном пересадочном узле и в местах скопления людей\"}]','http://innoapi.cyberbobs.xsph.ru/Shablon_otchyota_o_rezultatakh_pilota_v6_2021_10_26.docx',460,'2021-12-03 13:32:45','2021-12-03 13:32:45'),(715,6,'[{\"date\": \"Январь 2021\", \"text\": \"Тестирование системы мониторинга дорожного движения на площади тверской заставы\"}, {\"date\": \"Март 2021\", \"text\": \"Тестирование системы адаптивного регулирования в Люблино и Новомосковском\"}, {\"date\": \"Май 2021\", \"text\": \"Тестирование системы учета посетителей / пассажиропотока на транспортном пересадочном узле и в местах скопления людей\"}]','http://innoapi.cyberbobs.xsph.ru/Shablon_otchyota_o_rezultatakh_pilota_v6_2021_10_26.docx',460,'2021-12-03 13:32:45','2021-12-03 13:32:45'),(716,6,'[{\"date\": \"Январь 2021\", \"text\": \"Тестирование системы мониторинга дорожного движения на площади тверской заставы\"}, {\"date\": \"Март 2021\", \"text\": \"Тестирование системы адаптивного регулирования в Люблино и Новомосковском\"}, {\"date\": \"Май 2021\", \"text\": \"Тестирование системы учета посетителей / пассажиропотока на транспортном пересадочном узле и в местах скопления людей\"}]','http://innoapi.cyberbobs.xsph.ru/Shablon_otchyota_o_rezultatakh_pilota_v6_2021_10_26.docx',460,'2021-12-03 13:32:45','2021-12-03 13:32:45'),(717,6,'[{\"date\": \"Январь 2021\", \"text\": \"Тестирование системы мониторинга дорожного движения на площади тверской заставы\"}, {\"date\": \"Март 2021\", \"text\": \"Тестирование системы адаптивного регулирования в Люблино и Новомосковском\"}, {\"date\": \"Май 2021\", \"text\": \"Тестирование системы учета посетителей / пассажиропотока на транспортном пересадочном узле и в местах скопления людей\"}]','http://innoapi.cyberbobs.xsph.ru/Shablon_otchyota_o_rezultatakh_pilota_v6_2021_10_26.docx',461,'2021-12-03 13:32:45','2021-12-03 13:32:45'),(718,6,'[{\"date\": \"Январь 2021\", \"text\": \"Тестирование системы мониторинга дорожного движения на площади тверской заставы\"}, {\"date\": \"Март 2021\", \"text\": \"Тестирование системы адаптивного регулирования в Люблино и Новомосковском\"}, {\"date\": \"Май 2021\", \"text\": \"Тестирование системы учета посетителей / пассажиропотока на транспортном пересадочном узле и в местах скопления людей\"}]','http://innoapi.cyberbobs.xsph.ru/Shablon_otchyota_o_rezultatakh_pilota_v6_2021_10_26.docx',461,'2021-12-03 13:32:45','2021-12-03 13:32:45'),(719,6,'[{\"date\": \"Январь 2021\", \"text\": \"Тестирование системы мониторинга дорожного движения на площади тверской заставы\"}, {\"date\": \"Март 2021\", \"text\": \"Тестирование системы адаптивного регулирования в Люблино и Новомосковском\"}, {\"date\": \"Май 2021\", \"text\": \"Тестирование системы учета посетителей / пассажиропотока на транспортном пересадочном узле и в местах скопления людей\"}]','http://innoapi.cyberbobs.xsph.ru/Shablon_otchyota_o_rezultatakh_pilota_v6_2021_10_26.docx',462,'2021-12-03 13:32:45','2021-12-03 13:32:45'),(720,6,'[{\"date\": \"Январь 2021\", \"text\": \"Тестирование системы мониторинга дорожного движения на площади тверской заставы\"}, {\"date\": \"Март 2021\", \"text\": \"Тестирование системы адаптивного регулирования в Люблино и Новомосковском\"}, {\"date\": \"Май 2021\", \"text\": \"Тестирование системы учета посетителей / пассажиропотока на транспортном пересадочном узле и в местах скопления людей\"}]','http://innoapi.cyberbobs.xsph.ru/Shablon_otchyota_o_rezultatakh_pilota_v6_2021_10_26.docx',462,'2021-12-03 13:32:45','2021-12-03 13:32:45'),(721,6,'[{\"date\": \"Январь 2021\", \"text\": \"Тестирование системы мониторинга дорожного движения на площади тверской заставы\"}, {\"date\": \"Март 2021\", \"text\": \"Тестирование системы адаптивного регулирования в Люблино и Новомосковском\"}, {\"date\": \"Май 2021\", \"text\": \"Тестирование системы учета посетителей / пассажиропотока на транспортном пересадочном узле и в местах скопления людей\"}]','http://innoapi.cyberbobs.xsph.ru/Shablon_otchyota_o_rezultatakh_pilota_v6_2021_10_26.docx',462,'2021-12-03 13:32:45','2021-12-03 13:32:45'),(722,6,'[{\"date\": \"Январь 2021\", \"text\": \"Тестирование системы мониторинга дорожного движения на площади тверской заставы\"}, {\"date\": \"Март 2021\", \"text\": \"Тестирование системы адаптивного регулирования в Люблино и Новомосковском\"}, {\"date\": \"Май 2021\", \"text\": \"Тестирование системы учета посетителей / пассажиропотока на транспортном пересадочном узле и в местах скопления людей\"}]','http://innoapi.cyberbobs.xsph.ru/Shablon_otchyota_o_rezultatakh_pilota_v6_2021_10_26.docx',463,'2021-12-03 13:32:45','2021-12-03 13:32:45'),(723,6,'[{\"date\": \"Январь 2021\", \"text\": \"Тестирование системы мониторинга дорожного движения на площади тверской заставы\"}, {\"date\": \"Март 2021\", \"text\": \"Тестирование системы адаптивного регулирования в Люблино и Новомосковском\"}, {\"date\": \"Май 2021\", \"text\": \"Тестирование системы учета посетителей / пассажиропотока на транспортном пересадочном узле и в местах скопления людей\"}]','http://innoapi.cyberbobs.xsph.ru/Shablon_otchyota_o_rezultatakh_pilota_v6_2021_10_26.docx',464,'2021-12-03 13:32:45','2021-12-03 13:32:45'),(724,6,'[{\"date\": \"Январь 2021\", \"text\": \"Тестирование системы мониторинга дорожного движения на площади тверской заставы\"}, {\"date\": \"Март 2021\", \"text\": \"Тестирование системы адаптивного регулирования в Люблино и Новомосковском\"}, {\"date\": \"Май 2021\", \"text\": \"Тестирование системы учета посетителей / пассажиропотока на транспортном пересадочном узле и в местах скопления людей\"}]','http://innoapi.cyberbobs.xsph.ru/Shablon_otchyota_o_rezultatakh_pilota_v6_2021_10_26.docx',464,'2021-12-03 13:32:45','2021-12-03 13:32:45'),(725,6,'[{\"date\": \"Январь 2021\", \"text\": \"Тестирование системы мониторинга дорожного движения на площади тверской заставы\"}, {\"date\": \"Март 2021\", \"text\": \"Тестирование системы адаптивного регулирования в Люблино и Новомосковском\"}, {\"date\": \"Май 2021\", \"text\": \"Тестирование системы учета посетителей / пассажиропотока на транспортном пересадочном узле и в местах скопления людей\"}]','http://innoapi.cyberbobs.xsph.ru/Shablon_otchyota_o_rezultatakh_pilota_v6_2021_10_26.docx',465,'2021-12-03 13:32:45','2021-12-03 13:32:45'),(726,6,'[{\"date\": \"Январь 2021\", \"text\": \"Тестирование системы мониторинга дорожного движения на площади тверской заставы\"}, {\"date\": \"Март 2021\", \"text\": \"Тестирование системы адаптивного регулирования в Люблино и Новомосковском\"}, {\"date\": \"Май 2021\", \"text\": \"Тестирование системы учета посетителей / пассажиропотока на транспортном пересадочном узле и в местах скопления людей\"}]','http://innoapi.cyberbobs.xsph.ru/Shablon_otchyota_o_rezultatakh_pilota_v6_2021_10_26.docx',466,'2021-12-03 13:32:45','2021-12-03 13:32:45'),(727,6,'[{\"date\": \"Январь 2021\", \"text\": \"Тестирование системы мониторинга дорожного движения на площади тверской заставы\"}, {\"date\": \"Март 2021\", \"text\": \"Тестирование системы адаптивного регулирования в Люблино и Новомосковском\"}, {\"date\": \"Май 2021\", \"text\": \"Тестирование системы учета посетителей / пассажиропотока на транспортном пересадочном узле и в местах скопления людей\"}]','http://innoapi.cyberbobs.xsph.ru/Shablon_otchyota_o_rezultatakh_pilota_v6_2021_10_26.docx',467,'2021-12-03 13:32:45','2021-12-03 13:32:45'),(728,6,'[{\"date\": \"Январь 2021\", \"text\": \"Тестирование системы мониторинга дорожного движения на площади тверской заставы\"}, {\"date\": \"Март 2021\", \"text\": \"Тестирование системы адаптивного регулирования в Люблино и Новомосковском\"}, {\"date\": \"Май 2021\", \"text\": \"Тестирование системы учета посетителей / пассажиропотока на транспортном пересадочном узле и в местах скопления людей\"}]','http://innoapi.cyberbobs.xsph.ru/Shablon_otchyota_o_rezultatakh_pilota_v6_2021_10_26.docx',467,'2021-12-03 13:32:45','2021-12-03 13:32:45'),(729,6,'[{\"date\": \"Январь 2021\", \"text\": \"Тестирование системы мониторинга дорожного движения на площади тверской заставы\"}, {\"date\": \"Март 2021\", \"text\": \"Тестирование системы адаптивного регулирования в Люблино и Новомосковском\"}, {\"date\": \"Май 2021\", \"text\": \"Тестирование системы учета посетителей / пассажиропотока на транспортном пересадочном узле и в местах скопления людей\"}]','http://innoapi.cyberbobs.xsph.ru/Shablon_otchyota_o_rezultatakh_pilota_v6_2021_10_26.docx',468,'2021-12-03 13:32:45','2021-12-03 13:32:45'),(730,6,'[{\"date\": \"Январь 2021\", \"text\": \"Тестирование системы мониторинга дорожного движения на площади тверской заставы\"}, {\"date\": \"Март 2021\", \"text\": \"Тестирование системы адаптивного регулирования в Люблино и Новомосковском\"}, {\"date\": \"Май 2021\", \"text\": \"Тестирование системы учета посетителей / пассажиропотока на транспортном пересадочном узле и в местах скопления людей\"}]','http://innoapi.cyberbobs.xsph.ru/Shablon_otchyota_o_rezultatakh_pilota_v6_2021_10_26.docx',468,'2021-12-03 13:32:45','2021-12-03 13:32:45'),(731,6,'[{\"date\": \"Январь 2021\", \"text\": \"Тестирование системы мониторинга дорожного движения на площади тверской заставы\"}, {\"date\": \"Март 2021\", \"text\": \"Тестирование системы адаптивного регулирования в Люблино и Новомосковском\"}, {\"date\": \"Май 2021\", \"text\": \"Тестирование системы учета посетителей / пассажиропотока на транспортном пересадочном узле и в местах скопления людей\"}]','http://innoapi.cyberbobs.xsph.ru/Shablon_otchyota_o_rezultatakh_pilota_v6_2021_10_26.docx',469,'2021-12-03 13:32:45','2021-12-03 13:32:45'),(732,6,'[{\"date\": \"Январь 2021\", \"text\": \"Тестирование системы мониторинга дорожного движения на площади тверской заставы\"}, {\"date\": \"Март 2021\", \"text\": \"Тестирование системы адаптивного регулирования в Люблино и Новомосковском\"}, {\"date\": \"Май 2021\", \"text\": \"Тестирование системы учета посетителей / пассажиропотока на транспортном пересадочном узле и в местах скопления людей\"}]','http://innoapi.cyberbobs.xsph.ru/Shablon_otchyota_o_rezultatakh_pilota_v6_2021_10_26.docx',469,'2021-12-03 13:32:45','2021-12-03 13:32:45'),(733,6,'[{\"date\": \"Январь 2021\", \"text\": \"Тестирование системы мониторинга дорожного движения на площади тверской заставы\"}, {\"date\": \"Март 2021\", \"text\": \"Тестирование системы адаптивного регулирования в Люблино и Новомосковском\"}, {\"date\": \"Май 2021\", \"text\": \"Тестирование системы учета посетителей / пассажиропотока на транспортном пересадочном узле и в местах скопления людей\"}]','http://innoapi.cyberbobs.xsph.ru/Shablon_otchyota_o_rezultatakh_pilota_v6_2021_10_26.docx',470,'2021-12-03 13:32:45','2021-12-03 13:32:45'),(734,6,'[{\"date\": \"Январь 2021\", \"text\": \"Тестирование системы мониторинга дорожного движения на площади тверской заставы\"}, {\"date\": \"Март 2021\", \"text\": \"Тестирование системы адаптивного регулирования в Люблино и Новомосковском\"}, {\"date\": \"Май 2021\", \"text\": \"Тестирование системы учета посетителей / пассажиропотока на транспортном пересадочном узле и в местах скопления людей\"}]','http://innoapi.cyberbobs.xsph.ru/Shablon_otchyota_o_rezultatakh_pilota_v6_2021_10_26.docx',471,'2021-12-03 13:32:45','2021-12-03 13:32:45'),(735,6,'[{\"date\": \"Январь 2021\", \"text\": \"Тестирование системы мониторинга дорожного движения на площади тверской заставы\"}, {\"date\": \"Март 2021\", \"text\": \"Тестирование системы адаптивного регулирования в Люблино и Новомосковском\"}, {\"date\": \"Май 2021\", \"text\": \"Тестирование системы учета посетителей / пассажиропотока на транспортном пересадочном узле и в местах скопления людей\"}]','http://innoapi.cyberbobs.xsph.ru/Shablon_otchyota_o_rezultatakh_pilota_v6_2021_10_26.docx',472,'2021-12-03 13:32:45','2021-12-03 13:32:45'),(736,6,'[{\"date\": \"Январь 2021\", \"text\": \"Тестирование системы мониторинга дорожного движения на площади тверской заставы\"}, {\"date\": \"Март 2021\", \"text\": \"Тестирование системы адаптивного регулирования в Люблино и Новомосковском\"}, {\"date\": \"Май 2021\", \"text\": \"Тестирование системы учета посетителей / пассажиропотока на транспортном пересадочном узле и в местах скопления людей\"}]','http://innoapi.cyberbobs.xsph.ru/Shablon_otchyota_o_rezultatakh_pilota_v6_2021_10_26.docx',472,'2021-12-03 13:32:45','2021-12-03 13:32:45'),(737,6,'[{\"date\": \"Январь 2021\", \"text\": \"Тестирование системы мониторинга дорожного движения на площади тверской заставы\"}, {\"date\": \"Март 2021\", \"text\": \"Тестирование системы адаптивного регулирования в Люблино и Новомосковском\"}, {\"date\": \"Май 2021\", \"text\": \"Тестирование системы учета посетителей / пассажиропотока на транспортном пересадочном узле и в местах скопления людей\"}]','http://innoapi.cyberbobs.xsph.ru/Shablon_otchyota_o_rezultatakh_pilota_v6_2021_10_26.docx',473,'2021-12-03 13:32:45','2021-12-03 13:32:45'),(738,6,'[{\"date\": \"Январь 2021\", \"text\": \"Тестирование системы мониторинга дорожного движения на площади тверской заставы\"}, {\"date\": \"Март 2021\", \"text\": \"Тестирование системы адаптивного регулирования в Люблино и Новомосковском\"}, {\"date\": \"Май 2021\", \"text\": \"Тестирование системы учета посетителей / пассажиропотока на транспортном пересадочном узле и в местах скопления людей\"}]','http://innoapi.cyberbobs.xsph.ru/Shablon_otchyota_o_rezultatakh_pilota_v6_2021_10_26.docx',473,'2021-12-03 13:32:45','2021-12-03 13:32:45'),(739,6,'[{\"date\": \"Январь 2021\", \"text\": \"Тестирование системы мониторинга дорожного движения на площади тверской заставы\"}, {\"date\": \"Март 2021\", \"text\": \"Тестирование системы адаптивного регулирования в Люблино и Новомосковском\"}, {\"date\": \"Май 2021\", \"text\": \"Тестирование системы учета посетителей / пассажиропотока на транспортном пересадочном узле и в местах скопления людей\"}]','http://innoapi.cyberbobs.xsph.ru/Shablon_otchyota_o_rezultatakh_pilota_v6_2021_10_26.docx',473,'2021-12-03 13:32:45','2021-12-03 13:32:45'),(740,6,'[{\"date\": \"Январь 2021\", \"text\": \"Тестирование системы мониторинга дорожного движения на площади тверской заставы\"}, {\"date\": \"Март 2021\", \"text\": \"Тестирование системы адаптивного регулирования в Люблино и Новомосковском\"}, {\"date\": \"Май 2021\", \"text\": \"Тестирование системы учета посетителей / пассажиропотока на транспортном пересадочном узле и в местах скопления людей\"}]','http://innoapi.cyberbobs.xsph.ru/Shablon_otchyota_o_rezultatakh_pilota_v6_2021_10_26.docx',474,'2021-12-03 13:32:45','2021-12-03 13:32:45'),(741,6,'[{\"date\": \"Январь 2021\", \"text\": \"Тестирование системы мониторинга дорожного движения на площади тверской заставы\"}, {\"date\": \"Март 2021\", \"text\": \"Тестирование системы адаптивного регулирования в Люблино и Новомосковском\"}, {\"date\": \"Май 2021\", \"text\": \"Тестирование системы учета посетителей / пассажиропотока на транспортном пересадочном узле и в местах скопления людей\"}]','http://innoapi.cyberbobs.xsph.ru/Shablon_otchyota_o_rezultatakh_pilota_v6_2021_10_26.docx',474,'2021-12-03 13:32:45','2021-12-03 13:32:45'),(742,6,'[{\"date\": \"Январь 2021\", \"text\": \"Тестирование системы мониторинга дорожного движения на площади тверской заставы\"}, {\"date\": \"Март 2021\", \"text\": \"Тестирование системы адаптивного регулирования в Люблино и Новомосковском\"}, {\"date\": \"Май 2021\", \"text\": \"Тестирование системы учета посетителей / пассажиропотока на транспортном пересадочном узле и в местах скопления людей\"}]','http://innoapi.cyberbobs.xsph.ru/Shablon_otchyota_o_rezultatakh_pilota_v6_2021_10_26.docx',475,'2021-12-03 13:32:45','2021-12-03 13:32:45'),(743,6,'[{\"date\": \"Январь 2021\", \"text\": \"Тестирование системы мониторинга дорожного движения на площади тверской заставы\"}, {\"date\": \"Март 2021\", \"text\": \"Тестирование системы адаптивного регулирования в Люблино и Новомосковском\"}, {\"date\": \"Май 2021\", \"text\": \"Тестирование системы учета посетителей / пассажиропотока на транспортном пересадочном узле и в местах скопления людей\"}]','http://innoapi.cyberbobs.xsph.ru/Shablon_otchyota_o_rezultatakh_pilota_v6_2021_10_26.docx',475,'2021-12-03 13:32:45','2021-12-03 13:32:45'),(744,6,'[{\"date\": \"Январь 2021\", \"text\": \"Тестирование системы мониторинга дорожного движения на площади тверской заставы\"}, {\"date\": \"Март 2021\", \"text\": \"Тестирование системы адаптивного регулирования в Люблино и Новомосковском\"}, {\"date\": \"Май 2021\", \"text\": \"Тестирование системы учета посетителей / пассажиропотока на транспортном пересадочном узле и в местах скопления людей\"}]','http://innoapi.cyberbobs.xsph.ru/Shablon_otchyota_o_rezultatakh_pilota_v6_2021_10_26.docx',476,'2021-12-03 13:32:45','2021-12-03 13:32:45'),(745,6,'[{\"date\": \"Январь 2021\", \"text\": \"Тестирование системы мониторинга дорожного движения на площади тверской заставы\"}, {\"date\": \"Март 2021\", \"text\": \"Тестирование системы адаптивного регулирования в Люблино и Новомосковском\"}, {\"date\": \"Май 2021\", \"text\": \"Тестирование системы учета посетителей / пассажиропотока на транспортном пересадочном узле и в местах скопления людей\"}]','http://innoapi.cyberbobs.xsph.ru/Shablon_otchyota_o_rezultatakh_pilota_v6_2021_10_26.docx',476,'2021-12-03 13:32:45','2021-12-03 13:32:45'),(746,6,'[{\"date\": \"Январь 2021\", \"text\": \"Тестирование системы мониторинга дорожного движения на площади тверской заставы\"}, {\"date\": \"Март 2021\", \"text\": \"Тестирование системы адаптивного регулирования в Люблино и Новомосковском\"}, {\"date\": \"Май 2021\", \"text\": \"Тестирование системы учета посетителей / пассажиропотока на транспортном пересадочном узле и в местах скопления людей\"}]','http://innoapi.cyberbobs.xsph.ru/Shablon_otchyota_o_rezultatakh_pilota_v6_2021_10_26.docx',477,'2021-12-03 13:32:45','2021-12-03 13:32:45'),(747,6,'[{\"date\": \"Январь 2021\", \"text\": \"Тестирование системы мониторинга дорожного движения на площади тверской заставы\"}, {\"date\": \"Март 2021\", \"text\": \"Тестирование системы адаптивного регулирования в Люблино и Новомосковском\"}, {\"date\": \"Май 2021\", \"text\": \"Тестирование системы учета посетителей / пассажиропотока на транспортном пересадочном узле и в местах скопления людей\"}]','http://innoapi.cyberbobs.xsph.ru/Shablon_otchyota_o_rezultatakh_pilota_v6_2021_10_26.docx',478,'2021-12-03 13:32:45','2021-12-03 13:32:45'),(748,6,'[{\"date\": \"Январь 2021\", \"text\": \"Тестирование системы мониторинга дорожного движения на площади тверской заставы\"}, {\"date\": \"Март 2021\", \"text\": \"Тестирование системы адаптивного регулирования в Люблино и Новомосковском\"}, {\"date\": \"Май 2021\", \"text\": \"Тестирование системы учета посетителей / пассажиропотока на транспортном пересадочном узле и в местах скопления людей\"}]','http://innoapi.cyberbobs.xsph.ru/Shablon_otchyota_o_rezultatakh_pilota_v6_2021_10_26.docx',478,'2021-12-03 13:32:45','2021-12-03 13:32:45'),(749,6,'[{\"date\": \"Январь 2021\", \"text\": \"Тестирование системы мониторинга дорожного движения на площади тверской заставы\"}, {\"date\": \"Март 2021\", \"text\": \"Тестирование системы адаптивного регулирования в Люблино и Новомосковском\"}, {\"date\": \"Май 2021\", \"text\": \"Тестирование системы учета посетителей / пассажиропотока на транспортном пересадочном узле и в местах скопления людей\"}]','http://innoapi.cyberbobs.xsph.ru/Shablon_otchyota_o_rezultatakh_pilota_v6_2021_10_26.docx',478,'2021-12-03 13:32:45','2021-12-03 13:32:45'),(750,6,'[{\"date\": \"Январь 2021\", \"text\": \"Тестирование системы мониторинга дорожного движения на площади тверской заставы\"}, {\"date\": \"Март 2021\", \"text\": \"Тестирование системы адаптивного регулирования в Люблино и Новомосковском\"}, {\"date\": \"Май 2021\", \"text\": \"Тестирование системы учета посетителей / пассажиропотока на транспортном пересадочном узле и в местах скопления людей\"}]','http://innoapi.cyberbobs.xsph.ru/Shablon_otchyota_o_rezultatakh_pilota_v6_2021_10_26.docx',479,'2021-12-03 13:32:45','2021-12-03 13:32:45'),(751,6,'[{\"date\": \"Январь 2021\", \"text\": \"Тестирование системы мониторинга дорожного движения на площади тверской заставы\"}, {\"date\": \"Март 2021\", \"text\": \"Тестирование системы адаптивного регулирования в Люблино и Новомосковском\"}, {\"date\": \"Май 2021\", \"text\": \"Тестирование системы учета посетителей / пассажиропотока на транспортном пересадочном узле и в местах скопления людей\"}]','http://innoapi.cyberbobs.xsph.ru/Shablon_otchyota_o_rezultatakh_pilota_v6_2021_10_26.docx',479,'2021-12-03 13:32:45','2021-12-03 13:32:45'),(752,6,'[{\"date\": \"Январь 2021\", \"text\": \"Тестирование системы мониторинга дорожного движения на площади тверской заставы\"}, {\"date\": \"Март 2021\", \"text\": \"Тестирование системы адаптивного регулирования в Люблино и Новомосковском\"}, {\"date\": \"Май 2021\", \"text\": \"Тестирование системы учета посетителей / пассажиропотока на транспортном пересадочном узле и в местах скопления людей\"}]','http://innoapi.cyberbobs.xsph.ru/Shablon_otchyota_o_rezultatakh_pilota_v6_2021_10_26.docx',479,'2021-12-03 13:32:45','2021-12-03 13:32:45'),(753,6,'[{\"date\": \"Январь 2021\", \"text\": \"Тестирование системы мониторинга дорожного движения на площади тверской заставы\"}, {\"date\": \"Март 2021\", \"text\": \"Тестирование системы адаптивного регулирования в Люблино и Новомосковском\"}, {\"date\": \"Май 2021\", \"text\": \"Тестирование системы учета посетителей / пассажиропотока на транспортном пересадочном узле и в местах скопления людей\"}]','http://innoapi.cyberbobs.xsph.ru/Shablon_otchyota_o_rezultatakh_pilota_v6_2021_10_26.docx',480,'2021-12-03 13:32:45','2021-12-03 13:32:45'),(754,6,'[{\"date\": \"Январь 2021\", \"text\": \"Тестирование системы мониторинга дорожного движения на площади тверской заставы\"}, {\"date\": \"Март 2021\", \"text\": \"Тестирование системы адаптивного регулирования в Люблино и Новомосковском\"}, {\"date\": \"Май 2021\", \"text\": \"Тестирование системы учета посетителей / пассажиропотока на транспортном пересадочном узле и в местах скопления людей\"}]','http://innoapi.cyberbobs.xsph.ru/Shablon_otchyota_o_rezultatakh_pilota_v6_2021_10_26.docx',480,'2021-12-03 13:32:45','2021-12-03 13:32:45'),(755,6,'[{\"date\": \"Январь 2021\", \"text\": \"Тестирование системы мониторинга дорожного движения на площади тверской заставы\"}, {\"date\": \"Март 2021\", \"text\": \"Тестирование системы адаптивного регулирования в Люблино и Новомосковском\"}, {\"date\": \"Май 2021\", \"text\": \"Тестирование системы учета посетителей / пассажиропотока на транспортном пересадочном узле и в местах скопления людей\"}]','http://innoapi.cyberbobs.xsph.ru/Shablon_otchyota_o_rezultatakh_pilota_v6_2021_10_26.docx',481,'2021-12-03 13:32:45','2021-12-03 13:32:45'),(756,6,'[{\"date\": \"Январь 2021\", \"text\": \"Тестирование системы мониторинга дорожного движения на площади тверской заставы\"}, {\"date\": \"Март 2021\", \"text\": \"Тестирование системы адаптивного регулирования в Люблино и Новомосковском\"}, {\"date\": \"Май 2021\", \"text\": \"Тестирование системы учета посетителей / пассажиропотока на транспортном пересадочном узле и в местах скопления людей\"}]','http://innoapi.cyberbobs.xsph.ru/Shablon_otchyota_o_rezultatakh_pilota_v6_2021_10_26.docx',481,'2021-12-03 13:32:45','2021-12-03 13:32:45'),(757,6,'[{\"date\": \"Январь 2021\", \"text\": \"Тестирование системы мониторинга дорожного движения на площади тверской заставы\"}, {\"date\": \"Март 2021\", \"text\": \"Тестирование системы адаптивного регулирования в Люблино и Новомосковском\"}, {\"date\": \"Май 2021\", \"text\": \"Тестирование системы учета посетителей / пассажиропотока на транспортном пересадочном узле и в местах скопления людей\"}]','http://innoapi.cyberbobs.xsph.ru/Shablon_otchyota_o_rezultatakh_pilota_v6_2021_10_26.docx',481,'2021-12-03 13:32:45','2021-12-03 13:32:45'),(758,6,'[{\"date\": \"Январь 2021\", \"text\": \"Тестирование системы мониторинга дорожного движения на площади тверской заставы\"}, {\"date\": \"Март 2021\", \"text\": \"Тестирование системы адаптивного регулирования в Люблино и Новомосковском\"}, {\"date\": \"Май 2021\", \"text\": \"Тестирование системы учета посетителей / пассажиропотока на транспортном пересадочном узле и в местах скопления людей\"}]','http://innoapi.cyberbobs.xsph.ru/Shablon_otchyota_o_rezultatakh_pilota_v6_2021_10_26.docx',482,'2021-12-03 13:32:45','2021-12-03 13:32:45'),(759,6,'[{\"date\": \"Январь 2021\", \"text\": \"Тестирование системы мониторинга дорожного движения на площади тверской заставы\"}, {\"date\": \"Март 2021\", \"text\": \"Тестирование системы адаптивного регулирования в Люблино и Новомосковском\"}, {\"date\": \"Май 2021\", \"text\": \"Тестирование системы учета посетителей / пассажиропотока на транспортном пересадочном узле и в местах скопления людей\"}]','http://innoapi.cyberbobs.xsph.ru/Shablon_otchyota_o_rezultatakh_pilota_v6_2021_10_26.docx',482,'2021-12-03 13:32:45','2021-12-03 13:32:45'),(760,6,'[{\"date\": \"Январь 2021\", \"text\": \"Тестирование системы мониторинга дорожного движения на площади тверской заставы\"}, {\"date\": \"Март 2021\", \"text\": \"Тестирование системы адаптивного регулирования в Люблино и Новомосковском\"}, {\"date\": \"Май 2021\", \"text\": \"Тестирование системы учета посетителей / пассажиропотока на транспортном пересадочном узле и в местах скопления людей\"}]','http://innoapi.cyberbobs.xsph.ru/Shablon_otchyota_o_rezultatakh_pilota_v6_2021_10_26.docx',483,'2021-12-03 13:32:45','2021-12-03 13:32:45'),(761,6,'[{\"date\": \"Январь 2021\", \"text\": \"Тестирование системы мониторинга дорожного движения на площади тверской заставы\"}, {\"date\": \"Март 2021\", \"text\": \"Тестирование системы адаптивного регулирования в Люблино и Новомосковском\"}, {\"date\": \"Май 2021\", \"text\": \"Тестирование системы учета посетителей / пассажиропотока на транспортном пересадочном узле и в местах скопления людей\"}]','http://innoapi.cyberbobs.xsph.ru/Shablon_otchyota_o_rezultatakh_pilota_v6_2021_10_26.docx',483,'2021-12-03 13:32:45','2021-12-03 13:32:45'),(762,6,'[{\"date\": \"Январь 2021\", \"text\": \"Тестирование системы мониторинга дорожного движения на площади тверской заставы\"}, {\"date\": \"Март 2021\", \"text\": \"Тестирование системы адаптивного регулирования в Люблино и Новомосковском\"}, {\"date\": \"Май 2021\", \"text\": \"Тестирование системы учета посетителей / пассажиропотока на транспортном пересадочном узле и в местах скопления людей\"}]','http://innoapi.cyberbobs.xsph.ru/Shablon_otchyota_o_rezultatakh_pilota_v6_2021_10_26.docx',483,'2021-12-03 13:32:45','2021-12-03 13:32:45'),(763,6,'[{\"date\": \"Январь 2021\", \"text\": \"Тестирование системы мониторинга дорожного движения на площади тверской заставы\"}, {\"date\": \"Март 2021\", \"text\": \"Тестирование системы адаптивного регулирования в Люблино и Новомосковском\"}, {\"date\": \"Май 2021\", \"text\": \"Тестирование системы учета посетителей / пассажиропотока на транспортном пересадочном узле и в местах скопления людей\"}]','http://innoapi.cyberbobs.xsph.ru/Shablon_otchyota_o_rezultatakh_pilota_v6_2021_10_26.docx',484,'2021-12-03 13:32:45','2021-12-03 13:32:45'),(764,6,'[{\"date\": \"Январь 2021\", \"text\": \"Тестирование системы мониторинга дорожного движения на площади тверской заставы\"}, {\"date\": \"Март 2021\", \"text\": \"Тестирование системы адаптивного регулирования в Люблино и Новомосковском\"}, {\"date\": \"Май 2021\", \"text\": \"Тестирование системы учета посетителей / пассажиропотока на транспортном пересадочном узле и в местах скопления людей\"}]','http://innoapi.cyberbobs.xsph.ru/Shablon_otchyota_o_rezultatakh_pilota_v6_2021_10_26.docx',484,'2021-12-03 13:32:45','2021-12-03 13:32:45'),(765,6,'[{\"date\": \"Январь 2021\", \"text\": \"Тестирование системы мониторинга дорожного движения на площади тверской заставы\"}, {\"date\": \"Март 2021\", \"text\": \"Тестирование системы адаптивного регулирования в Люблино и Новомосковском\"}, {\"date\": \"Май 2021\", \"text\": \"Тестирование системы учета посетителей / пассажиропотока на транспортном пересадочном узле и в местах скопления людей\"}]','http://innoapi.cyberbobs.xsph.ru/Shablon_otchyota_o_rezultatakh_pilota_v6_2021_10_26.docx',484,'2021-12-03 13:32:45','2021-12-03 13:32:45'),(766,6,'[{\"date\": \"Январь 2021\", \"text\": \"Тестирование системы мониторинга дорожного движения на площади тверской заставы\"}, {\"date\": \"Март 2021\", \"text\": \"Тестирование системы адаптивного регулирования в Люблино и Новомосковском\"}, {\"date\": \"Май 2021\", \"text\": \"Тестирование системы учета посетителей / пассажиропотока на транспортном пересадочном узле и в местах скопления людей\"}]','http://innoapi.cyberbobs.xsph.ru/Shablon_otchyota_o_rezultatakh_pilota_v6_2021_10_26.docx',485,'2021-12-03 13:32:45','2021-12-03 13:32:45'),(767,6,'[{\"date\": \"Январь 2021\", \"text\": \"Тестирование системы мониторинга дорожного движения на площади тверской заставы\"}, {\"date\": \"Март 2021\", \"text\": \"Тестирование системы адаптивного регулирования в Люблино и Новомосковском\"}, {\"date\": \"Май 2021\", \"text\": \"Тестирование системы учета посетителей / пассажиропотока на транспортном пересадочном узле и в местах скопления людей\"}]','http://innoapi.cyberbobs.xsph.ru/Shablon_otchyota_o_rezultatakh_pilota_v6_2021_10_26.docx',485,'2021-12-03 13:32:45','2021-12-03 13:32:45'),(768,6,'[{\"date\": \"Январь 2021\", \"text\": \"Тестирование системы мониторинга дорожного движения на площади тверской заставы\"}, {\"date\": \"Март 2021\", \"text\": \"Тестирование системы адаптивного регулирования в Люблино и Новомосковском\"}, {\"date\": \"Май 2021\", \"text\": \"Тестирование системы учета посетителей / пассажиропотока на транспортном пересадочном узле и в местах скопления людей\"}]','http://innoapi.cyberbobs.xsph.ru/Shablon_otchyota_o_rezultatakh_pilota_v6_2021_10_26.docx',485,'2021-12-03 13:32:45','2021-12-03 13:32:45'),(769,6,'[{\"date\": \"Январь 2021\", \"text\": \"Тестирование системы мониторинга дорожного движения на площади тверской заставы\"}, {\"date\": \"Март 2021\", \"text\": \"Тестирование системы адаптивного регулирования в Люблино и Новомосковском\"}, {\"date\": \"Май 2021\", \"text\": \"Тестирование системы учета посетителей / пассажиропотока на транспортном пересадочном узле и в местах скопления людей\"}]','http://innoapi.cyberbobs.xsph.ru/Shablon_otchyota_o_rezultatakh_pilota_v6_2021_10_26.docx',486,'2021-12-03 13:32:45','2021-12-03 13:32:45'),(770,6,'[{\"date\": \"Январь 2021\", \"text\": \"Тестирование системы мониторинга дорожного движения на площади тверской заставы\"}, {\"date\": \"Март 2021\", \"text\": \"Тестирование системы адаптивного регулирования в Люблино и Новомосковском\"}, {\"date\": \"Май 2021\", \"text\": \"Тестирование системы учета посетителей / пассажиропотока на транспортном пересадочном узле и в местах скопления людей\"}]','http://innoapi.cyberbobs.xsph.ru/Shablon_otchyota_o_rezultatakh_pilota_v6_2021_10_26.docx',487,'2021-12-03 13:32:45','2021-12-03 13:32:45'),(771,6,'[{\"date\": \"Январь 2021\", \"text\": \"Тестирование системы мониторинга дорожного движения на площади тверской заставы\"}, {\"date\": \"Март 2021\", \"text\": \"Тестирование системы адаптивного регулирования в Люблино и Новомосковском\"}, {\"date\": \"Май 2021\", \"text\": \"Тестирование системы учета посетителей / пассажиропотока на транспортном пересадочном узле и в местах скопления людей\"}]','http://innoapi.cyberbobs.xsph.ru/Shablon_otchyota_o_rezultatakh_pilota_v6_2021_10_26.docx',487,'2021-12-03 13:32:45','2021-12-03 13:32:45'),(772,6,'[{\"date\": \"Январь 2021\", \"text\": \"Тестирование системы мониторинга дорожного движения на площади тверской заставы\"}, {\"date\": \"Март 2021\", \"text\": \"Тестирование системы адаптивного регулирования в Люблино и Новомосковском\"}, {\"date\": \"Май 2021\", \"text\": \"Тестирование системы учета посетителей / пассажиропотока на транспортном пересадочном узле и в местах скопления людей\"}]','http://innoapi.cyberbobs.xsph.ru/Shablon_otchyota_o_rezultatakh_pilota_v6_2021_10_26.docx',488,'2021-12-03 13:32:45','2021-12-03 13:32:45'),(773,6,'[{\"date\": \"Январь 2021\", \"text\": \"Тестирование системы мониторинга дорожного движения на площади тверской заставы\"}, {\"date\": \"Март 2021\", \"text\": \"Тестирование системы адаптивного регулирования в Люблино и Новомосковском\"}, {\"date\": \"Май 2021\", \"text\": \"Тестирование системы учета посетителей / пассажиропотока на транспортном пересадочном узле и в местах скопления людей\"}]','http://innoapi.cyberbobs.xsph.ru/Shablon_otchyota_o_rezultatakh_pilota_v6_2021_10_26.docx',488,'2021-12-03 13:32:45','2021-12-03 13:32:45'),(774,6,'[{\"date\": \"Январь 2021\", \"text\": \"Тестирование системы мониторинга дорожного движения на площади тверской заставы\"}, {\"date\": \"Март 2021\", \"text\": \"Тестирование системы адаптивного регулирования в Люблино и Новомосковском\"}, {\"date\": \"Май 2021\", \"text\": \"Тестирование системы учета посетителей / пассажиропотока на транспортном пересадочном узле и в местах скопления людей\"}]','http://innoapi.cyberbobs.xsph.ru/Shablon_otchyota_o_rezultatakh_pilota_v6_2021_10_26.docx',489,'2021-12-03 13:32:45','2021-12-03 13:32:45'),(775,6,'[{\"date\": \"Январь 2021\", \"text\": \"Тестирование системы мониторинга дорожного движения на площади тверской заставы\"}, {\"date\": \"Март 2021\", \"text\": \"Тестирование системы адаптивного регулирования в Люблино и Новомосковском\"}, {\"date\": \"Май 2021\", \"text\": \"Тестирование системы учета посетителей / пассажиропотока на транспортном пересадочном узле и в местах скопления людей\"}]','http://innoapi.cyberbobs.xsph.ru/Shablon_otchyota_o_rezultatakh_pilota_v6_2021_10_26.docx',490,'2021-12-03 13:32:45','2021-12-03 13:32:45'),(776,6,'[{\"date\": \"Январь 2021\", \"text\": \"Тестирование системы мониторинга дорожного движения на площади тверской заставы\"}, {\"date\": \"Март 2021\", \"text\": \"Тестирование системы адаптивного регулирования в Люблино и Новомосковском\"}, {\"date\": \"Май 2021\", \"text\": \"Тестирование системы учета посетителей / пассажиропотока на транспортном пересадочном узле и в местах скопления людей\"}]','http://innoapi.cyberbobs.xsph.ru/Shablon_otchyota_o_rezultatakh_pilota_v6_2021_10_26.docx',490,'2021-12-03 13:32:45','2021-12-03 13:32:45'),(777,6,'[{\"date\": \"Январь 2021\", \"text\": \"Тестирование системы мониторинга дорожного движения на площади тверской заставы\"}, {\"date\": \"Март 2021\", \"text\": \"Тестирование системы адаптивного регулирования в Люблино и Новомосковском\"}, {\"date\": \"Май 2021\", \"text\": \"Тестирование системы учета посетителей / пассажиропотока на транспортном пересадочном узле и в местах скопления людей\"}]','http://innoapi.cyberbobs.xsph.ru/Shablon_otchyota_o_rezultatakh_pilota_v6_2021_10_26.docx',491,'2021-12-03 13:32:45','2021-12-03 13:32:45'),(778,6,'[{\"date\": \"Январь 2021\", \"text\": \"Тестирование системы мониторинга дорожного движения на площади тверской заставы\"}, {\"date\": \"Март 2021\", \"text\": \"Тестирование системы адаптивного регулирования в Люблино и Новомосковском\"}, {\"date\": \"Май 2021\", \"text\": \"Тестирование системы учета посетителей / пассажиропотока на транспортном пересадочном узле и в местах скопления людей\"}]','http://innoapi.cyberbobs.xsph.ru/Shablon_otchyota_o_rezultatakh_pilota_v6_2021_10_26.docx',491,'2021-12-03 13:32:45','2021-12-03 13:32:45'),(779,6,'[{\"date\": \"Январь 2021\", \"text\": \"Тестирование системы мониторинга дорожного движения на площади тверской заставы\"}, {\"date\": \"Март 2021\", \"text\": \"Тестирование системы адаптивного регулирования в Люблино и Новомосковском\"}, {\"date\": \"Май 2021\", \"text\": \"Тестирование системы учета посетителей / пассажиропотока на транспортном пересадочном узле и в местах скопления людей\"}]','http://innoapi.cyberbobs.xsph.ru/Shablon_otchyota_o_rezultatakh_pilota_v6_2021_10_26.docx',491,'2021-12-03 13:32:46','2021-12-03 13:32:46'),(780,6,'[{\"date\": \"Январь 2021\", \"text\": \"Тестирование системы мониторинга дорожного движения на площади тверской заставы\"}, {\"date\": \"Март 2021\", \"text\": \"Тестирование системы адаптивного регулирования в Люблино и Новомосковском\"}, {\"date\": \"Май 2021\", \"text\": \"Тестирование системы учета посетителей / пассажиропотока на транспортном пересадочном узле и в местах скопления людей\"}]','http://innoapi.cyberbobs.xsph.ru/Shablon_otchyota_o_rezultatakh_pilota_v6_2021_10_26.docx',492,'2021-12-03 13:32:46','2021-12-03 13:32:46'),(781,6,'[{\"date\": \"Январь 2021\", \"text\": \"Тестирование системы мониторинга дорожного движения на площади тверской заставы\"}, {\"date\": \"Март 2021\", \"text\": \"Тестирование системы адаптивного регулирования в Люблино и Новомосковском\"}, {\"date\": \"Май 2021\", \"text\": \"Тестирование системы учета посетителей / пассажиропотока на транспортном пересадочном узле и в местах скопления людей\"}]','http://innoapi.cyberbobs.xsph.ru/Shablon_otchyota_o_rezultatakh_pilota_v6_2021_10_26.docx',492,'2021-12-03 13:32:46','2021-12-03 13:32:46'),(782,6,'[{\"date\": \"Январь 2021\", \"text\": \"Тестирование системы мониторинга дорожного движения на площади тверской заставы\"}, {\"date\": \"Март 2021\", \"text\": \"Тестирование системы адаптивного регулирования в Люблино и Новомосковском\"}, {\"date\": \"Май 2021\", \"text\": \"Тестирование системы учета посетителей / пассажиропотока на транспортном пересадочном узле и в местах скопления людей\"}]','http://innoapi.cyberbobs.xsph.ru/Shablon_otchyota_o_rezultatakh_pilota_v6_2021_10_26.docx',493,'2021-12-03 13:32:46','2021-12-03 13:32:46'),(783,6,'[{\"date\": \"Январь 2021\", \"text\": \"Тестирование системы мониторинга дорожного движения на площади тверской заставы\"}, {\"date\": \"Март 2021\", \"text\": \"Тестирование системы адаптивного регулирования в Люблино и Новомосковском\"}, {\"date\": \"Май 2021\", \"text\": \"Тестирование системы учета посетителей / пассажиропотока на транспортном пересадочном узле и в местах скопления людей\"}]','http://innoapi.cyberbobs.xsph.ru/Shablon_otchyota_o_rezultatakh_pilota_v6_2021_10_26.docx',494,'2021-12-03 13:32:46','2021-12-03 13:32:46'),(784,6,'[{\"date\": \"Январь 2021\", \"text\": \"Тестирование системы мониторинга дорожного движения на площади тверской заставы\"}, {\"date\": \"Март 2021\", \"text\": \"Тестирование системы адаптивного регулирования в Люблино и Новомосковском\"}, {\"date\": \"Май 2021\", \"text\": \"Тестирование системы учета посетителей / пассажиропотока на транспортном пересадочном узле и в местах скопления людей\"}]','http://innoapi.cyberbobs.xsph.ru/Shablon_otchyota_o_rezultatakh_pilota_v6_2021_10_26.docx',494,'2021-12-03 13:32:46','2021-12-03 13:32:46'),(785,6,'[{\"date\": \"Январь 2021\", \"text\": \"Тестирование системы мониторинга дорожного движения на площади тверской заставы\"}, {\"date\": \"Март 2021\", \"text\": \"Тестирование системы адаптивного регулирования в Люблино и Новомосковском\"}, {\"date\": \"Май 2021\", \"text\": \"Тестирование системы учета посетителей / пассажиропотока на транспортном пересадочном узле и в местах скопления людей\"}]','http://innoapi.cyberbobs.xsph.ru/Shablon_otchyota_o_rezultatakh_pilota_v6_2021_10_26.docx',494,'2021-12-03 13:32:46','2021-12-03 13:32:46'),(786,6,'[{\"date\": \"Январь 2021\", \"text\": \"Тестирование системы мониторинга дорожного движения на площади тверской заставы\"}, {\"date\": \"Март 2021\", \"text\": \"Тестирование системы адаптивного регулирования в Люблино и Новомосковском\"}, {\"date\": \"Май 2021\", \"text\": \"Тестирование системы учета посетителей / пассажиропотока на транспортном пересадочном узле и в местах скопления людей\"}]','http://innoapi.cyberbobs.xsph.ru/Shablon_otchyota_o_rezultatakh_pilota_v6_2021_10_26.docx',495,'2021-12-03 13:32:46','2021-12-03 13:32:46'),(787,6,'[{\"date\": \"Январь 2021\", \"text\": \"Тестирование системы мониторинга дорожного движения на площади тверской заставы\"}, {\"date\": \"Март 2021\", \"text\": \"Тестирование системы адаптивного регулирования в Люблино и Новомосковском\"}, {\"date\": \"Май 2021\", \"text\": \"Тестирование системы учета посетителей / пассажиропотока на транспортном пересадочном узле и в местах скопления людей\"}]','http://innoapi.cyberbobs.xsph.ru/Shablon_otchyota_o_rezultatakh_pilota_v6_2021_10_26.docx',495,'2021-12-03 13:32:46','2021-12-03 13:32:46');
/*!40000 ALTER TABLE `pilots` ENABLE KEYS */;
UNLOCK TABLES;

--
-- Table structure for table `project_stages`
--

DROP TABLE IF EXISTS `project_stages`;
/*!40101 SET @saved_cs_client     = @@character_set_client */;
/*!50503 SET character_set_client = utf8mb4 */;
CREATE TABLE `project_stages` (
  `id` bigint unsigned NOT NULL AUTO_INCREMENT,
  `name` varchar(255) COLLATE utf8mb4_unicode_ci NOT NULL,
  `alias` varchar(255) COLLATE utf8mb4_unicode_ci DEFAULT NULL,
  PRIMARY KEY (`id`)
) ENGINE=InnoDB AUTO_INCREMENT=7 DEFAULT CHARSET=utf8mb4 COLLATE=utf8mb4_unicode_ci;
/*!40101 SET character_set_client = @saved_cs_client */;

--
-- Dumping data for table `project_stages`
--

LOCK TABLES `project_stages` WRITE;
/*!40000 ALTER TABLE `project_stages` DISABLE KEYS */;
INSERT INTO `project_stages` VALUES (1,'Скрининг','Скрининг'),(2,'Скоринг','Скоринг'),(3,'Экспертный совет','Экспертный совет'),(4,'Акселерационная программа','Акселерационная программа'),(5,'Программа пилотирования','Программа пилотирования'),(6,'Инвестирование','Инвестирование');
/*!40000 ALTER TABLE `project_stages` ENABLE KEYS */;
UNLOCK TABLES;

--
-- Table structure for table `project_statuses`
--

DROP TABLE IF EXISTS `project_statuses`;
/*!40101 SET @saved_cs_client     = @@character_set_client */;
/*!50503 SET character_set_client = utf8mb4 */;
CREATE TABLE `project_statuses` (
  `id` bigint unsigned NOT NULL AUTO_INCREMENT,
  `name` varchar(255) COLLATE utf8mb4_unicode_ci NOT NULL,
  `alias` varchar(255) COLLATE utf8mb4_unicode_ci DEFAULT NULL,
  PRIMARY KEY (`id`)
) ENGINE=InnoDB AUTO_INCREMENT=5 DEFAULT CHARSET=utf8mb4 COLLATE=utf8mb4_unicode_ci;
/*!40101 SET character_set_client = @saved_cs_client */;

--
-- Dumping data for table `project_statuses`
--

LOCK TABLES `project_statuses` WRITE;
/*!40000 ALTER TABLE `project_statuses` DISABLE KEYS */;
INSERT INTO `project_statuses` VALUES (1,'В работе','В работе'),(2,'Приостановлен','Приостановлен'),(3,'Закрыт','Закрыт'),(4,'Отменен','Отменен');
/*!40000 ALTER TABLE `project_statuses` ENABLE KEYS */;
UNLOCK TABLES;

--
-- Table structure for table `staff_types`
--

DROP TABLE IF EXISTS `staff_types`;
/*!40101 SET @saved_cs_client     = @@character_set_client */;
/*!50503 SET character_set_client = utf8mb4 */;
CREATE TABLE `staff_types` (
  `id` bigint unsigned NOT NULL AUTO_INCREMENT,
  `name` varchar(255) COLLATE utf8mb4_unicode_ci NOT NULL,
  `alias` varchar(255) COLLATE utf8mb4_unicode_ci DEFAULT NULL,
  PRIMARY KEY (`id`)
) ENGINE=InnoDB AUTO_INCREMENT=5 DEFAULT CHARSET=utf8mb4 COLLATE=utf8mb4_unicode_ci;
/*!40101 SET character_set_client = @saved_cs_client */;

--
-- Dumping data for table `staff_types`
--

LOCK TABLES `staff_types` WRITE;
/*!40000 ALTER TABLE `staff_types` DISABLE KEYS */;
INSERT INTO `staff_types` VALUES (1,'Менее 20','Менее 20'),(2,'От 20 до 100','От 20 до 100'),(3,'От 100 до 500','От 100 до 500'),(4,'Более 500','Более 500');
/*!40000 ALTER TABLE `staff_types` ENABLE KEYS */;
UNLOCK TABLES;

--
-- Table structure for table `startups`
--

DROP TABLE IF EXISTS `startups`;
/*!40101 SET @saved_cs_client     = @@character_set_client */;
/*!50503 SET character_set_client = utf8mb4 */;
CREATE TABLE `startups` (
  `id` bigint unsigned NOT NULL AUTO_INCREMENT,
  `title` varchar(255) COLLATE utf8mb4_unicode_ci NOT NULL,
  `description` text COLLATE utf8mb4_unicode_ci,
  `advantages_json` json DEFAULT NULL,
  `transport_type_id` bigint unsigned NOT NULL,
  `request_text` text COLLATE utf8mb4_unicode_ci,
  `cert_type_id` bigint unsigned NOT NULL,
  `leader_id` bigint unsigned NOT NULL,
  `team_id` bigint unsigned NOT NULL,
  `project_stage_id` bigint unsigned NOT NULL,
  `image` varchar(255) COLLATE utf8mb4_unicode_ci NOT NULL,
  `created_at` timestamp NULL DEFAULT NULL,
  `updated_at` timestamp NULL DEFAULT NULL,
  `pdf_url` varchar(255) COLLATE utf8mb4_unicode_ci DEFAULT NULL,
  `project_status_id` bigint unsigned NOT NULL DEFAULT '1',
  PRIMARY KEY (`id`),
  KEY `startups_transport_type_id_foreign` (`transport_type_id`),
  KEY `startups_cert_type_id_foreign` (`cert_type_id`),
  KEY `startups_leader_id_foreign` (`leader_id`),
  KEY `startups_team_id_foreign` (`team_id`),
  KEY `startups_project_stage_id_foreign` (`project_stage_id`),
  KEY `startups_project_status_id_foreign` (`project_status_id`),
  CONSTRAINT `startups_cert_type_id_foreign` FOREIGN KEY (`cert_type_id`) REFERENCES `cert_types` (`id`),
  CONSTRAINT `startups_leader_id_foreign` FOREIGN KEY (`leader_id`) REFERENCES `team_members` (`id`),
  CONSTRAINT `startups_project_stage_id_foreign` FOREIGN KEY (`project_stage_id`) REFERENCES `project_stages` (`id`),
  CONSTRAINT `startups_project_status_id_foreign` FOREIGN KEY (`project_status_id`) REFERENCES `project_statuses` (`id`),
  CONSTRAINT `startups_team_id_foreign` FOREIGN KEY (`team_id`) REFERENCES `teams` (`id`),
  CONSTRAINT `startups_transport_type_id_foreign` FOREIGN KEY (`transport_type_id`) REFERENCES `transport_types` (`id`)
) ENGINE=InnoDB AUTO_INCREMENT=496 DEFAULT CHARSET=utf8mb4 COLLATE=utf8mb4_unicode_ci;
/*!40101 SET character_set_client = @saved_cs_client */;

--
-- Dumping data for table `startups`
--

LOCK TABLES `startups` WRITE;
/*!40000 ALTER TABLE `startups` DISABLE KEYS */;
INSERT INTO `startups` VALUES (1,'идеальный пешеходный переход','Интеллектуальная система обеспечения безопасности на нерегулируемых пешеходных переходах. Комплекс состоит из 3 камер, направленных в разные стороны, прожекторного освещения и проекции пешеходного перехода, информационной LED-панели, 4 светодиодных знаков и предупреждающей жёлтой лампы светофора. При приближении пешехода к зебре видеодетекторы передают информацию на LED-панели и подсвечивают дорожные знаки для автомобилистов. Видимость перехода усиливает его проекция на дорожное покрытие, что значительно снижает риск аварийности.','[\"Снижение вероятности аварийной ситуации с пешеходом на 82%\", \"Увеличение средней скорости автомобилей на 27%\", \"Уменьшение времени задержки на переходе на 30%\"]',3,'Хотим улучшить ПДД',1,1,1,5,'http://innoapi.cyberbobs.xsph.ru/img/3-icrosswalk-картинка.jpg',NULL,NULL,NULL,1),(2,'узнать все о транспортных потоках','Программное обеспечение для анализа транспортных потоков по видео. Технология мониторинга может применяться как для учёта транспортных потоков, так и для адаптивного регулирования перекрёстков. Система способна определять ДТП, занятость парковочных мест, контролировать соблюдение правил дорожного движения, причём съёмка может проходить как со стационарных камер, так и с беспилотных летательных аппаратов. ','[\"Точность определения объектов достигает 90%.\"]',3,'Мониторинг дорожного движения',1,2,2,5,'http://innoapi.cyberbobs.xsph.ru/img/2-traffic-data-картинка.jpg',NULL,NULL,NULL,1),(3,'кубик для чистого города','Платформа комплексного мониторинга и управления микроклиматом в помещениях и на мобильных объектах.','[\"Выявление угроз загрязнения воздуха для сотрудников, пассажиров и оперативное оповещение водителя и оператора\", \"Мониторинг состояния качества воздуха по городу для изменений среды в «опасных зонах»\", \"Сбор массивов данных для выяснения влияния климата на аварийность, качество маршрутов\"]',3,'Улучшение качества климата',1,3,3,5,'http://innoapi.cyberbobs.xsph.ru/img/4-climate-guard-картинка.jpg',NULL,NULL,NULL,1),(4,'без проводов к дорожным камерам','Суперконденсаторный источник бесперебойного питания (ИБП) — решение для обеспечения безотказной работы автоматизированных систем управления дорожным движением. При помощи хранения энергии, поступающей на фазы светофоров, он позволяет работать всем IP-устройствам, установленным на светофорах, автономно, без перебоев в работе.','[\"Сокращение затрат на обслуживание и замену аккумуляторов на светофорах за счёт бесперебойного функционирования и более длительного срока работы (около 10–15 лет). В сумме, по сравнению с решениями на аккумуляторных батареях, решение Titan Power Solution демонстрирует свою экономическую эффективность уже на 3–4-м году эксплуатации.\"]',3,'Сокращение затрат на обслуживание',2,4,4,5,'http://innoapi.cyberbobs.xsph.ru/img/5-titan-картинка.jpg',NULL,NULL,NULL,1),(5,'исскусственный интеллект управляет перекрестком','Решение адаптивного регулирования перекрёстков через анализ данных о транспортных средствах с видеопотоков дорожных камер, основанное на технологии компьютерного зрения и искусственного интеллекта. Продукт состоит из одноплатного компьютера с модулем компьютерного зрения, устанавливаемого на дорожную камеру.','[\"Повышение пропускной способности перекрестков на 25% в обычное время и на 5–7% в часы пик\", \"Улучшение качества воздуха вследствие применения системы адаптивного регулирования\"]',3,'Регулирование перекрестков',2,5,5,5,'http://innoapi.cyberbobs.xsph.ru/img/6-edgevision-картинка.jpg',NULL,NULL,NULL,1),(376,'Ведь я продаю не лапти. — Однако ж мужички на.','По мере того как бричка близилась к крыльцу, заметил он где стоявшую запасную почти новую телегу, а где и две. «Да у ней справа и слева; посреди виднелся деревянный дом с мезонином, красной крышей и.','[\"Снижение вероятности аварийной ситуации с пешеходом на 82%\", \"Увеличение средней скорости автомобилей на 27%\", \"Уменьшение времени задержки на переходе на 30%\"]',3,'А какой, если б я сам глупость, — право, нужно.',1,348,230,4,'https://via.placeholder.com/640x480.png/00bb77?text=quia','2021-12-03 13:32:33','2021-12-03 13:32:33','http://innoapi.cyberbobs.xsph.ru/CyberBobs.pdf',2),(377,'Попадались вытянутые по шнурку деревни, постройкою.','Не беспокойтесь, а прикажите только вашей девке — повысушить и вычистить мое платье. — Слышишь, Фетинья! — сказала старуха. — Врешь, врешь! — Однако ж не сорвал, — сказал Чичиков, отчасти.','[\"Снижение вероятности аварийной ситуации с пешеходом на 82%\", \"Увеличение средней скорости автомобилей на 27%\", \"Уменьшение времени задержки на переходе на 30%\"]',1,'Приготовление к этой вечеринке заняло с.',3,357,204,3,'https://via.placeholder.com/640x480.png/002200?text=magnam','2021-12-03 13:32:33','2021-12-03 13:32:33','http://innoapi.cyberbobs.xsph.ru/CyberBobs.pdf',1),(378,'Я таки привез с собою и на ноги его, походившие на.','Тогда чувствуешь какое-то, в — своих поступках, — присовокупил Манилов с улыбкою и от почесывания пяток. Хозяйка вышла, и он тот же свет. Дождь стучал звучно по деревянной крыше и журчащими ручьями.','[\"Снижение вероятности аварийной ситуации с пешеходом на 82%\", \"Увеличение средней скорости автомобилей на 27%\", \"Уменьшение времени задержки на переходе на 30%\"]',2,'Ноздреву всяких нелегких и сильных желаний.',1,350,211,2,'https://via.placeholder.com/640x480.png/001111?text=doloremque','2021-12-03 13:32:33','2021-12-03 13:32:33','http://innoapi.cyberbobs.xsph.ru/CyberBobs.pdf',2),(379,'России есть теперь весьма много почтенных людей.','Так как же, Настасья Петровна? хорошее имя Настасья Петровна. У меня тетка — родная, сестра моей матери, Настасья Петровна. — Настасья Петровна. — А блинков? — сказала — хозяйка, когда они вышли на.','[\"Снижение вероятности аварийной ситуации с пешеходом на 82%\", \"Увеличение средней скорости автомобилей на 27%\", \"Уменьшение времени задержки на переходе на 30%\"]',5,'Чичикова, показав во всех прочих местах. И вот ему.',3,375,230,4,'https://via.placeholder.com/640x480.png/000077?text=officia','2021-12-03 13:32:33','2021-12-03 13:32:33','http://innoapi.cyberbobs.xsph.ru/CyberBobs.pdf',2),(380,'Все было залито светом. Черные фраки.','Маниловка, а Заманиловки тут вовсе нет. Там прямо на деревню, что остановился тогда только, когда бричка подъехала к гостинице, встретился молодой человек в решительные минуты найдется, что сделать.','[\"Снижение вероятности аварийной ситуации с пешеходом на 82%\", \"Увеличение средней скорости автомобилей на 27%\", \"Уменьшение времени задержки на переходе на 30%\"]',1,'Все невольно глянули в окно: кто-то, с.',3,378,233,4,'https://via.placeholder.com/640x480.png/003333?text=porro','2021-12-03 13:32:34','2021-12-03 13:32:34','http://innoapi.cyberbobs.xsph.ru/CyberBobs.pdf',1),(381,'В следующую за тем показалась.','И потом еще долго сидел в бричке, придумывая, кому бы еще отдать визит, да уж нужно… уж это мое дело, — словом, — любо было глядеть. — Дай бог, чтобы прошло. Я-то смазывала свиным салом и скипидаром.','[\"Снижение вероятности аварийной ситуации с пешеходом на 82%\", \"Увеличение средней скорости автомобилей на 27%\", \"Уменьшение времени задержки на переходе на 30%\"]',4,'Максим — Телятников, сапожник: что шилом.',3,353,214,6,'https://via.placeholder.com/640x480.png/004455?text=non','2021-12-03 13:32:34','2021-12-03 13:32:34','http://innoapi.cyberbobs.xsph.ru/CyberBobs.pdf',1),(382,'Ноздрев божился, что заплатил.','Он думал о благополучии дружеской жизни, остались недвижимы, вперя друг в друга глаза, как те портреты, которые вешались в старину один против другого по обеим сторонам его. Между тем Чичиков стал.','[\"Снижение вероятности аварийной ситуации с пешеходом на 82%\", \"Увеличение средней скорости автомобилей на 27%\", \"Уменьшение времени задержки на переходе на 30%\"]',1,'Италии по совету везших их курьеров. Господин.',3,370,203,3,'https://via.placeholder.com/640x480.png/00dd77?text=dolorem','2021-12-03 13:32:34','2021-12-03 13:32:34','http://innoapi.cyberbobs.xsph.ru/CyberBobs.pdf',2),(383,'Впрочем, редко случалось, чтобы это было.','Вот щенок! — сказал Ноздрев. Немного прошедши, — они остановились бы и сами, потому что хрипел, как хрипит певческий контрабас, когда концерт в полном разливе: тенора поднимаются на цыпочки от.','[\"Снижение вероятности аварийной ситуации с пешеходом на 82%\", \"Увеличение средней скорости автомобилей на 27%\", \"Уменьшение времени задержки на переходе на 30%\"]',4,'Несколько мужиков, по обыкновению.',1,358,232,5,'https://via.placeholder.com/640x480.png/005500?text=facilis','2021-12-03 13:32:34','2021-12-03 13:32:34','http://innoapi.cyberbobs.xsph.ru/CyberBobs.pdf',1),(384,'Хозяйка вышла, и он строго.','Дурак разве станет держать их при себе и — уединение имели бы очень много приятностей. Но решительно нет — никого… Вот только иногда почитаешь «Сын отечества». Чичиков согласился с этим совершенно.','[\"Снижение вероятности аварийной ситуации с пешеходом на 82%\", \"Увеличение средней скорости автомобилей на 27%\", \"Уменьшение времени задержки на переходе на 30%\"]',3,'Это по ошибке. Одна подвинулась нечаянно, я ее по усам!».',2,351,222,5,'https://via.placeholder.com/640x480.png/007755?text=sapiente','2021-12-03 13:32:34','2021-12-03 13:32:34','http://innoapi.cyberbobs.xsph.ru/CyberBobs.pdf',1),(385,'Гости должны были пробираться между.','Право, не знаю, — отвечал на все четыре лапы, нюхал землю. — Вот граница! — сказал Селифан. — Погляди-ка, не видно ли деревни? — Нет, брат, тебе совсем не такого роду, чтобы быть вверену Ноздреву….','[\"Снижение вероятности аварийной ситуации с пешеходом на 82%\", \"Увеличение средней скорости автомобилей на 27%\", \"Уменьшение времени задержки на переходе на 30%\"]',3,'Миаули, Канами. Все эти герои были с ним в несколько.',3,381,214,5,'https://via.placeholder.com/640x480.png/00eeff?text=ipsum','2021-12-03 13:32:34','2021-12-03 13:32:34','http://innoapi.cyberbobs.xsph.ru/CyberBobs.pdf',2),(386,'Все было залито светом. Черные.','В гостиной давно уже умерли, остался один неосязаемый чувствами звук. Впрочем, — чтобы нельзя было поставить прямо на стол. Герой наш, по обыкновению, зевали, сидя на лавках перед воротами в своих.','[\"Снижение вероятности аварийной ситуации с пешеходом на 82%\", \"Увеличение средней скорости автомобилей на 27%\", \"Уменьшение времени задержки на переходе на 30%\"]',5,'Пожалуй, я тебе говорю это — сказать.',2,399,229,2,'https://via.placeholder.com/640x480.png/00ccdd?text=autem','2021-12-03 13:32:34','2021-12-03 13:32:34','http://innoapi.cyberbobs.xsph.ru/CyberBobs.pdf',4),(387,'И потом еще долго повторял свои извинения, не.','Коробочка. Чичиков попросил ее написать к нему мужик и, почесавши рукою затылок, говорил: „Барин, позволь отлучиться на работу, по\'дать заработать“, — „Ступай“, — говорил Чичиков. — А вы еще не.','[\"Снижение вероятности аварийной ситуации с пешеходом на 82%\", \"Увеличение средней скорости автомобилей на 27%\", \"Уменьшение времени задержки на переходе на 30%\"]',3,'Нужно только ругнуть подлеца приказчика. Чичиков ушел в.',1,375,234,6,'https://via.placeholder.com/640x480.png/0099aa?text=animi','2021-12-03 13:32:34','2021-12-03 13:32:34','http://innoapi.cyberbobs.xsph.ru/CyberBobs.pdf',1),(388,'Зять мой Мижуев! Мы с ним все утро говорили.','Кучеру Селифану отдано было приказание рано поутру заложить лошадей в известную бричку; Петрушке приказано было оставаться дома, и в горячем вине знал он прок; о таможенных надсмотрщиках и.','[\"Снижение вероятности аварийной ситуации с пешеходом на 82%\", \"Увеличение средней скорости автомобилей на 27%\", \"Уменьшение времени задержки на переходе на 30%\"]',3,'Петрушка ничего не значат все господа.',3,380,207,4,'https://via.placeholder.com/640x480.png/0088aa?text=non','2021-12-03 13:32:34','2021-12-03 13:32:34','http://innoapi.cyberbobs.xsph.ru/CyberBobs.pdf',3),(389,'Полицеймейстеру сказал что-то очень лестное насчет.','Он да — и повел его во внутренние жилья. Когда Чичиков взглянул на него пристально; но глаза гостя были совершенно довольны друг другом. Несмотря на то дело, о котором ничего не может быть приятнее.','[\"Снижение вероятности аварийной ситуации с пешеходом на 82%\", \"Увеличение средней скорости автомобилей на 27%\", \"Уменьшение времени задержки на переходе на 30%\"]',1,'Таков уже русский человек: страсть сильная зазнаться.',1,407,204,2,'https://via.placeholder.com/640x480.png/00eebb?text=beatae','2021-12-03 13:32:35','2021-12-03 13:32:35','http://innoapi.cyberbobs.xsph.ru/CyberBobs.pdf',4),(390,'По сту! — вскричал Чичиков.','Собакевич. — По крайней мере табачный. Он вежливо поклонился Чичикову, на что не много времени и места, потому что в них дикого, беспокойного огня, какой бегает в глазах сумасшедшего человека, все.','[\"Снижение вероятности аварийной ситуации с пешеходом на 82%\", \"Увеличение средней скорости автомобилей на 27%\", \"Уменьшение времени задержки на переходе на 30%\"]',4,'Может быть, к ним следует примкнуть и.',1,395,229,6,'https://via.placeholder.com/640x480.png/003377?text=ut','2021-12-03 13:32:35','2021-12-03 13:32:35','http://innoapi.cyberbobs.xsph.ru/CyberBobs.pdf',4),(391,'Словом, виды известные. Проехавши.','Само собою разумеется, что ротик раскрывался при этом «было очень умилительно глядеть, как сердца граждан трепетали в избытке благодарности и струили потоки слез в знак признательности к господину.','[\"Снижение вероятности аварийной ситуации с пешеходом на 82%\", \"Увеличение средней скорости автомобилей на 27%\", \"Уменьшение времени задержки на переходе на 30%\"]',2,'Эк уморила как проклятая старуха».',2,366,210,1,'https://via.placeholder.com/640x480.png/001100?text=quis','2021-12-03 13:32:35','2021-12-03 13:32:35','http://innoapi.cyberbobs.xsph.ru/CyberBobs.pdf',1),(392,'Написавши записку, он пересмотрел еще раз.','Здесь он несколько отдохнул, ибо чувствовал, что «был весь в сале, хотя этого не случится, то все-таки что-нибудь да будет такое, чего с другим никак не мог придумать, как только рессорные. И не то.','[\"Снижение вероятности аварийной ситуации с пешеходом на 82%\", \"Увеличение средней скорости автомобилей на 27%\", \"Уменьшение времени задержки на переходе на 30%\"]',3,'Но зачем же приобретать — вещь, решительно.',2,417,227,1,'https://via.placeholder.com/640x480.png/000099?text=id','2021-12-03 13:32:35','2021-12-03 13:32:35','http://innoapi.cyberbobs.xsph.ru/CyberBobs.pdf',1),(393,'Потом мысли его перенеслись незаметно к другим.','А женского пола не хотите? — Нет, брат, сам ты врешь! — Я уж знала это: там все хорошая работа. Третьего года сестра моя — привезла оттуда теплые сапожки для детей: такой прочный товар, до — самых.','[\"Снижение вероятности аварийной ситуации с пешеходом на 82%\", \"Увеличение средней скорости автомобилей на 27%\", \"Уменьшение времени задержки на переходе на 30%\"]',2,'Ведь вот какой народ! Это не те фрикасе, — что он.',2,375,197,4,'https://via.placeholder.com/640x480.png/007722?text=veritatis','2021-12-03 13:32:35','2021-12-03 13:32:35','http://innoapi.cyberbobs.xsph.ru/CyberBobs.pdf',1),(394,'Но позвольте, однако же, как-то вскользь, что.','Вот щенок! — сказал Чичиков хладнокровно и, — подошедши к окну, он начал рассматривать бывшие перед ним носится Суворов, он лезет на — рынке валяется! Это все выдумали доктора немцы да французы, я.','[\"Снижение вероятности аварийной ситуации с пешеходом на 82%\", \"Увеличение средней скорости автомобилей на 27%\", \"Уменьшение времени задержки на переходе на 30%\"]',1,'А что ж, матушка, по рукам, что ли?.',3,407,203,2,'https://via.placeholder.com/640x480.png/00ee55?text=id','2021-12-03 13:32:35','2021-12-03 13:32:35','http://innoapi.cyberbobs.xsph.ru/CyberBobs.pdf',3),(395,'Он и одной не — посечь, коли.','Учитель опять настроил внимание. — Петербург, — отвечал другой. «А в Казань-то, я думаю, дурак, еще своих — напустил. Вот посмотри-ка, Чичиков, посмотри, какие уши, на-ка — пощупай рукою. — Да вот.','[\"Снижение вероятности аварийной ситуации с пешеходом на 82%\", \"Увеличение средней скорости автомобилей на 27%\", \"Уменьшение времени задержки на переходе на 30%\"]',1,'А! заплатанной, заплатанной! — вскрикнул мужик. Было им.',1,370,221,3,'https://via.placeholder.com/640x480.png/00ff11?text=maiores','2021-12-03 13:32:35','2021-12-03 13:32:35','http://innoapi.cyberbobs.xsph.ru/CyberBobs.pdf',1),(396,'Селифан на это Чичиков свернул три блина вместе и.','Он думал о благополучии дружеской жизни, остались недвижимы, вперя друг в друга глаза, как кот, у которого их пятьсот, а с другой стороны трактирным слугою, и сел на диван, подложивши себе за спину.','[\"Снижение вероятности аварийной ситуации с пешеходом на 82%\", \"Увеличение средней скорости автомобилей на 27%\", \"Уменьшение времени задержки на переходе на 30%\"]',4,'Ноздрев в тридцать пять лет был таков же.',2,371,202,2,'https://via.placeholder.com/640x480.png/0066ff?text=atque','2021-12-03 13:32:35','2021-12-03 13:32:35','http://innoapi.cyberbobs.xsph.ru/CyberBobs.pdf',4),(397,'Уж так — вот что, слушай: я тебе кричал в голос.','Не знаю, как вам показался наш город? — спросил Собакевич очень хладнокровно, — продаст, обманет, — еще вице-губернатор — это сказать вашему слуге, а не подоспей капитан-исправник, мне бы, может.','[\"Снижение вероятности аварийной ситуации с пешеходом на 82%\", \"Увеличение средней скорости автомобилей на 27%\", \"Уменьшение времени задержки на переходе на 30%\"]',5,'Ноздрев. — Все, что ни есть у меня, — душа, смерть люблю.',2,391,228,2,'https://via.placeholder.com/640x480.png/00ddff?text=et','2021-12-03 13:32:35','2021-12-03 13:32:35','http://innoapi.cyberbobs.xsph.ru/CyberBobs.pdf',1),(398,'Пожалуйте, садитесь — сюда! Прошу!.','Мостовая везде была плоховата. Он заглянул и в ту ж минуту принялся считать и насчитал более двухсот; нигде между ними растущего деревца или какой-нибудь зелени; везде глядело только одно бревно.','[\"Снижение вероятности аварийной ситуации с пешеходом на 82%\", \"Увеличение средней скорости автомобилей на 27%\", \"Уменьшение времени задержки на переходе на 30%\"]',3,'По двенадцати рублей пуд. — Хватили немножко.',1,358,219,1,'https://via.placeholder.com/640x480.png/003322?text=aperiam','2021-12-03 13:32:35','2021-12-03 13:32:35','http://innoapi.cyberbobs.xsph.ru/CyberBobs.pdf',4),(399,'Чичиков поцеловались. — И — умер такой всё.','Манилов. Учитель опять настроил внимание. — Петербург, — отвечал Чичиков. — Сколько же ты бранишь меня? Виноват разве я, что не играю; купить — изволь, куплю. — Продать я не немец, чтобы, тащася с.','[\"Снижение вероятности аварийной ситуации с пешеходом на 82%\", \"Увеличение средней скорости автомобилей на 27%\", \"Уменьшение времени задержки на переходе на 30%\"]',4,'Ноздрева, который стоял в зеленом шалоновом.',2,346,225,1,'https://via.placeholder.com/640x480.png/0066bb?text=modi','2021-12-03 13:32:36','2021-12-03 13:32:36','http://innoapi.cyberbobs.xsph.ru/CyberBobs.pdf',3),(400,'Приготовление к этой собаке! — сказал.','В немногих словах объяснил он ей, что перевод или покупка будет значиться только на одной из них, надевавшийся дотоле почти всегда в деревне остались только старые бабы да малые ребята. Постромки.','[\"Снижение вероятности аварийной ситуации с пешеходом на 82%\", \"Увеличение средней скорости автомобилей на 27%\", \"Уменьшение времени задержки на переходе на 30%\"]',2,'Из нее все можно сделать, она может быть чудо, а.',2,399,220,3,'https://via.placeholder.com/640x480.png/002277?text=officia','2021-12-03 13:32:36','2021-12-03 13:32:36','http://innoapi.cyberbobs.xsph.ru/CyberBobs.pdf',2),(401,'Ноздрев давно перестал вертеть, но в.','А я ее — отодвину, изволь. — А меняться не хочешь? — Оттого, что просто не хочу, да и тот, если сказать правду, свинья. После таких сильных — убеждений Чичиков почти уже не двигнула более ни глазом.','[\"Снижение вероятности аварийной ситуации с пешеходом на 82%\", \"Увеличение средней скорости автомобилей на 27%\", \"Уменьшение времени задержки на переходе на 30%\"]',5,'Ноздрев в ответ на что он знал, что.',1,346,204,5,'https://via.placeholder.com/640x480.png/008899?text=sed','2021-12-03 13:32:36','2021-12-03 13:32:36','http://innoapi.cyberbobs.xsph.ru/CyberBobs.pdf',1),(402,'Но, однако ж, обе руки на полотно, черные.','Двор окружен был крепкою и непомерно толстою деревянною решеткой. Помещик, казалось, хлопотал много о прочности. На конюшни, сараи и кухни были употреблены полновесные и толстые бревна, определенные.','[\"Снижение вероятности аварийной ситуации с пешеходом на 82%\", \"Увеличение средней скорости автомобилей на 27%\", \"Уменьшение времени задержки на переходе на 30%\"]',3,'Но из угрюмых уст слышны были на диво: не было мебели.',1,389,228,1,'https://via.placeholder.com/640x480.png/00ff99?text=voluptas','2021-12-03 13:32:36','2021-12-03 13:32:36','http://innoapi.cyberbobs.xsph.ru/CyberBobs.pdf',1),(403,'Чичикова» Ну, брат, если б один самовар не был тогда у.','Здесь он несколько времени поспорили о том, кто содержал прежде трактир и кто теперь, и много уехали вперед, однако ж взяла деньги с — хорошим человеком! — Как же жаль, право, что я стану брать.','[\"Снижение вероятности аварийной ситуации с пешеходом на 82%\", \"Увеличение средней скорости автомобилей на 27%\", \"Уменьшение времени задержки на переходе на 30%\"]',4,'Когда же ты мне дай свою бричку и велел — Селифану.',3,379,232,4,'https://via.placeholder.com/640x480.png/00bb99?text=nostrum','2021-12-03 13:32:36','2021-12-03 13:32:36','http://innoapi.cyberbobs.xsph.ru/CyberBobs.pdf',2),(404,'Чичиков велел остановиться по двум.','Из нее все можно сделать, она может быть счастия или — так не будет несоответствующею гражданским постановлениям и дальнейшим видам — России? Здесь Манилов, сделавши некоторое движение головою.','[\"Снижение вероятности аварийной ситуации с пешеходом на 82%\", \"Увеличение средней скорости автомобилей на 27%\", \"Уменьшение времени задержки на переходе на 30%\"]',1,'Фемистоклюс. — Умница, душенька! — сказал.',3,394,238,4,'https://via.placeholder.com/640x480.png/003333?text=voluptates','2021-12-03 13:32:36','2021-12-03 13:32:36','http://innoapi.cyberbobs.xsph.ru/CyberBobs.pdf',2),(405,'Но из угрюмых уст слышны были на всех.','Эх, да ты ведь тоже хорош! смотри ты! что они живые? Потому-то и в гостиницу приезжал он с чрезвычайною точностию расспросил, кто в городе Богдан ни в городе какого-нибудь поверенного или знакомого.','[\"Снижение вероятности аварийной ситуации с пешеходом на 82%\", \"Увеличение средней скорости автомобилей на 27%\", \"Уменьшение времени задержки на переходе на 30%\"]',1,'Лошади были удивительно как вычищены. Хомут.',3,409,238,4,'https://via.placeholder.com/640x480.png/005544?text=ut','2021-12-03 13:32:36','2021-12-03 13:32:36','http://innoapi.cyberbobs.xsph.ru/CyberBobs.pdf',4),(406,'Экой ты, право, такой! с.','Деревенские избы мужиков тож срублены были на сей раз одни однообразно неприятные восклицания: «Ну же, ну, ворона! зевай! зевай!» — и портрет готов; но вот эти все господа, которых много на веку.','[\"Снижение вероятности аварийной ситуации с пешеходом на 82%\", \"Увеличение средней скорости автомобилей на 27%\", \"Уменьшение времени задержки на переходе на 30%\"]',3,'Как-с? извините… я несколько туг на ухо.',3,395,201,5,'https://via.placeholder.com/640x480.png/000044?text=quis','2021-12-03 13:32:36','2021-12-03 13:32:36','http://innoapi.cyberbobs.xsph.ru/CyberBobs.pdf',2),(407,'Вот посмотри нарочно в окно!.','Да ведь я за него подать, как за — живого. На прошлой неделе сгорел у меня что — очень приятный человек? — сказал Селифан. — Да что ж пенька? Помилуйте, я вас прошу совсем о другом, а вы мне.','[\"Снижение вероятности аварийной ситуации с пешеходом на 82%\", \"Увеличение средней скорости автомобилей на 27%\", \"Уменьшение времени задержки на переходе на 30%\"]',2,'Попадались вытянутые по шнурку деревни.',3,349,225,3,'https://via.placeholder.com/640x480.png/0000cc?text=quidem','2021-12-03 13:32:36','2021-12-03 13:32:36','http://innoapi.cyberbobs.xsph.ru/CyberBobs.pdf',1),(408,'Сейчас видно, — что курить.','Да заседателя подмаслила. — Ну, теперь мы сами доедем, — сказал Ноздрев. Несмотря, однако ж, не знаешь? — Нет, не курю, — отвечал Чичиков, — у меня шарманку, чудная шарманка; самому, как — у этого.','[\"Снижение вероятности аварийной ситуации с пешеходом на 82%\", \"Увеличение средней скорости автомобилей на 27%\", \"Уменьшение времени задержки на переходе на 30%\"]',3,'Чубарый с любопытством обнюхивал новых своих приятелей.',2,385,234,6,'https://via.placeholder.com/640x480.png/004499?text=quis','2021-12-03 13:32:36','2021-12-03 13:32:36','http://innoapi.cyberbobs.xsph.ru/CyberBobs.pdf',4),(409,'Везде поперек каким бы ни было на нем.','Сидят они на рынке покупают. — Купит вон тот каналья повар, что выучился у француза, кота, обдерет — его, да и тот, если сказать правду, свинья. После таких сильных — убеждений Чичиков почти уже не.','[\"Снижение вероятности аварийной ситуации с пешеходом на 82%\", \"Увеличение средней скорости автомобилей на 27%\", \"Уменьшение времени задержки на переходе на 30%\"]',5,'Впрочем, губернаторский дом был так освещен, хоть.',1,349,195,3,'https://via.placeholder.com/640x480.png/002222?text=pariatur','2021-12-03 13:32:37','2021-12-03 13:32:37','http://innoapi.cyberbobs.xsph.ru/CyberBobs.pdf',1),(410,'Здесь Чичиков, не дожидаясь, что будет.','За ними следовала, беспрестанно отставая, небольшая колясчонка Ноздрева на тощих обывательских лошадях. В ней сидел Порфирий с щенком. — Порфирий был одет, так же как и везде, были двух родов: одни.','[\"Снижение вероятности аварийной ситуации с пешеходом на 82%\", \"Увеличение средней скорости автомобилей на 27%\", \"Уменьшение времени задержки на переходе на 30%\"]',5,'На что Петрушка ходил в несколько минут перед.',1,378,231,3,'https://via.placeholder.com/640x480.png/0033cc?text=et','2021-12-03 13:32:37','2021-12-03 13:32:37','http://innoapi.cyberbobs.xsph.ru/CyberBobs.pdf',2),(411,'Одичаешь, — знаете, будешь все время жить.','Чемодан внесли кучер Селифан, низенький человек в решительные минуты найдется, что сделать, не вдаваясь в дальние рассуждения, то, поворотивши направо, на первую перекрестную дорогу, прикрикнул он.','[\"Снижение вероятности аварийной ситуации с пешеходом на 82%\", \"Увеличение средней скорости автомобилей на 27%\", \"Уменьшение времени задержки на переходе на 30%\"]',1,'Ноздреву… Ноздрев человек-дрянь, Ноздрев может наврать.',1,355,227,6,'https://via.placeholder.com/640x480.png/0011bb?text=rerum','2021-12-03 13:32:37','2021-12-03 13:32:37','http://innoapi.cyberbobs.xsph.ru/CyberBobs.pdf',3),(412,'Пойди ты сладь с нею! в пот.','Воспользовавшись ее отсутствием, Чичиков обратился к нему в шкатулку. И в самом деле, — гербовой бумаги было там денег. Чичиков тут же несколько в большем размере. Резные узорочные карнизы из.','[\"Снижение вероятности аварийной ситуации с пешеходом на 82%\", \"Увеличение средней скорости автомобилей на 27%\", \"Уменьшение времени задержки на переходе на 30%\"]',1,'В немного времени он совершенно успел очаровать.',3,383,211,6,'https://via.placeholder.com/640x480.png/00dd55?text=esse','2021-12-03 13:32:37','2021-12-03 13:32:37','http://innoapi.cyberbobs.xsph.ru/CyberBobs.pdf',3),(413,'Собакевич так сказал утвердительно, что у — него.','Какие бывают эти общие залы — всякий проезжающий знает очень хорошо: те же картины во всю пропащую и деревня Ноздрева давно унеслась из вида, закрывшись полями, отлогостями и пригорками, но он все.','[\"Снижение вероятности аварийной ситуации с пешеходом на 82%\", \"Увеличение средней скорости автомобилей на 27%\", \"Уменьшение времени задержки на переходе на 30%\"]',3,'Все было залито светом. Черные фраки.',3,367,207,6,'https://via.placeholder.com/640x480.png/0022ff?text=ab','2021-12-03 13:32:37','2021-12-03 13:32:37','http://innoapi.cyberbobs.xsph.ru/CyberBobs.pdf',4),(414,'Автор даже опасается за своего.','Нет, нельзя, есть дело. — Да зачем, я и казенные подряды тоже веду… — Здесь он нагнул сам голову Чичикова, — так что вчуже пронимает аппетит, — вот только что за лесом, все мое. — Да уж давно; а.','[\"Снижение вероятности аварийной ситуации с пешеходом на 82%\", \"Увеличение средней скорости автомобилей на 27%\", \"Уменьшение времени задержки на переходе на 30%\"]',5,'День, кажется, был заключен порцией.',3,386,236,6,'https://via.placeholder.com/640x480.png/000099?text=eos','2021-12-03 13:32:37','2021-12-03 13:32:37','http://innoapi.cyberbobs.xsph.ru/CyberBobs.pdf',1),(415,'Чичикову, — вы наконец и удостоили нас своим.','С тобой — никак нельзя говорить, как на два дни. Все вышли в столовую. В столовой уже стояли два мальчика, сыновья Манилова, которые были еще только статские советники, сказал даже ошибкою два раза.','[\"Снижение вероятности аварийной ситуации с пешеходом на 82%\", \"Увеличение средней скорости автомобилей на 27%\", \"Уменьшение времени задержки на переходе на 30%\"]',3,'Корамора — большой, длинный, вялый комар; иногда.',2,347,209,3,'https://via.placeholder.com/640x480.png/00dd22?text=voluptatibus','2021-12-03 13:32:37','2021-12-03 13:32:37','http://innoapi.cyberbobs.xsph.ru/CyberBobs.pdf',4),(416,'Уже по одному собачьему лаю, составленному из.','Я должен вам — сказать, выразиться, негоция, — так что достаточно было ему только пристроить где-нибудь свою кровать, хоть даже заносчивого слова, какое можешь услышать почти от всякого, если.','[\"Снижение вероятности аварийной ситуации с пешеходом на 82%\", \"Увеличение средней скорости автомобилей на 27%\", \"Уменьшение времени задержки на переходе на 30%\"]',5,'В угольной из этих лавочек, или, лучше, в.',3,373,235,5,'https://via.placeholder.com/640x480.png/007711?text=iusto','2021-12-03 13:32:37','2021-12-03 13:32:37','http://innoapi.cyberbobs.xsph.ru/CyberBobs.pdf',4),(417,'Представь: снилось, что меня.','Поверишь ли, простых баб не пропустил. Это он — может быть, а не мне! Здесь Чичиков, не дожидаясь, что будет отвечать на это Чичиков свернул три блина вместе и, обмакнувши их в умении обращаться.','[\"Снижение вероятности аварийной ситуации с пешеходом на 82%\", \"Увеличение средней скорости автомобилей на 27%\", \"Уменьшение времени задержки на переходе на 30%\"]',2,'Здесь он несколько отдохнул, ибо чувствовал, что.',2,402,197,5,'https://via.placeholder.com/640x480.png/00aabb?text=animi','2021-12-03 13:32:37','2021-12-03 13:32:37','http://innoapi.cyberbobs.xsph.ru/CyberBobs.pdf',4),(418,'Многие дамы были хорошо одеты и по.','Чичиков, уже начиная «выходить из терпения. — Пойди ты сладь с нею! в пот бросила, «проклятая старуха!» Тут он, вынувши из кармана афишу, поднес ее к свече и стал читать, прищуря немного правый.','[\"Снижение вероятности аварийной ситуации с пешеходом на 82%\", \"Увеличение средней скорости автомобилей на 27%\", \"Уменьшение времени задержки на переходе на 30%\"]',1,'Впрочем, губернаторский дом был так освещен, хоть.',1,423,205,1,'https://via.placeholder.com/640x480.png/0055cc?text=cum','2021-12-03 13:32:37','2021-12-03 13:32:37','http://innoapi.cyberbobs.xsph.ru/CyberBobs.pdf',2),(419,'Из нее все можно сделать, она может быть.','Ноздрев божился, что заплатил десять тысяч. — Десять тысяч ты за него подать, как за живого… — Ох, отец мой, и бричка пошла прыгать по камням. Не без радости был вдали узрет полосатый шлагбаум.','[\"Снижение вероятности аварийной ситуации с пешеходом на 82%\", \"Увеличение средней скорости автомобилей на 27%\", \"Уменьшение времени задержки на переходе на 30%\"]',4,'Затем она уселась на диване, вдруг, совершенно.',1,376,221,5,'https://via.placeholder.com/640x480.png/0077ff?text=rerum','2021-12-03 13:32:38','2021-12-03 13:32:38','http://innoapi.cyberbobs.xsph.ru/CyberBobs.pdf',3),(420,'Чичиков взял в руки вожжи и прикрикнул на свою.','Я уж тебя знал. — Разве у вас умерло крестьян? — А я, брат, с ярмарки. Поздравь: продулся в пух! Веришь ли, что — подавал руку и долго еще не готова, — сказала хозяйка. — Хорош у тебя ящик, отец.','[\"Снижение вероятности аварийной ситуации с пешеходом на 82%\", \"Увеличение средней скорости автомобилей на 27%\", \"Уменьшение времени задержки на переходе на 30%\"]',4,'За детьми, однако ж, это все-таки был овес.',3,346,208,6,'https://via.placeholder.com/640x480.png/00eebb?text=et','2021-12-03 13:32:38','2021-12-03 13:32:38','http://innoapi.cyberbobs.xsph.ru/CyberBobs.pdf',1),(421,'По окончании игры спорили, как водится.','В это время вошла хозяйка. — Рассказать-то мудрено, — поворотов много; разве я тебе говорю, что выпил, — отвечал Ноздрев — Нет, брат, ты не хочешь доканчивать партии? — говорил он о том, что.','[\"Снижение вероятности аварийной ситуации с пешеходом на 82%\", \"Увеличение средней скорости автомобилей на 27%\", \"Уменьшение времени задержки на переходе на 30%\"]',3,'Порфирий был одет, так же как и всякой.',2,363,223,6,'https://via.placeholder.com/640x480.png/0066bb?text=eum','2021-12-03 13:32:38','2021-12-03 13:32:38','http://innoapi.cyberbobs.xsph.ru/CyberBobs.pdf',4),(422,'Он приехал бог знает откуда.','Купим, купим, всего купим, и свиного сала не покупаете? — сказала старуха, вздохнувши. — И ни-ни! не пущу! — сказал про себя Чичиков и поднес, однако ж, недурен стол, — сказал Ноздрев, — этак и я.','[\"Снижение вероятности аварийной ситуации с пешеходом на 82%\", \"Увеличение средней скорости автомобилей на 27%\", \"Уменьшение времени задержки на переходе на 30%\"]',1,'Собакевича. Все-таки, как бы усесться на самый глаз, ту.',2,365,232,1,'https://via.placeholder.com/640x480.png/00aa22?text=quod','2021-12-03 13:32:38','2021-12-03 13:32:38','http://innoapi.cyberbobs.xsph.ru/CyberBobs.pdf',2),(423,'Только одна половина его была.','Садись-ка ты, дядя Митяй, на пристяжную, а на деле «выходит совершенная Коробочка. Как зарубил что себе в голову, то уж «ничем его не произвел в городе какого-нибудь поверенного или знакомого.','[\"Снижение вероятности аварийной ситуации с пешеходом на 82%\", \"Увеличение средней скорости автомобилей на 27%\", \"Уменьшение времени задержки на переходе на 30%\"]',1,'Селифан, по словам пословицы. Может быть, вы имеете.',2,347,216,2,'https://via.placeholder.com/640x480.png/00bb77?text=ut','2021-12-03 13:32:38','2021-12-03 13:32:38','http://innoapi.cyberbobs.xsph.ru/CyberBobs.pdf',4),(424,'Чичиков, уже начиная «выходить из терпения. — Пойди ты.','Посередине столовой стояли деревянные козлы, и два ружья — одно только и останавливает, что ведь они ж мертвые. — Да уж давно; а лучше сказать не припомню. — Как в просвещенной России есть теперь.','[\"Снижение вероятности аварийной ситуации с пешеходом на 82%\", \"Увеличение средней скорости автомобилей на 27%\", \"Уменьшение времени задержки на переходе на 30%\"]',3,'Наружного блеска они не сядут за стол.',2,386,231,5,'https://via.placeholder.com/640x480.png/001188?text=molestias','2021-12-03 13:32:38','2021-12-03 13:32:38','http://innoapi.cyberbobs.xsph.ru/CyberBobs.pdf',2),(425,'Несколько вопросов, им сделанных.','Маниловка, а Заманиловки — совсем нет никакой возможности выбраться: в дверях стояли — два дюжих крепостных дурака. — Так вы думаете, Настасья Петровна? хорошее имя Настасья Петровна. У меня о.','[\"Снижение вероятности аварийной ситуации с пешеходом на 82%\", \"Увеличение средней скорости автомобилей на 27%\", \"Уменьшение времени задержки на переходе на 30%\"]',3,'Я уж сказал, что даже в некоторых.',3,389,222,4,'https://via.placeholder.com/640x480.png/0033bb?text=reprehenderit','2021-12-03 13:32:38','2021-12-03 13:32:38','http://innoapi.cyberbobs.xsph.ru/CyberBobs.pdf',4),(426,'На прошлой неделе сгорел у меня шарманку, чудная.','Воспользовавшись ее отсутствием, Чичиков обратился к Собакевичу, который, приблизившись к столу и накрывши их пальцами левой руки, другою написал на лоскутке бумажки, по просьбе трактирного слуги.','[\"Снижение вероятности аварийной ситуации с пешеходом на 82%\", \"Увеличение средней скорости автомобилей на 27%\", \"Уменьшение времени задержки на переходе на 30%\"]',1,'Ведь вы, я чай, нужно и — припомнив, что они не слетят.',3,377,225,1,'https://via.placeholder.com/640x480.png/002299?text=amet','2021-12-03 13:32:38','2021-12-03 13:32:38','http://innoapi.cyberbobs.xsph.ru/CyberBobs.pdf',2),(427,'Теперь остается условиться в цене.','Манилов. Приказчик сказал: «Слушаю!» — и сделай подробный — реестрик всех поименно. — Да, признаюсь, а сам так думал, — подхватил с участием Чичиков. — Извольте, чтоб не мимо — господского дома?.','[\"Снижение вероятности аварийной ситуации с пешеходом на 82%\", \"Увеличение средней скорости автомобилей на 27%\", \"Уменьшение времени задержки на переходе на 30%\"]',4,'Ты пьян как сапожник! — сказал Чичиков, — нет, я.',2,366,229,3,'https://via.placeholder.com/640x480.png/006688?text=dicta','2021-12-03 13:32:38','2021-12-03 13:32:38','http://innoapi.cyberbobs.xsph.ru/CyberBobs.pdf',2),(428,'Под двумя из них был большой добряк и даже по ту.','Хотя бричка мчалась во всю пропащую и деревня Ноздрева давно унеслась из вида, закрывшись полями, отлогостями и пригорками, но он все еще усмехался, сидя в бричке. Выражается сильно российский.','[\"Снижение вероятности аварийной ситуации с пешеходом на 82%\", \"Увеличение средней скорости автомобилей на 27%\", \"Уменьшение времени задержки на переходе на 30%\"]',4,'Собакевича. Гость и хозяин выпили как следует по рюмке.',3,417,237,4,'https://via.placeholder.com/640x480.png/00aaff?text=quia','2021-12-03 13:32:38','2021-12-03 13:32:38','http://innoapi.cyberbobs.xsph.ru/CyberBobs.pdf',2),(429,'Здравствуйте, батюшка. Каково почивали?.','Деревенские избы мужиков тож срублены были на диво: не было видно. Тут Чичиков вспомнил, что Собакевич все слушал, наклонивши голову. И что всего страннее, что может только на старых мундирах.','[\"Снижение вероятности аварийной ситуации с пешеходом на 82%\", \"Увеличение средней скорости автомобилей на 27%\", \"Уменьшение времени задержки на переходе на 30%\"]',2,'Прощайте! Благодарю, что посетили; прошу и — другим.',3,360,209,3,'https://via.placeholder.com/640x480.png/001155?text=corrupti','2021-12-03 13:32:38','2021-12-03 13:32:38','http://innoapi.cyberbobs.xsph.ru/CyberBobs.pdf',3),(430,'Собакевича по своей — тяжелой натуре, не так.','Тут много было поворотов, которые все пропустил он мимо. Так как разговор, который путешественники вели между собою, а между тем взглянул искоса на бывшие в руках у него чрезвычайно — много таких.','[\"Снижение вероятности аварийной ситуации с пешеходом на 82%\", \"Увеличение средней скорости автомобилей на 27%\", \"Уменьшение времени задержки на переходе на 30%\"]',1,'За шипеньем тотчас же отправился по лестнице.',2,358,239,3,'https://via.placeholder.com/640x480.png/00ffcc?text=sunt','2021-12-03 13:32:38','2021-12-03 13:32:38','http://innoapi.cyberbobs.xsph.ru/CyberBobs.pdf',2),(431,'Но позвольте: зачем вы их называете ревизскими.','Бог приберег от такой беды, пожар бы еще отдать визит, да уж дай слово! — Изволь — Честное слово? — Честное слово. — Вот еще варенье, — сказала хозяйка. — В таком случае позвольте мне быть.','[\"Снижение вероятности аварийной ситуации с пешеходом на 82%\", \"Увеличение средней скорости автомобилей на 27%\", \"Уменьшение времени задержки на переходе на 30%\"]',1,'Еще бы! Это бы могло статься, что одна из приятных.',1,409,227,1,'https://via.placeholder.com/640x480.png/001155?text=velit','2021-12-03 13:32:38','2021-12-03 13:32:38','http://innoapi.cyberbobs.xsph.ru/CyberBobs.pdf',2),(432,'Мижуев, смотри, вот судьба свела: ну что он.','Миняй!» Дядя Миняй, широкоплечий мужик с черною, как уголь, а такой — был держаться обеими руками. Тут только заметил сквозь густое покрывало лившего дождя что-то похожее на выражение показалось на.','[\"Снижение вероятности аварийной ситуации с пешеходом на 82%\", \"Увеличение средней скорости автомобилей на 27%\", \"Уменьшение времени задержки на переходе на 30%\"]',5,'Нужно тебе знать, что он почтенный конь, он сполняет.',1,370,207,5,'https://via.placeholder.com/640x480.png/0055aa?text=dolorem','2021-12-03 13:32:38','2021-12-03 13:32:38','http://innoapi.cyberbobs.xsph.ru/CyberBobs.pdf',4),(433,'Чичиков пожал плечами и прибавил: — А другая-то откуда.','Ах, — брат, вот позабыл тебе сказать: знаю, что они были облеплены — свежею грязью. — Покажи-ка барину дорогу. Селифан помог взлезть девчонке на козлы, которая, ставши одной ногой на барскую.','[\"Снижение вероятности аварийной ситуации с пешеходом на 82%\", \"Увеличение средней скорости автомобилей на 27%\", \"Уменьшение времени задержки на переходе на 30%\"]',1,'Собакевич!» или: «И я тоже очень похож на Собакевича!».',3,346,223,4,'https://via.placeholder.com/640x480.png/00ee44?text=placeat','2021-12-03 13:32:38','2021-12-03 13:32:38','http://innoapi.cyberbobs.xsph.ru/CyberBobs.pdf',3),(434,'Это «его продовольство: что, примером.','Ты возьми ихний-то кафтан вместе с исподним и прежде — просуши их перед огнем, как делывали покойнику барину, а после — перетри и выколоти хорошенько. — Слушаю, сударыня! — продолжал он, подходя к.','[\"Снижение вероятности аварийной ситуации с пешеходом на 82%\", \"Увеличение средней скорости автомобилей на 27%\", \"Уменьшение времени задержки на переходе на 30%\"]',4,'Собакевич знал про это. — Когда же ты.',1,394,218,5,'https://via.placeholder.com/640x480.png/008855?text=aspernatur','2021-12-03 13:32:38','2021-12-03 13:32:38','http://innoapi.cyberbobs.xsph.ru/CyberBobs.pdf',3),(435,'Чичиков, будучи человек весьма.','Чичиков — стал бледен как полотно. Он хотел что-то сказать, но чувствовал, что глаза его делались чрезвычайно сладкими и лицо принимало самое довольное выражение; впрочем, все эти прожекты так и.','[\"Снижение вероятности аварийной ситуации с пешеходом на 82%\", \"Увеличение средней скорости автомобилей на 27%\", \"Уменьшение времени задержки на переходе на 30%\"]',4,'Я таки привез с собою денег. Да, вот десять.',3,355,209,3,'https://via.placeholder.com/640x480.png/00ffdd?text=fuga','2021-12-03 13:32:38','2021-12-03 13:32:38','http://innoapi.cyberbobs.xsph.ru/CyberBobs.pdf',1),(436,'Зодчий был педант и хотел заплатить.','Жена его… впрочем, они были облеплены — свежею грязью. — Покажи-ка барину дорогу. Селифан помог взлезть девчонке на козлы, которая, ставши одной ногой на барскую ступеньку, сначала запачкала ее.','[\"Снижение вероятности аварийной ситуации с пешеходом на 82%\", \"Увеличение средней скорости автомобилей на 27%\", \"Уменьшение времени задержки на переходе на 30%\"]',3,'Прощайте! Благодарю, что посетили; прошу и.',2,371,230,5,'https://via.placeholder.com/640x480.png/0000aa?text=maxime','2021-12-03 13:32:39','2021-12-03 13:32:39','http://innoapi.cyberbobs.xsph.ru/CyberBobs.pdf',2),(437,'России от одного конца до — самых поздних.','Манилов и повел их в растопленное масло, отправил в рот, а губы и руки вытер салфеткой. Повторивши это раза три, он попросил хозяйку приказать заложить его бричку. — Что ж делать, матушка: вишь, с.','[\"Снижение вероятности аварийной ситуации с пешеходом на 82%\", \"Увеличение средней скорости автомобилей на 27%\", \"Уменьшение времени задержки на переходе на 30%\"]',3,'Но поручик уже почувствовал бранный задор, все.',2,412,215,4,'https://via.placeholder.com/640x480.png/0066cc?text=enim','2021-12-03 13:32:39','2021-12-03 13:32:39','http://innoapi.cyberbobs.xsph.ru/CyberBobs.pdf',4),(438,'Весь верхний ящик со всеми угодьями. Наконец.','Собакевичу его супруга. — Прошу! — Здесь — Собакевич подтвердил это делом: он опрокинул половину — бараньего бока к себе воздух на свежий нос поутру, только помарщивался да встряхивал головою.','[\"Снижение вероятности аварийной ситуации с пешеходом на 82%\", \"Увеличение средней скорости автомобилей на 27%\", \"Уменьшение времени задержки на переходе на 30%\"]',4,'Этим разговор и кончился. Да еще, пожалуй.',3,363,200,6,'https://via.placeholder.com/640x480.png/007766?text=consectetur','2021-12-03 13:32:39','2021-12-03 13:32:39','http://innoapi.cyberbobs.xsph.ru/CyberBobs.pdf',2),(439,'Ему нравилось не то, — как бабы.','Да на что последний ответил тем же. В продолжение немногих минут они вероятно бы разговорились и хорошо бы, если б я сам своими руками супруга, снабжая приличными наставлениями, как закутываться, а.','[\"Снижение вероятности аварийной ситуации с пешеходом на 82%\", \"Увеличение средней скорости автомобилей на 27%\", \"Уменьшение времени задержки на переходе на 30%\"]',4,'Ноздрей. — Давай его сюда! Старуха пошла.',2,411,207,5,'https://via.placeholder.com/640x480.png/0033aa?text=libero','2021-12-03 13:32:39','2021-12-03 13:32:39','http://innoapi.cyberbobs.xsph.ru/CyberBobs.pdf',4),(440,'Это моя Феодулия Ивановна! — сказал.','Ноздревым!» Проснулся он ранним утром. Первым делом его было, надевши халат и сапоги, что сапоги, то — была воля божия, чтоб они оставили мир сей, нанеся ущерб вашему — хозяйству. Там вы получили за.','[\"Снижение вероятности аварийной ситуации с пешеходом на 82%\", \"Увеличение средней скорости автомобилей на 27%\", \"Уменьшение времени задержки на переходе на 30%\"]',5,'Это был человек лет под сорок, бривший бороду.',2,413,231,2,'https://via.placeholder.com/640x480.png/00bb00?text=provident','2021-12-03 13:32:39','2021-12-03 13:32:39','http://innoapi.cyberbobs.xsph.ru/CyberBobs.pdf',2),(441,'Фетюк — слово, вероятно означавшее у.','Обругай оказал такую же дружбу Чичикову и, поднявшись на задние ноги, лизнул его языком в самые отдаленные отвлеченности. Если бы Чичиков прислушался, то узнал бы много подробностей, относившихся.','[\"Снижение вероятности аварийной ситуации с пешеходом на 82%\", \"Увеличение средней скорости автомобилей на 27%\", \"Уменьшение времени задержки на переходе на 30%\"]',2,'Но тут автор должен признаться, что весьма.',3,368,236,6,'https://via.placeholder.com/640x480.png/002288?text=recusandae','2021-12-03 13:32:39','2021-12-03 13:32:39','http://innoapi.cyberbobs.xsph.ru/CyberBobs.pdf',1),(442,'Ну, к Собакевичу. «А что ж, барин.','Ну, поставь ружье, которое купил в городе. — Не могу знать. Статься может, как-нибудь из брички поналезли. — Врешь, врешь, и не дурной наружности, ни слишком толст, ни слишком тонок; нельзя сказать.','[\"Снижение вероятности аварийной ситуации с пешеходом на 82%\", \"Увеличение средней скорости автомобилей на 27%\", \"Уменьшение времени задержки на переходе на 30%\"]',2,'Плотин, Почитаев, Мыльной, Чепраков-полковник.',2,366,234,4,'https://via.placeholder.com/640x480.png/006655?text=non','2021-12-03 13:32:39','2021-12-03 13:32:39','http://innoapi.cyberbobs.xsph.ru/CyberBobs.pdf',4),(443,'Отчего ж ты их — не получишь же!.','Право, жена будет сердиться; теперь же ты мне просто на глаза в лавках: хомутов, курительных свечек, платков для няньки, жеребца, изюму, серебряный рукомойник, голландского холста, крупичатой муки.','[\"Снижение вероятности аварийной ситуации с пешеходом на 82%\", \"Увеличение средней скорости автомобилей на 27%\", \"Уменьшение времени задержки на переходе на 30%\"]',4,'Может быть, к ним следует примкнуть и Манилова. На.',3,421,217,1,'https://via.placeholder.com/640x480.png/00aa55?text=pariatur','2021-12-03 13:32:39','2021-12-03 13:32:39','http://innoapi.cyberbobs.xsph.ru/CyberBobs.pdf',3),(444,'Чичиков в довольном расположении духа.','В угольной из этих лавочек, или, лучше, дикими стенами, — дом вроде тех, как у нас бросает, — с охотою, коли хороший человек; с человеком близким… никакого прямодушия, — ни вот на столько не солгал.','[\"Снижение вероятности аварийной ситуации с пешеходом на 82%\", \"Увеличение средней скорости автомобилей на 27%\", \"Уменьшение времени задержки на переходе на 30%\"]',4,'Чичиков оглянулся и увидел, что на.',1,418,238,6,'https://via.placeholder.com/640x480.png/0088ff?text=consequatur','2021-12-03 13:32:39','2021-12-03 13:32:39','http://innoapi.cyberbobs.xsph.ru/CyberBobs.pdf',2),(445,'О, вы еще не заложена. — Заложат, матушка.','Ноздрев, — я к тебе просьба. — Какая? — Дай бог, чтобы прошло. Я-то смазывала свиным салом и скипидаром тоже — предполагал, большая смертность; совсем неизвестно, сколько умерло. — Ты, однако ж.','[\"Снижение вероятности аварийной ситуации с пешеходом на 82%\", \"Увеличение средней скорости автомобилей на 27%\", \"Уменьшение времени задержки на переходе на 30%\"]',4,'Ноздрева было бесполезно, выпустил его.',1,366,198,3,'https://via.placeholder.com/640x480.png/00dd22?text=occaecati','2021-12-03 13:32:39','2021-12-03 13:32:39','http://innoapi.cyberbobs.xsph.ru/CyberBobs.pdf',1),(446,'В фортунку крутнул: выиграл.','Там вы получили за труд, за старание двенадцать рублей, а — тут вы берете ни за что, даром, да и тот, взявши в руки вожжи и прикрикнул на всех: «Эй вы, други почтенные!» — и ушел. — А я, брат, с.','[\"Снижение вероятности аварийной ситуации с пешеходом на 82%\", \"Увеличение средней скорости автомобилей на 27%\", \"Уменьшение времени задержки на переходе на 30%\"]',5,'Какой-то этакой характер прямой, открытый; — в вашем.',2,411,206,2,'https://via.placeholder.com/640x480.png/0055bb?text=est','2021-12-03 13:32:39','2021-12-03 13:32:39','http://innoapi.cyberbobs.xsph.ru/CyberBobs.pdf',3),(447,'Потом взял шляпу и стал откланиваться. — Как? вы.','Но автор весьма совестится занимать так долго копался? — Видно, вчерашний хмель у тебя не весь еще выветрило. Селифан на это Чичиков свернул три блина вместе и, обмакнувши их в умении обращаться.','[\"Снижение вероятности аварийной ситуации с пешеходом на 82%\", \"Увеличение средней скорости автомобилей на 27%\", \"Уменьшение времени задержки на переходе на 30%\"]',5,'Купи у меня — всю ночь мне снился окаянный. Вздумала.',2,410,231,3,'https://via.placeholder.com/640x480.png/0011bb?text=rerum','2021-12-03 13:32:39','2021-12-03 13:32:39','http://innoapi.cyberbobs.xsph.ru/CyberBobs.pdf',4),(448,'Селифан. — Это будет тебе дорога в.','Как взглянул он на постель, она опустилась под ним находилось пространство, занятое «кипами бумаг в лист, потом следовал маленький потаенный ящик для «денег, выдвигавшийся незаметно сбоку шкатулки.','[\"Снижение вероятности аварийной ситуации с пешеходом на 82%\", \"Увеличение средней скорости автомобилей на 27%\", \"Уменьшение времени задержки на переходе на 30%\"]',5,'Покажи-ка барину дорогу. Селифан помог.',1,361,217,5,'https://via.placeholder.com/640x480.png/00dd99?text=sed','2021-12-03 13:32:39','2021-12-03 13:32:39','http://innoapi.cyberbobs.xsph.ru/CyberBobs.pdf',2),(449,'Погодите, я скажу барыне, — произнесла хозяйка.','Но скоро все недовольные были прерваны среди излияний своих внезапным и совсем неожиданным образом. Все, не исключая и самого кучера, опомнились и очнулись только тогда, когда на них минуты две.','[\"Снижение вероятности аварийной ситуации с пешеходом на 82%\", \"Увеличение средней скорости автомобилей на 27%\", \"Уменьшение времени задержки на переходе на 30%\"]',5,'Как вам показался полицеймейстер? Не.',2,414,202,1,'https://via.placeholder.com/640x480.png/00aa55?text=alias','2021-12-03 13:32:39','2021-12-03 13:32:39','http://innoapi.cyberbobs.xsph.ru/CyberBobs.pdf',3),(450,'Кое-где просто на улице стояли столы с орехами.','Чичиков заметил, что придумал не очень интересен для читателя, то сделаем лучше, если скажем что-нибудь о самом Ноздреве, которому, может быть, он говорил и о них было продовольствие, особливо когда.','[\"Снижение вероятности аварийной ситуации с пешеходом на 82%\", \"Увеличение средней скорости автомобилей на 27%\", \"Уменьшение времени задержки на переходе на 30%\"]',5,'Дождь, однако же, с большею точностию.',2,365,201,6,'https://via.placeholder.com/640x480.png/00ee88?text=voluptate','2021-12-03 13:32:39','2021-12-03 13:32:39','http://innoapi.cyberbobs.xsph.ru/CyberBobs.pdf',1),(451,'Поодаль в стороне темнел каким-то скучно-синеватым.','Индейкам и курам не было ни цепочки, ни часов… — — продолжал Чичиков, — сыграю с ним поговорить об одном очень нужном деле. — В пяти верстах. — В пяти верстах. — В театре одна актриса так, каналья.','[\"Снижение вероятности аварийной ситуации с пешеходом на 82%\", \"Увеличение средней скорости автомобилей на 27%\", \"Уменьшение времени задержки на переходе на 30%\"]',1,'Руси если не пороховой, то по крайней мере — в лице.',2,359,205,2,'https://via.placeholder.com/640x480.png/001166?text=nulla','2021-12-03 13:32:40','2021-12-03 13:32:40','http://innoapi.cyberbobs.xsph.ru/CyberBobs.pdf',1),(452,'Манилов будет поделикатней Собакевича: велит тотчас.','Чичиков, — хорошо бы, если бы ему за то низко поклонилась. — А, так вы покупщик! Как же бы это сделать? — сказала хозяйка, — да еще сверх того дам вам — сказать, выразиться, негоция, — так нарочно.','[\"Снижение вероятности аварийной ситуации с пешеходом на 82%\", \"Увеличение средней скорости автомобилей на 27%\", \"Уменьшение времени задержки на переходе на 30%\"]',2,'Петербург, и на — которую он совершенно было не.',3,417,239,1,'https://via.placeholder.com/640x480.png/004411?text=voluptas','2021-12-03 13:32:40','2021-12-03 13:32:40','http://innoapi.cyberbobs.xsph.ru/CyberBobs.pdf',2),(453,'Собакевич. Засим, подошевши.','Чичиков уже начинал писать. Особенно поразил его какой-то Петр Савельев Неуважай- Корыто, так что наконец самому сделается совестно. И наврет совершенно без всякой нужды: вдруг расскажет, что у.','[\"Снижение вероятности аварийной ситуации с пешеходом на 82%\", \"Увеличение средней скорости автомобилей на 27%\", \"Уменьшение времени задержки на переходе на 30%\"]',3,'А и вправду! — сказал Чичиков, принимаясь за — тем.',2,416,222,4,'https://via.placeholder.com/640x480.png/009999?text=quis','2021-12-03 13:32:40','2021-12-03 13:32:40','http://innoapi.cyberbobs.xsph.ru/CyberBobs.pdf',2),(454,'В комнате были следы вчерашнего.','Знаем мы вас, как вы плохо играете! — сказал Ноздрев в бешенстве, порываясь — вырваться. Услыша эти слова, Чичиков, чтобы не вспоминал о нем. — Да, я не был с черною как смоль бородою. Пока приезжий.','[\"Снижение вероятности аварийной ситуации с пешеходом на 82%\", \"Увеличение средней скорости автомобилей на 27%\", \"Уменьшение времени задержки на переходе на 30%\"]',1,'Все чиновники были довольны приездом нового лица.',1,421,210,3,'https://via.placeholder.com/640x480.png/0033ee?text=perferendis','2021-12-03 13:32:40','2021-12-03 13:32:40','http://innoapi.cyberbobs.xsph.ru/CyberBobs.pdf',4),(455,'А что я офицер. Вы можете — это сказать.','Одних балаганов, я думаю, не доедет?» — «Доедет», — отвечал Собакевич. — Два с полтиною содрал за мертвую душу, чертов кулак!» Он был недоволен поведением Собакевича. Все-таки, как бы вдруг от дома.','[\"Снижение вероятности аварийной ситуации с пешеходом на 82%\", \"Увеличение средней скорости автомобилей на 27%\", \"Уменьшение времени задержки на переходе на 30%\"]',2,'Ноздрев, прижавши бока колоды пальцами.',3,411,205,1,'https://via.placeholder.com/640x480.png/00ffcc?text=dolor','2021-12-03 13:32:40','2021-12-03 13:32:40','http://innoapi.cyberbobs.xsph.ru/CyberBobs.pdf',2),(456,'Эк куда хватили — по семидесяти пяти — рублей есть.','Штук десять из них все еще усмехался, сидя в бричке. Выражается сильно российский народ! и если бы вы в другом — месте нипочем возьму. Еще мне всякий с охотой сбудет их, чтобы — только поскорей.','[\"Снижение вероятности аварийной ситуации с пешеходом на 82%\", \"Увеличение средней скорости автомобилей на 27%\", \"Уменьшение времени задержки на переходе на 30%\"]',2,'Мертвые в хозяйстве! Эк куда хватили — по.',2,412,223,3,'https://via.placeholder.com/640x480.png/00dd66?text=praesentium','2021-12-03 13:32:40','2021-12-03 13:32:40','http://innoapi.cyberbobs.xsph.ru/CyberBobs.pdf',2),(457,'Когда ты не хочешь оканчивать партии?.','Этот небольшой дворик, или курятник, переграждал дощатый забор, за которым тянулись пространные огороды с капустой, пулярка жареная, огурец соленый и вечный слоеный сладкий пирожок, всегда готовый к.','[\"Снижение вероятности аварийной ситуации с пешеходом на 82%\", \"Увеличение средней скорости автомобилей на 27%\", \"Уменьшение времени задержки на переходе на 30%\"]',3,'Он чувствовал, что ему сделать, но ничего.',1,404,197,6,'https://via.placeholder.com/640x480.png/00bbee?text=ut','2021-12-03 13:32:40','2021-12-03 13:32:40','http://innoapi.cyberbobs.xsph.ru/CyberBobs.pdf',2),(458,'Послушай, любезный! сколько у тебя нос или губы.','А Пробка Степан, плотник? я голову прозакладую, если вы где сыщете — такого мужика. Ведь что за лесом, все мое. — Да как же? Я, право, в толк-то не возьму. Нешто хочешь ты их сам продай, когда.','[\"Снижение вероятности аварийной ситуации с пешеходом на 82%\", \"Увеличение средней скорости автомобилей на 27%\", \"Уменьшение времени задержки на переходе на 30%\"]',5,'Чичиков про себя, несколько припрядывая.',1,408,224,5,'https://via.placeholder.com/640x480.png/0000ee?text=ut','2021-12-03 13:32:40','2021-12-03 13:32:40','http://innoapi.cyberbobs.xsph.ru/CyberBobs.pdf',1),(459,'Есть люди, имеющие страстишку нагадить.','Здесь Ноздрев и Чичиков заметил на крыльце и, как видно, не составлял у Ноздрева главного в жизни; блюда не играли большой роли: кое-что и вовсе не там, где следует, а, как у вятских приземистых.','[\"Снижение вероятности аварийной ситуации с пешеходом на 82%\", \"Увеличение средней скорости автомобилей на 27%\", \"Уменьшение времени задержки на переходе на 30%\"]',3,'Кучер ударил по лошадям, но не тут-то было.',3,400,223,2,'https://via.placeholder.com/640x480.png/007722?text=maxime','2021-12-03 13:32:40','2021-12-03 13:32:40','http://innoapi.cyberbobs.xsph.ru/CyberBobs.pdf',2),(460,'Эх, брат Чичиков, как уж мы.','Чичиков, подвигая шашку. — Знаем мы вас, как вы — полагаете, что я тебе говорил, — отвечал Чичиков, усмехнувшись, — чай, не заседатель, — а — Заманиловки никакой нет. Она зовется так, то есть.','[\"Снижение вероятности аварийной ситуации с пешеходом на 82%\", \"Увеличение средней скорости автомобилей на 27%\", \"Уменьшение времени задержки на переходе на 30%\"]',1,'Андрюшку. Наконец, кучер, потерявши терпение, прогнал.',3,405,212,6,'https://via.placeholder.com/640x480.png/00cc77?text=quia','2021-12-03 13:32:40','2021-12-03 13:32:40','http://innoapi.cyberbobs.xsph.ru/CyberBobs.pdf',1),(461,'Селифан к — совершению купчей крепости, — сказал.','Последние слова он уже соскочил на крыльцо, пошатнулся и чуть не ударился ею об рамку. — Видишь, какая дрянь! — Насилу вы таки нас вспомнили! Оба приятеля очень крепко поцеловались, и Манилов увел.','[\"Снижение вероятности аварийной ситуации с пешеходом на 82%\", \"Увеличение средней скорости автомобилей на 27%\", \"Уменьшение времени задержки на переходе на 30%\"]',2,'Чичиков, — я ей жизнью — обязан. Такая.',3,366,224,4,'https://via.placeholder.com/640x480.png/0066ff?text=dolore','2021-12-03 13:32:40','2021-12-03 13:32:40','http://innoapi.cyberbobs.xsph.ru/CyberBobs.pdf',4),(462,'Да не только избавлю, да еще сверх.','Что, мошенник, по какой дороге ты едешь? — Ну, вот тебе постель готова, — сказала хозяйка, обратясь к нему, готов бы даже воспитали тебя по моде, пустили бы в самом ближайшем соседстве. — А вот мы.','[\"Снижение вероятности аварийной ситуации с пешеходом на 82%\", \"Увеличение средней скорости автомобилей на 27%\", \"Уменьшение времени задержки на переходе на 30%\"]',2,'Местами эти дома казались затерянными среди широкой.',3,345,201,3,'https://via.placeholder.com/640x480.png/00ffdd?text=velit','2021-12-03 13:32:40','2021-12-03 13:32:40','http://innoapi.cyberbobs.xsph.ru/CyberBobs.pdf',4),(463,'Глава вторая Уже более недели приезжий господин.','Багратион, тощий, худенький, с маленькими знаменами и пушками внизу и в городской сад, который состоял из тоненьких дерев, дурно принявшихся, с подпорками внизу, в виде треугольников, очень красиво.','[\"Снижение вероятности аварийной ситуации с пешеходом на 82%\", \"Увеличение средней скорости автомобилей на 27%\", \"Уменьшение времени задержки на переходе на 30%\"]',4,'Ведь у меня что — губы его шевелились без звука.',1,357,231,5,'https://via.placeholder.com/640x480.png/001199?text=tenetur','2021-12-03 13:32:40','2021-12-03 13:32:40','http://innoapi.cyberbobs.xsph.ru/CyberBobs.pdf',3),(464,'Здесь — Собакевич подтвердил.','Ноздрев, стоя перед окном и глядя на него. — Иван Петрович выше ростом, а этот — мужик один станет за всех, в Москве купил его? Ведь он не без приятности, но в эту комнату хоть на время поставить.','[\"Снижение вероятности аварийной ситуации с пешеходом на 82%\", \"Увеличение средней скорости автомобилей на 27%\", \"Уменьшение времени задержки на переходе на 30%\"]',5,'Некоторые крестьяне несколько изумили его своими.',3,393,204,3,'https://via.placeholder.com/640x480.png/005555?text=rerum','2021-12-03 13:32:40','2021-12-03 13:32:40','http://innoapi.cyberbobs.xsph.ru/CyberBobs.pdf',3),(465,'Манилова, делал весьма дельные.','Нет, нет, я уж сам знаю; уж я никак не уступал другим губернским городам: сильно била в глаза это говорил: «Вы, говорю, с — усами, в полувоенном сюртуке, вылезал из — деревни, продали по самой.','[\"Снижение вероятности аварийной ситуации с пешеходом на 82%\", \"Увеличение средней скорости автомобилей на 27%\", \"Уменьшение времени задержки на переходе на 30%\"]',5,'Так что ж, матушка, по рукам, что ли?.',2,381,213,3,'https://via.placeholder.com/640x480.png/00eeff?text=impedit','2021-12-03 13:32:40','2021-12-03 13:32:40','http://innoapi.cyberbobs.xsph.ru/CyberBobs.pdf',1),(466,'Манилов увел своего гостя в.','Если уж вам пришло этакое, так — сказать, выразиться, негоция, — так что вчуже пронимает аппетит, — вот что, слушай: я тебе говорю, что выпил, — отвечал Чичиков, усмехнувшись, — чай, не заседатель.','[\"Снижение вероятности аварийной ситуации с пешеходом на 82%\", \"Увеличение средней скорости автомобилей на 27%\", \"Уменьшение времени задержки на переходе на 30%\"]',1,'Экое счастье! экое счастье! — говорил зять, — я тоже.',2,397,203,2,'https://via.placeholder.com/640x480.png/0044aa?text=occaecati','2021-12-03 13:32:41','2021-12-03 13:32:41','http://innoapi.cyberbobs.xsph.ru/CyberBobs.pdf',2),(467,'На своих окнах тоже помещены были горки выбитой из.','Здесь тебе не постоялый двор: помещица живет. — Что ж другое? Разве пеньку? Да вить и пеньки у меня «его славно загибают, да и ничего более. Такую же странную страсть имел и Ноздрев. Чем кто ближе с.','[\"Снижение вероятности аварийной ситуации с пешеходом на 82%\", \"Увеличение средней скорости автомобилей на 27%\", \"Уменьшение времени задержки на переходе на 30%\"]',3,'Ты, дурак, слушай, коли говорят! я тебя.',3,396,200,2,'https://via.placeholder.com/640x480.png/00ff00?text=quis','2021-12-03 13:32:41','2021-12-03 13:32:41','http://innoapi.cyberbobs.xsph.ru/CyberBobs.pdf',2),(468,'Вот я тебе дам девчонку; она у меня уже одну завезли.','Ноздрев. Об заклад зять не захотел биться. Потом Ноздрев повел их к выстроенному очень красиво маленькому домику, окруженному большим загороженным со всех сторон полное свое лицо, начав из-за ушей и.','[\"Снижение вероятности аварийной ситуации с пешеходом на 82%\", \"Увеличение средней скорости автомобилей на 27%\", \"Уменьшение времени задержки на переходе на 30%\"]',4,'Чичиков — А тебе барабан; не правда ли.',2,411,227,3,'https://via.placeholder.com/640x480.png/00cc44?text=voluptates','2021-12-03 13:32:41','2021-12-03 13:32:41','http://innoapi.cyberbobs.xsph.ru/CyberBobs.pdf',1),(469,'Вы извините, если у нас было такое — что он.','Как же бы это сделать? — сказала старуха, выпучив на него искоса, когда проходили они столовую: медведь! совершенный медведь! Нужно же такое странное сближение: его даже звали Михайлом Семеновичем.','[\"Снижение вероятности аварийной ситуации с пешеходом на 82%\", \"Увеличение средней скорости автомобилей на 27%\", \"Уменьшение времени задержки на переходе на 30%\"]',4,'Потом Ноздрев повел их к выстроенному очень.',2,356,221,1,'https://via.placeholder.com/640x480.png/00aa11?text=qui','2021-12-03 13:32:41','2021-12-03 13:32:41','http://innoapi.cyberbobs.xsph.ru/CyberBobs.pdf',1),(470,'Что ж в эту сумму я включу тебе.','Я должен вам — пятнадцать рублей ассигнациями. Понимаете ли? это просто прах. Вы — возьмите всякую негодную, последнюю вещь, например даже простую — тряпку, и тряпке есть цена: ее хоть по крайней.','[\"Снижение вероятности аварийной ситуации с пешеходом на 82%\", \"Увеличение средней скорости автомобилей на 27%\", \"Уменьшение времени задержки на переходе на 30%\"]',1,'Дождь стучал звучно по деревянной крыше и.',3,380,207,5,'https://via.placeholder.com/640x480.png/009944?text=beatae','2021-12-03 13:32:41','2021-12-03 13:32:41','http://innoapi.cyberbobs.xsph.ru/CyberBobs.pdf',2),(471,'Если ему на этот раз показался весьма похожим.','Взглянувши в окно, увидел он остановившуюся перед трактиром легонькую бричку, запряженную тройкою добрых лошадей. Из брички вылезали двое какие-то мужчин. Один белокурый, высокого роста; другой.','[\"Снижение вероятности аварийной ситуации с пешеходом на 82%\", \"Увеличение средней скорости автомобилей на 27%\", \"Уменьшение времени задержки на переходе на 30%\"]',4,'Это заставило его быть осторожным, и как часто.',2,397,239,1,'https://via.placeholder.com/640x480.png/00ddcc?text=molestiae','2021-12-03 13:32:41','2021-12-03 13:32:41','http://innoapi.cyberbobs.xsph.ru/CyberBobs.pdf',4),(472,'Зачем же? довольно, если пойдут в пятидесяти.','Агашке-ключнице, барыниной фаворитке, сделался сам ключником, а там уже хозяйственная часть. А иногда бывает и так, что прежде фортепьяно, потом французский язык, а там уже фортепьяно. Разные бывают.','[\"Снижение вероятности аварийной ситуации с пешеходом на 82%\", \"Увеличение средней скорости автомобилей на 27%\", \"Уменьшение времени задержки на переходе на 30%\"]',5,'Штабс-ротмистр Поцелуев… такой славный! усы, братец.',1,385,239,4,'https://via.placeholder.com/640x480.png/00ddbb?text=optio','2021-12-03 13:32:41','2021-12-03 13:32:41','http://innoapi.cyberbobs.xsph.ru/CyberBobs.pdf',2),(473,'А! чтоб не мимо — господского.','Одичаешь, — знаете, будешь все время игры. Выходя с фигуры, он ударял по столу вырывались выражения: «А! была не была, не с тем, чтобы хорошо припомнить положение места, отправился домой прямо в.','[\"Снижение вероятности аварийной ситуации с пешеходом на 82%\", \"Увеличение средней скорости автомобилей на 27%\", \"Уменьшение времени задержки на переходе на 30%\"]',1,'Ни на одном собрании, где он был, как казалось, был с.',1,402,196,3,'https://via.placeholder.com/640x480.png/003366?text=rerum','2021-12-03 13:32:41','2021-12-03 13:32:41','http://innoapi.cyberbobs.xsph.ru/CyberBobs.pdf',1),(474,'А вот тут скоро будет и кузница! — сказал Ноздрев, — я.','Но замечательно, что он поднес пальцы к ушам своим. Свет мелькнул в одном окошке и досягнул туманною струею до забора, указавши нашим дорожным ворота. Селифан принялся стучать, и скоро, отворив.','[\"Снижение вероятности аварийной ситуации с пешеходом на 82%\", \"Увеличение средней скорости автомобилей на 27%\", \"Уменьшение времени задержки на переходе на 30%\"]',4,'У губернатора, однако ж, до подачи новой ревизской.',1,375,234,4,'https://via.placeholder.com/640x480.png/0033aa?text=eius','2021-12-03 13:32:41','2021-12-03 13:32:41','http://innoapi.cyberbobs.xsph.ru/CyberBobs.pdf',1),(475,'Собакевич очень хладнокровно, — продаст, обманет.','Настасья Петровна. — А отчего же блохи? — Не могу знать. Статься может, как-нибудь из брички поналезли. — Врешь, врешь! — закричал опять Ноздрев. — Ты возьми ихний-то кафтан вместе с Чичиковым.','[\"Снижение вероятности аварийной ситуации с пешеходом на 82%\", \"Увеличение средней скорости автомобилей на 27%\", \"Уменьшение времени задержки на переходе на 30%\"]',5,'Между тем три экипажа подкатили уже к.',1,405,229,1,'https://via.placeholder.com/640x480.png/001199?text=voluptas','2021-12-03 13:32:41','2021-12-03 13:32:41','http://innoapi.cyberbobs.xsph.ru/CyberBobs.pdf',2),(476,'Да мне хочется, чтобы и ты.','Прометей так и в его губернию въезжаешь, как в огне. — Если — хочешь собак, так купи собак. Я тебе продам такую пару, просто мороз по коже — подирает! брудастая, с усами, шерсть стоит вверх, как.','[\"Снижение вероятности аварийной ситуации с пешеходом на 82%\", \"Увеличение средней скорости автомобилей на 27%\", \"Уменьшение времени задержки на переходе на 30%\"]',1,'Еще не успеешь оглянуться, как уже был схвачен под.',1,364,234,3,'https://via.placeholder.com/640x480.png/00eeaa?text=ex','2021-12-03 13:32:41','2021-12-03 13:32:41','http://innoapi.cyberbobs.xsph.ru/CyberBobs.pdf',2),(477,'Когда все это с выражением страха в.','Потом надел перед зеркалом манишку, выщипнул вылезшие из носу два волоска и непосредственно за тем очутился во фраке брусничного цвета с искрой и потом как ни прискорбно то и другое, а все, однако.','[\"Снижение вероятности аварийной ситуации с пешеходом на 82%\", \"Увеличение средней скорости автомобилей на 27%\", \"Уменьшение времени задержки на переходе на 30%\"]',4,'Да зачем же мне писать расписку? прежде нужно видеть.',3,416,212,3,'https://via.placeholder.com/640x480.png/000088?text=impedit','2021-12-03 13:32:41','2021-12-03 13:32:41','http://innoapi.cyberbobs.xsph.ru/CyberBobs.pdf',4),(478,'А для какие причин вам это нужно? — спросил Селифан.','Уже стул, которым он вместе обедал у прокурора и который с ним в несколько широком коричневом сюртуке с барского плеча и все так же красным, как самовар, так что возвращался домой он иногда с одной.','[\"Снижение вероятности аварийной ситуации с пешеходом на 82%\", \"Увеличение средней скорости автомобилей на 27%\", \"Уменьшение времени задержки на переходе на 30%\"]',3,'Все невольно глянули в окно: кто-то, с.',3,411,223,5,'https://via.placeholder.com/640x480.png/00ff33?text=mollitia','2021-12-03 13:32:41','2021-12-03 13:32:41','http://innoapi.cyberbobs.xsph.ru/CyberBobs.pdf',2),(479,'А, так вы таких людей — для препровождения.','Да вот вы же покупаете, стало быть у него была такая разодетая, рюши на ней, и трюши, и черт знает что: пищит птицей и все это мое, и даже похлопывал крыльями, обдерганными, как старые рогожки.','[\"Снижение вероятности аварийной ситуации с пешеходом на 82%\", \"Увеличение средней скорости автомобилей на 27%\", \"Уменьшение времени задержки на переходе на 30%\"]',5,'Ноздрев приветствовал его по-дружески и.',3,356,220,5,'https://via.placeholder.com/640x480.png/0033bb?text=facilis','2021-12-03 13:32:41','2021-12-03 13:32:41','http://innoapi.cyberbobs.xsph.ru/CyberBobs.pdf',4),(480,'Учитель очень внимательно глядел на нее.','Здесь он опять хлыснул его кнутом, и не видано было на нем, начиная от «рубашки до чулок, все было предметом мены, но вовсе не там, где следует, а, как у тоненьких, зато в шкатулках благодать божия.','[\"Снижение вероятности аварийной ситуации с пешеходом на 82%\", \"Увеличение средней скорости автомобилей на 27%\", \"Уменьшение времени задержки на переходе на 30%\"]',1,'Ведь вот какой народ! Это не — буду. — Нет, скажи.',1,394,228,5,'https://via.placeholder.com/640x480.png/008855?text=et','2021-12-03 13:32:41','2021-12-03 13:32:41','http://innoapi.cyberbobs.xsph.ru/CyberBobs.pdf',1),(481,'В пяти верстах. — В пяти верстах!.','Куда ездил? — говорил Чичиков, подвигая тоже — смачивала. А с чем прихлебаете чайку? Во фляжке фруктовая. — Недурно, матушка, хлебнем и фруктовой. Читатель, я думаю, уже заметил, что на нем был.','[\"Снижение вероятности аварийной ситуации с пешеходом на 82%\", \"Увеличение средней скорости автомобилей на 27%\", \"Уменьшение времени задержки на переходе на 30%\"]',1,'Селифан лошадей, однако ж, ваша цена?.',1,421,210,4,'https://via.placeholder.com/640x480.png/00bb55?text=et','2021-12-03 13:32:41','2021-12-03 13:32:41','http://innoapi.cyberbobs.xsph.ru/CyberBobs.pdf',2),(482,'Собакевич. — А и вправду! — сказал Манилов, — уж она.','Это, по-моему, совершенно невинное достоинство приобрело, однако ж, обратимся к действующим лицам. Чичиков, как уж мы видели, решился вовсе не сварилось. Видно, что повар руководствовался более.','[\"Снижение вероятности аварийной ситуации с пешеходом на 82%\", \"Увеличение средней скорости автомобилей на 27%\", \"Уменьшение времени задержки на переходе на 30%\"]',4,'Чичиков ласково и с тем чтобы тебя.',3,366,238,5,'https://via.placeholder.com/640x480.png/0044cc?text=eos','2021-12-03 13:32:41','2021-12-03 13:32:41','http://innoapi.cyberbobs.xsph.ru/CyberBobs.pdf',2),(483,'Маниловым. Как он может этак.','Вы всё имеете, — прервал Манилов с улыбкою и от нее бы не два мужика. попавшиеся навстречу, то вряд ли где губернаторский слуга зеленого стола для виста. Лица у них было сказано в газетах при.','[\"Снижение вероятности аварийной ситуации с пешеходом на 82%\", \"Увеличение средней скорости автомобилей на 27%\", \"Уменьшение времени задержки на переходе на 30%\"]',2,'Вот я тебя поцелую за — живого. На прошлой.',1,384,210,2,'https://via.placeholder.com/640x480.png/005522?text=sit','2021-12-03 13:32:41','2021-12-03 13:32:41','http://innoapi.cyberbobs.xsph.ru/CyberBobs.pdf',3),(484,'Предположения, сметы и соображения, блуждавшие по лицу.','Они всегда говоруны, кутилы, лихачи, народ видный. Ноздрев в бешенстве, порываясь — вырваться. Услыша эти слова, Чичиков, чтобы не вспоминал о нем. — Да, всех поименно, — сказал Собакевич.','[\"Снижение вероятности аварийной ситуации с пешеходом на 82%\", \"Увеличение средней скорости автомобилей на 27%\", \"Уменьшение времени задержки на переходе на 30%\"]',4,'Пока он его рассматривал, белокурый успел уже.',3,349,221,5,'https://via.placeholder.com/640x480.png/00dd55?text=ad','2021-12-03 13:32:42','2021-12-03 13:32:42','http://innoapi.cyberbobs.xsph.ru/CyberBobs.pdf',4),(485,'Ну, послушай, сыграем в шашки, выиграешь — твои.','Он надел рубаху; платье, уже высушенное и вычищенное, лежало возле него. Одевшись, подошел он к зеркалу и чихнул опять так громко, что подошедший в это время вошла хозяйка. — В театре одна актриса.','[\"Снижение вероятности аварийной ситуации с пешеходом на 82%\", \"Увеличение средней скорости автомобилей на 27%\", \"Уменьшение времени задержки на переходе на 30%\"]',1,'Н. В. — Гоголя.)]] — Нет, в женском.',2,370,219,6,'https://via.placeholder.com/640x480.png/0000cc?text=aut','2021-12-03 13:32:42','2021-12-03 13:32:42','http://innoapi.cyberbobs.xsph.ru/CyberBobs.pdf',1),(486,'Он даже не советую дороги знать к этой.','Ну, изволь! — сказал наконец Чичиков, изумленный таким обильным — наводнением речей, которым, казалось, и конца не было, — все было прилично и в его лавке ничего нельзя сказать… Уступите-ка их мне.','[\"Снижение вероятности аварийной ситуации с пешеходом на 82%\", \"Увеличение средней скорости автомобилей на 27%\", \"Уменьшение времени задержки на переходе на 30%\"]',3,'Почитаев, Мыльной, Чепраков-полковник, Собакевич.',1,348,207,6,'https://via.placeholder.com/640x480.png/00aaee?text=voluptates','2021-12-03 13:32:42','2021-12-03 13:32:42','http://innoapi.cyberbobs.xsph.ru/CyberBobs.pdf',2),(487,'Ноздревым, который был также в.','Ей место вон где! — Как, губернатор разбойник? — сказал приказчик и при — этом икнул, заслонив рот слегка рукою, наподобие щитка. — Да, — отвечал Чичиков и заглянул в щелочку двери, из которой она.','[\"Снижение вероятности аварийной ситуации с пешеходом на 82%\", \"Увеличение средней скорости автомобилей на 27%\", \"Уменьшение времени задержки на переходе на 30%\"]',2,'Потом пили какой- то бальзам, носивший.',3,359,230,1,'https://via.placeholder.com/640x480.png/003300?text=modi','2021-12-03 13:32:42','2021-12-03 13:32:42','http://innoapi.cyberbobs.xsph.ru/CyberBobs.pdf',1),(488,'Черта лысого получишь! хотел было, даром.','Потом, что они согласятся именно на то, как бы вдруг припомнив: — А! заплатанной, заплатанной! — вскрикнул мужик. Было им прибавлено и существительное к слову «заплатанной», очень удачное, но.','[\"Снижение вероятности аварийной ситуации с пешеходом на 82%\", \"Увеличение средней скорости автомобилей на 27%\", \"Уменьшение времени задержки на переходе на 30%\"]',4,'Слушаю, сударыня! — продолжал он, — обратившись к.',3,399,198,2,'https://via.placeholder.com/640x480.png/009955?text=ut','2021-12-03 13:32:42','2021-12-03 13:32:42','http://innoapi.cyberbobs.xsph.ru/CyberBobs.pdf',4),(489,'Коли за дело, на то что голова продолблена была до.','Чичиков, будучи человек весьма щекотливый и даже почувствовал небольшое — сердечное биение. — Но позвольте прежде одну просьбу… — проговорил он голосом, в котором варится сбитень для всего.','[\"Снижение вероятности аварийной ситуации с пешеходом на 82%\", \"Увеличение средней скорости автомобилей на 27%\", \"Уменьшение времени задержки на переходе на 30%\"]',4,'Врешь, врешь. Дай ей полтину, предовольно с нее.',3,346,224,3,'https://via.placeholder.com/640x480.png/0088ee?text=quisquam','2021-12-03 13:32:42','2021-12-03 13:32:42','http://innoapi.cyberbobs.xsph.ru/CyberBobs.pdf',1),(490,'Заманиловка? — Ну так купи.','Щенок — испустил довольно жалобный вой. — Ты, однако ж, остановил, впрочем, — они увидели, точно, кузницу, осмотрели и суку — сука, точно, была слепая. Потом пошли осматривать водяную мельницу, где.','[\"Снижение вероятности аварийной ситуации с пешеходом на 82%\", \"Увеличение средней скорости автомобилей на 27%\", \"Уменьшение времени задержки на переходе на 30%\"]',1,'Хоть бы мне листок подарил! а у которого их.',2,420,237,4,'https://via.placeholder.com/640x480.png/00dd77?text=aut','2021-12-03 13:32:42','2021-12-03 13:32:42','http://innoapi.cyberbobs.xsph.ru/CyberBobs.pdf',1),(491,'Отчего ж неизвестности? — сказал один мудрец.','Хозяин, будучи сам человек здоровый и крепкий, казалось, хотел, чтобы и ты чрез них сделался то, что отвергали, глупое назовут умным и что муж ее не проходило дня, чтобы не входить в дальнейшие.','[\"Снижение вероятности аварийной ситуации с пешеходом на 82%\", \"Увеличение средней скорости автомобилей на 27%\", \"Уменьшение времени задержки на переходе на 30%\"]',2,'Эх, брат Чичиков, то есть те души, которые.',1,383,227,2,'https://via.placeholder.com/640x480.png/004499?text=cumque','2021-12-03 13:32:42','2021-12-03 13:32:42','http://innoapi.cyberbobs.xsph.ru/CyberBobs.pdf',1),(492,'Да ведь я за него подать, как за — четыре. — Да зачем.','Я — совершу даже крепость на свои деньги, понимаете ли вы мне таковых, не живых в — эмпиреях. Шампанское у нас на театрах гости, входящие в последнем акте на сцену. Игроки были изображены с.','[\"Снижение вероятности аварийной ситуации с пешеходом на 82%\", \"Увеличение средней скорости автомобилей на 27%\", \"Уменьшение времени задержки на переходе на 30%\"]',2,'Собакевич, такой подлец! — Да отчего ж? — Ну.',1,414,205,2,'https://via.placeholder.com/640x480.png/00dd44?text=magni','2021-12-03 13:32:42','2021-12-03 13:32:42','http://innoapi.cyberbobs.xsph.ru/CyberBobs.pdf',4),(493,'Да, был бы ты без ружья, как без.','Чичиков подвинулся к пресному пирогу с яйцом, и, съевши тут же пустивши вверх хвосты, зовомые у собачеев прави\'лами, полетели прямо навстречу гостям и стали с ними того же дня на домашнюю вечеринку.','[\"Снижение вероятности аварийной ситуации с пешеходом на 82%\", \"Увеличение средней скорости автомобилей на 27%\", \"Уменьшение времени задержки на переходе на 30%\"]',3,'И потому теперь он совершенно успел очаровать их.',1,406,222,6,'https://via.placeholder.com/640x480.png/00dd00?text=animi','2021-12-03 13:32:42','2021-12-03 13:32:42','http://innoapi.cyberbobs.xsph.ru/CyberBobs.pdf',1),(494,'В это время к окну индейский петух — окно же было.','Даже сам гнедой и Заседатель, но и сам чубарый был не в банк; тут никакого не может быть счастия или — так нарочно говорите, лишь бы что-нибудь говорить… Я вам даже не с участием, расспросил обо.','[\"Снижение вероятности аварийной ситуации с пешеходом на 82%\", \"Увеличение средней скорости автомобилей на 27%\", \"Уменьшение времени задержки на переходе на 30%\"]',4,'Выглянувшее лицо показалось ему как будто и.',1,420,222,6,'https://via.placeholder.com/640x480.png/009988?text=quas','2021-12-03 13:32:42','2021-12-03 13:32:42','http://innoapi.cyberbobs.xsph.ru/CyberBobs.pdf',3),(495,'Здесь Чичиков вышел совершенно из границ всякого.','Он да — вот только что сделавшими на воздухе антраша. Под всем этим было написано: «И вот заведение». Кое-где просто на глаза в лавках: хомутов, курительных свечек, платков для няньки, жеребца.','[\"Снижение вероятности аварийной ситуации с пешеходом на 82%\", \"Увеличение средней скорости автомобилей на 27%\", \"Уменьшение времени задержки на переходе на 30%\"]',2,'Зять, осмотревши, покачал только головою. Потом были.',1,391,225,5,'https://via.placeholder.com/640x480.png/000066?text=ex','2021-12-03 13:32:42','2021-12-03 13:32:42','http://innoapi.cyberbobs.xsph.ru/CyberBobs.pdf',4);
/*!40000 ALTER TABLE `startups` ENABLE KEYS */;
UNLOCK TABLES;

--
-- Table structure for table `startups_directions`
--

DROP TABLE IF EXISTS `startups_directions`;
/*!40101 SET @saved_cs_client     = @@character_set_client */;
/*!50503 SET character_set_client = utf8mb4 */;
CREATE TABLE `startups_directions` (
  `id` bigint unsigned NOT NULL AUTO_INCREMENT,
  `startup_id` bigint unsigned NOT NULL,
  `direction_id` bigint unsigned NOT NULL,
  PRIMARY KEY (`id`),
  KEY `startups_directions_startup_id_foreign` (`startup_id`),
  KEY `startups_directions_direction_id_foreign` (`direction_id`),
  CONSTRAINT `startups_directions_direction_id_foreign` FOREIGN KEY (`direction_id`) REFERENCES `directions` (`id`),
  CONSTRAINT `startups_directions_startup_id_foreign` FOREIGN KEY (`startup_id`) REFERENCES `startups` (`id`)
) ENGINE=InnoDB AUTO_INCREMENT=373 DEFAULT CHARSET=utf8mb4 COLLATE=utf8mb4_unicode_ci;
/*!40101 SET character_set_client = @saved_cs_client */;

--
-- Dumping data for table `startups_directions`
--

LOCK TABLES `startups_directions` WRITE;
/*!40000 ALTER TABLE `startups_directions` DISABLE KEYS */;
INSERT INTO `startups_directions` VALUES (1,1,1),(2,2,5),(3,3,3),(4,4,4),(5,5,1),(189,376,3),(190,377,2),(191,377,4),(192,378,5),(193,379,3),(194,380,1),(195,380,5),(196,381,4),(197,381,5),(198,382,5),(199,383,5),(200,384,4),(201,385,4),(202,386,3),(203,387,1),(204,387,4),(205,388,5),(206,389,3),(207,390,2),(208,391,1),(209,391,2),(210,392,1),(211,392,3),(212,393,5),(213,394,3),(214,394,4),(215,395,2),(216,395,5),(217,396,3),(218,397,2),(219,397,3),(220,398,3),(221,399,2),(222,400,3),(223,401,3),(224,401,4),(225,402,5),(226,403,2),(227,404,1),(228,404,5),(229,405,1),(230,406,5),(231,407,3),(232,407,4),(233,408,4),(234,408,5),(235,409,3),(236,409,4),(237,410,2),(238,410,3),(239,411,1),(240,411,3),(241,412,3),(242,413,4),(243,414,1),(244,414,5),(245,415,3),(246,416,4),(247,417,1),(248,417,5),(249,418,1),(250,418,4),(251,419,2),(252,419,5),(253,420,1),(254,420,2),(255,421,3),(256,422,2),(257,423,4),(258,423,5),(259,424,1),(260,424,2),(261,425,3),(262,425,4),(263,426,2),(264,426,5),(265,427,1),(266,427,4),(267,428,2),(268,429,1),(269,429,2),(270,430,1),(271,430,3),(272,431,3),(273,431,4),(274,432,3),(275,432,4),(276,433,1),(277,433,3),(278,434,1),(279,434,5),(280,435,2),(281,436,2),(282,436,3),(283,437,1),(284,437,5),(285,438,1),(286,438,2),(287,439,5),(288,440,3),(289,441,3),(290,441,5),(291,442,1),(292,442,2),(293,443,1),(294,443,2),(295,444,5),(296,445,3),(297,446,1),(298,446,4),(299,447,1),(300,448,4),(301,449,1),(302,449,4),(303,450,3),(304,450,5),(305,451,4),(306,452,1),(307,452,4),(308,453,3),(309,454,3),(310,454,4),(311,455,3),(312,455,5),(313,456,3),(314,456,4),(315,457,1),(316,457,3),(317,458,3),(318,458,4),(319,459,1),(320,459,5),(321,460,2),(322,461,5),(323,462,2),(324,462,5),(325,463,4),(326,463,5),(327,464,4),(328,465,1),(329,465,2),(330,466,5),(331,467,1),(332,467,4),(333,468,2),(334,468,4),(335,469,4),(336,469,5),(337,470,4),(338,471,2),(339,472,1),(340,472,2),(341,473,4),(342,473,5),(343,474,2),(344,474,4),(345,475,3),(346,475,4),(347,476,2),(348,476,5),(349,477,2),(350,478,3),(351,478,5),(352,479,3),(353,480,3),(354,481,3),(355,482,4),(356,483,3),(357,483,5),(358,484,4),(359,484,5),(360,485,5),(361,486,1),(362,486,2),(363,487,4),(364,488,4),(365,489,3),(366,490,1),(367,490,3),(368,491,2),(369,492,2),(370,493,2),(371,494,2),(372,495,1);
/*!40000 ALTER TABLE `startups_directions` ENABLE KEYS */;
UNLOCK TABLES;

--
-- Table structure for table `startups_tean_members`
--

DROP TABLE IF EXISTS `startups_tean_members`;
/*!40101 SET @saved_cs_client     = @@character_set_client */;
/*!50503 SET character_set_client = utf8mb4 */;
CREATE TABLE `startups_tean_members` (
  `id` bigint unsigned NOT NULL AUTO_INCREMENT,
  `startup_id` bigint unsigned NOT NULL,
  `team_member_id` bigint unsigned NOT NULL,
  PRIMARY KEY (`id`),
  KEY `startups_tean_members_startup_id_foreign` (`startup_id`),
  KEY `startups_tean_members_team_member_id_foreign` (`team_member_id`),
  CONSTRAINT `startups_tean_members_startup_id_foreign` FOREIGN KEY (`startup_id`) REFERENCES `startups` (`id`),
  CONSTRAINT `startups_tean_members_team_member_id_foreign` FOREIGN KEY (`team_member_id`) REFERENCES `team_members` (`id`)
) ENGINE=InnoDB DEFAULT CHARSET=utf8mb4 COLLATE=utf8mb4_unicode_ci;
/*!40101 SET character_set_client = @saved_cs_client */;

--
-- Dumping data for table `startups_tean_members`
--

LOCK TABLES `startups_tean_members` WRITE;
/*!40000 ALTER TABLE `startups_tean_members` DISABLE KEYS */;
/*!40000 ALTER TABLE `startups_tean_members` ENABLE KEYS */;
UNLOCK TABLES;

--
-- Table structure for table `team_members`
--

DROP TABLE IF EXISTS `team_members`;
/*!40101 SET @saved_cs_client     = @@character_set_client */;
/*!50503 SET character_set_client = utf8mb4 */;
CREATE TABLE `team_members` (
  `id` bigint unsigned NOT NULL AUTO_INCREMENT,
  `first_name` varchar(255) COLLATE utf8mb4_unicode_ci NOT NULL,
  `last_name` varchar(255) COLLATE utf8mb4_unicode_ci NOT NULL,
  `patronymic` varchar(255) COLLATE utf8mb4_unicode_ci DEFAULT NULL,
  `position` varchar(255) COLLATE utf8mb4_unicode_ci NOT NULL,
  `email` varchar(255) COLLATE utf8mb4_unicode_ci NOT NULL,
  `phone` varchar(255) COLLATE utf8mb4_unicode_ci NOT NULL,
  `created_at` timestamp NULL DEFAULT NULL,
  `updated_at` timestamp NULL DEFAULT NULL,
  PRIMARY KEY (`id`)
) ENGINE=InnoDB AUTO_INCREMENT=424 DEFAULT CHARSET=utf8mb4 COLLATE=utf8mb4_unicode_ci;
/*!40101 SET character_set_client = @saved_cs_client */;

--
-- Dumping data for table `team_members`
--

LOCK TABLES `team_members` WRITE;
/*!40000 ALTER TABLE `team_members` DISABLE KEYS */;
INSERT INTO `team_members` VALUES (1,'Илья','Анисимов','Александрович','Генеральный директор','tkcc@list.ru','8 (912) 926-33-03',NULL,NULL),(2,'Иван ','Чебыкин',NULL,' со‑учредитель, генеральный директор проекта Traffic Data','info@trafficdata.ru','8 (926) 759 72 95',NULL,NULL),(3,'Владимир','Ладыгин',NULL,'Сотрудник','vladygin@climateguard.ru','8 (916) 325-41-10',NULL,NULL),(4,'Владимир','Ворожейкин','Вячеславович','соучредитель, генеральный директор проекта Titan Power Solution','INFO@TITANPS.RU','+7 (495) 970-0705',NULL,NULL),(5,'Вячеслав','Лукин',NULL,'Сотрудник','sales@edgevision.pro','8 (923) 250-87-53',NULL,NULL),(344,'Арсений','Ермаков',NULL,'Менеджер','taisia96@kapustina.com','(812) 080-83-50','2021-12-03 13:32:31','2021-12-03 13:32:31'),(345,'Алла','Логинова',NULL,'Диджей','nelli36@rodionova.ru','8-800-717-1793','2021-12-03 13:32:31','2021-12-03 13:32:31'),(346,'Ирина','Анисимов',NULL,'Бизнес-аналитик','immanuil20@udina.net','+7 (922) 756-2650','2021-12-03 13:32:31','2021-12-03 13:32:31'),(347,'Ульяна','Фомин',NULL,'Бармен','krasilnikov.maja@seliverstov.com','8-800-556-0789','2021-12-03 13:32:31','2021-12-03 13:32:31'),(348,'Арсений','Лапин',NULL,'Ковбой','rostislav.kalinin@gmail.com','(35222) 40-7585','2021-12-03 13:32:31','2021-12-03 13:32:31'),(349,'Виктория','Зыков',NULL,'Гитарный мастер','rodionova.semen@maksimova.ru','+7 (922) 286-2403','2021-12-03 13:32:31','2021-12-03 13:32:31'),(350,'Лидия','Прохорова',NULL,'Администратор','silova.faina@markov.ru','(495) 855-3864','2021-12-03 13:32:31','2021-12-03 13:32:31'),(351,'Валерий','Родионова',NULL,'Гитарный мастер','bragin.rafail@rambler.ru','(812) 152-04-24','2021-12-03 13:32:31','2021-12-03 13:32:31'),(352,'Феликс','Ефремов',NULL,'Бухгалтер','bogdan.ustinova@yandex.ru','(35222) 52-7033','2021-12-03 13:32:31','2021-12-03 13:32:31'),(353,'Георгий','Панова',NULL,'Арт-директор','gorskova.taras@hotmail.com','(812) 573-29-05','2021-12-03 13:32:31','2021-12-03 13:32:31'),(354,'Эмилия','Горбачёв',NULL,'Герольд','ulana09@kuzmin.ru','8-800-365-0748','2021-12-03 13:32:31','2021-12-03 13:32:31'),(355,'Иммануил','Голубева',NULL,'Архивист','olga.anisimova@inbox.ru','(495) 251-2284','2021-12-03 13:32:31','2021-12-03 13:32:31'),(356,'Глеб','Савельев',NULL,'Зубной техник','ana55@yandex.ru','(35222) 47-0881','2021-12-03 13:32:31','2021-12-03 13:32:31'),(357,'Лилия','Колесникова',NULL,'Водитель','okondratev@narod.ru','(495) 962-9286','2021-12-03 13:32:31','2021-12-03 13:32:31'),(358,'София','Марков',NULL,'Пианист','urij76@kulakova.net','+7 (922) 299-3282','2021-12-03 13:32:31','2021-12-03 13:32:31'),(359,'Варвара','Русакова',NULL,'Диктор','leonid.melnikov@gmail.com','+7 (922) 327-7773','2021-12-03 13:32:31','2021-12-03 13:32:31'),(360,'Феликс','Воронов',NULL,'Герольд','zuravlev.evgenia@akuseva.com','(812) 540-05-50','2021-12-03 13:32:31','2021-12-03 13:32:31'),(361,'Алиса','Мельникова',NULL,'Машинист','zukov.denis@ersov.ru','(35222) 86-1756','2021-12-03 13:32:31','2021-12-03 13:32:31'),(362,'Никита','Ильин',NULL,'Детектив','wermakov@nazarov.org','8-800-151-2117','2021-12-03 13:32:31','2021-12-03 13:32:31'),(363,'Глеб','Самсонова',NULL,'Садовник','pbobylev@zdanov.net','(495) 280-0442','2021-12-03 13:32:31','2021-12-03 13:32:31'),(364,'Нина','Давыдова',NULL,'Психолог','kiselev.natala@vorobeva.ru','(495) 338-0815','2021-12-03 13:32:31','2021-12-03 13:32:31'),(365,'Аполлон','Симонов',NULL,'Гитарный мастер','isukin@inbox.ru','(812) 598-98-46','2021-12-03 13:32:31','2021-12-03 13:32:31'),(366,'Виктория','Лобанов',NULL,'Геймдизайнер','jbobylev@inbox.ru','8-800-898-1948','2021-12-03 13:32:31','2021-12-03 13:32:31'),(367,'Анна','Захарова',NULL,'Научный сотрудник','konovalov.nadezda@inbox.ru','+7 (922) 139-7556','2021-12-03 13:32:31','2021-12-03 13:32:31'),(368,'Никита','Поляков',NULL,'Фотограф','emelanova.prohor@kulagina.ru','+7 (922) 971-5975','2021-12-03 13:32:31','2021-12-03 13:32:31'),(369,'Станислав','Герасимов',NULL,'Бестиарий (гладиатор)','kkrasilnikov@vlasov.ru','(495) 135-1828','2021-12-03 13:32:31','2021-12-03 13:32:31'),(370,'Клавдия','Герасимов',NULL,'Электромонтёр','jgorbunov@zueva.ru','(495) 224-6923','2021-12-03 13:32:31','2021-12-03 13:32:31'),(371,'Ростислав','Колесникова',NULL,'Офис-менеджер','tustinova@novikova.ru','+7 (922) 499-9032','2021-12-03 13:32:31','2021-12-03 13:32:31'),(372,'Сергей','Попова',NULL,'Продюсер','ulij82@bk.ru','(35222) 51-3450','2021-12-03 13:32:31','2021-12-03 13:32:31'),(373,'Капитолина','Романова',NULL,'Диктор','seleznev.raisa@knazev.ru','(812) 604-23-32','2021-12-03 13:32:31','2021-12-03 13:32:31'),(374,'Август','Герасимов',NULL,'Диджей','lusa91@narod.ru','8-800-019-1394','2021-12-03 13:32:31','2021-12-03 13:32:31'),(375,'Елена','Шашков',NULL,'Системный аналитик','sofa69@mail.ru','(35222) 64-0743','2021-12-03 13:32:31','2021-12-03 13:32:31'),(376,'Анна','Мельников',NULL,'Редактор','knikiforova@filippova.ru','(812) 326-64-35','2021-12-03 13:32:31','2021-12-03 13:32:31'),(377,'Адам','Смирнов',NULL,'Экономист','elizaveta15@veselov.ru','+7 (922) 734-5597','2021-12-03 13:32:31','2021-12-03 13:32:31'),(378,'Маргарита','Терентьева',NULL,'Егерь','viktor36@potapova.ru','(812) 022-91-45','2021-12-03 13:32:31','2021-12-03 13:32:31'),(379,'Евгений','Евдокимова',NULL,'Столяр','efim54@semenov.com','(495) 091-2122','2021-12-03 13:32:31','2021-12-03 13:32:31'),(380,'Инна','Крылова',NULL,'Садовник','mihajlova.marta@kulagina.com','+7 (922) 516-3818','2021-12-03 13:32:31','2021-12-03 13:32:31'),(381,'Галина','Архипов',NULL,'Редактор','dominika.samsonov@bobylev.ru','8-800-643-0771','2021-12-03 13:32:31','2021-12-03 13:32:31'),(382,'Феликс','Тарасов',NULL,'Экономист','nkudravcev@hotmail.com','8-800-491-4629','2021-12-03 13:32:31','2021-12-03 13:32:31'),(383,'Диана','Корнилова',NULL,'Герольд','aleksandr.kuzmin@ya.ru','(35222) 20-0553','2021-12-03 13:32:31','2021-12-03 13:32:31'),(384,'Галина','Егорова',NULL,'Менеджер','bronislav34@burova.ru','(495) 071-1652','2021-12-03 13:32:31','2021-12-03 13:32:31'),(385,'Дмитрий','Мартынов',NULL,'Телефонистка','elvira.silina@nikonova.ru','(495) 057-1168','2021-12-03 13:32:31','2021-12-03 13:32:31'),(386,'Лидия','Никифорова',NULL,'Психолог','maja96@mail.ru','8-800-541-6307','2021-12-03 13:32:31','2021-12-03 13:32:31'),(387,'Виктор','Наумова',NULL,'Зубной техник','hakuseva@baranova.org','+7 (922) 007-3656','2021-12-03 13:32:31','2021-12-03 13:32:31'),(388,'Виктория','Шестакова',NULL,'Садовник','nakuseva@volkova.ru','(495) 245-5694','2021-12-03 13:32:31','2021-12-03 13:32:31'),(389,'Игнатий','Голубева',NULL,'Фрезеровщик','nina.akuseva@blohina.ru','(812) 920-28-92','2021-12-03 13:32:31','2021-12-03 13:32:31'),(390,'Артур','Дьячкова',NULL,'Продюсер','artemeva.emma@pestov.ru','(812) 995-15-18','2021-12-03 13:32:31','2021-12-03 13:32:31'),(391,'Марта','Логинов',NULL,'Промоутер','shohlov@mamontov.ru','+7 (922) 945-9070','2021-12-03 13:32:31','2021-12-03 13:32:31'),(392,'Вера','Савин',NULL,'Интеллектуал','albina76@fokin.com','(35222) 47-7796','2021-12-03 13:32:31','2021-12-03 13:32:31'),(393,'Инга','Колобов',NULL,'Менеджер','vaceslav99@naumov.ru','8-800-625-8040','2021-12-03 13:32:31','2021-12-03 13:32:31'),(394,'Игнат','Беляева',NULL,'Креативный директор','evgenij64@maslova.net','(495) 767-5586','2021-12-03 13:32:31','2021-12-03 13:32:31'),(395,'Вениамин','Воронов',NULL,'Детектив','afanaseva.ulia@list.ru','(35222) 98-8557','2021-12-03 13:32:31','2021-12-03 13:32:31'),(396,'Клим','Аксёнов',NULL,'Детектив','igor10@tretakova.ru','(495) 547-7290','2021-12-03 13:32:31','2021-12-03 13:32:31'),(397,'Милан','Костин',NULL,'Стилист','mihail84@gmail.com','8-800-669-8894','2021-12-03 13:32:31','2021-12-03 13:32:31'),(398,'Светлана','Крюков',NULL,'Электромонтёр','margarita81@grisin.net','8-800-621-2929','2021-12-03 13:32:31','2021-12-03 13:32:31'),(399,'Антонин','Кулагин',NULL,'Бизнес-аналитик','donat51@hotmail.com','+7 (922) 855-7261','2021-12-03 13:32:31','2021-12-03 13:32:31'),(400,'Данила','Кузьмин',NULL,'Кассир','vera46@bk.ru','(35222) 26-0601','2021-12-03 13:32:31','2021-12-03 13:32:31'),(401,'Федосья','Бурова',NULL,'Экономист','vaceslav.tretakov@safonova.ru','(35222) 14-6778','2021-12-03 13:32:31','2021-12-03 13:32:31'),(402,'Юлий','Филиппов',NULL,'Бухгалтер','konstantin.nikolaeva@koseleva.ru','8-800-741-8349','2021-12-03 13:32:31','2021-12-03 13:32:31'),(403,'Марина','Белозёров',NULL,'Лингвист','avgust.voronova@rambler.ru','(812) 337-93-09','2021-12-03 13:32:31','2021-12-03 13:32:31'),(404,'Спартак','Мясников',NULL,'Садовник','diana.rodionova@list.ru','(495) 639-5721','2021-12-03 13:32:31','2021-12-03 13:32:31'),(405,'Эльвира','Одинцов',NULL,'Офис-менеджер','izabella.danilov@mail.ru','(812) 972-02-22','2021-12-03 13:32:31','2021-12-03 13:32:31'),(406,'Илья','Белова',NULL,'Радист','sorokina.olesa@voroncov.ru','(35222) 23-6441','2021-12-03 13:32:31','2021-12-03 13:32:31'),(407,'Вениамин','Елисеев',NULL,'Ковбой','wburova@filatova.ru','(495) 633-9872','2021-12-03 13:32:31','2021-12-03 13:32:31'),(408,'Савва','Романов',NULL,'Бариста','grigorev.savva@mail.ru','(812) 424-64-54','2021-12-03 13:32:31','2021-12-03 13:32:31'),(409,'Юлий','Крылова',NULL,'Системный аналитик','evdokimova.immanuil@gulaeva.ru','(35222) 54-7747','2021-12-03 13:32:31','2021-12-03 13:32:31'),(410,'Дан','Дмитриева',NULL,'Сторож','medvedeva.erik@gmail.com','8-800-611-0878','2021-12-03 13:32:31','2021-12-03 13:32:31'),(411,'Анжелика','Чернов',NULL,'Автоинструктор','gulaeva.pavel@rambler.ru','8-800-085-8657','2021-12-03 13:32:31','2021-12-03 13:32:31'),(412,'Елизавета','Терентьев',NULL,'Диджей','tihonova.petr@inbox.ru','(812) 278-70-38','2021-12-03 13:32:31','2021-12-03 13:32:31'),(413,'Мария','Князева',NULL,'Администратор','matvej.ovcinnikova@kiseleva.org','(812) 590-43-55','2021-12-03 13:32:31','2021-12-03 13:32:31'),(414,'Эмилия','Харитонова',NULL,'Бухгалтер','lvorobev@efremova.ru','(495) 423-8105','2021-12-03 13:32:31','2021-12-03 13:32:31'),(415,'Анастасия','Абрамова',NULL,'Кассир','klavdia22@yandex.ru','8-800-025-9644','2021-12-03 13:32:31','2021-12-03 13:32:31'),(416,'Изабелла','Третьяков',NULL,'Чабан','birukova.elvira@rambler.ru','+7 (922) 685-5388','2021-12-03 13:32:31','2021-12-03 13:32:31'),(417,'Владислав','Лаврентьева',NULL,'Писатель','naumov.emilia@gulaeva.ru','8-800-742-3086','2021-12-03 13:32:31','2021-12-03 13:32:31'),(418,'Нелли','Сазонов',NULL,'Радист','german28@frolov.com','(495) 922-7704','2021-12-03 13:32:31','2021-12-03 13:32:31'),(419,'Назар','Пономарёв',NULL,'Ковбой','grisina.vitold@hotmail.com','(812) 894-07-59','2021-12-03 13:32:31','2021-12-03 13:32:31'),(420,'Константин','Марков',NULL,'Бухгалтер','seliverstov.vil@bobylev.com','+7 (922) 474-3089','2021-12-03 13:32:31','2021-12-03 13:32:31'),(421,'Антон','Игнатов',NULL,'Телохранитель','qagafonova@filippova.com','(495) 362-8865','2021-12-03 13:32:31','2021-12-03 13:32:31'),(422,'Егор','Данилова',NULL,'Чабан','vanisimov@rambler.ru','+7 (922) 700-5941','2021-12-03 13:32:31','2021-12-03 13:32:31'),(423,'Юлий','Потапова',NULL,'Музыкант','zinaida.artemeva@list.ru','(35222) 89-0064','2021-12-03 13:32:31','2021-12-03 13:32:31');
/*!40000 ALTER TABLE `team_members` ENABLE KEYS */;
UNLOCK TABLES;

--
-- Table structure for table `teams`
--

DROP TABLE IF EXISTS `teams`;
/*!40101 SET @saved_cs_client     = @@character_set_client */;
/*!50503 SET character_set_client = utf8mb4 */;
CREATE TABLE `teams` (
  `id` bigint unsigned NOT NULL AUTO_INCREMENT,
  `short_name` varchar(255) COLLATE utf8mb4_unicode_ci NOT NULL,
  `activity` varchar(255) COLLATE utf8mb4_unicode_ci DEFAULT NULL,
  `logo` varchar(255) COLLATE utf8mb4_unicode_ci DEFAULT NULL,
  `ur_name` varchar(255) COLLATE utf8mb4_unicode_ci DEFAULT NULL,
  `inn` varchar(255) COLLATE utf8mb4_unicode_ci DEFAULT NULL,
  `staff_type_id` bigint unsigned DEFAULT NULL,
  `site_url` varchar(255) COLLATE utf8mb4_unicode_ci DEFAULT NULL,
  `created_at` timestamp NULL DEFAULT NULL,
  `updated_at` timestamp NULL DEFAULT NULL,
  PRIMARY KEY (`id`),
  KEY `teams_staff_type_id_foreign` (`staff_type_id`),
  CONSTRAINT `teams_staff_type_id_foreign` FOREIGN KEY (`staff_type_id`) REFERENCES `staff_types` (`id`)
) ENGINE=InnoDB AUTO_INCREMENT=240 DEFAULT CHARSET=utf8mb4 COLLATE=utf8mb4_unicode_ci;
/*!40101 SET character_set_client = @saved_cs_client */;

--
-- Dumping data for table `teams`
--

LOCK TABLES `teams` WRITE;
/*!40000 ALTER TABLE `teams` DISABLE KEYS */;
INSERT INTO `teams` VALUES (1,'iCrosswalk','Разрабатывает решения для мониторинга дорожного движения',NULL,'Общество с ограниченной ответственностью «Смарт Си»','111222333',2,'http://www.icrosswalk.ru',NULL,NULL),(2,'Traffic Data','Разрабатывает решения для мониторинга дорожного движения','http://innoapi.cyberbobs.xsph.ru/img/2-traffic-data.svg','ООО \"ТРАФФИКДЭЙТА\"','5905063380',1,NULL,NULL,NULL),(3,'Climate Guard','Делает датчики для анализа климата','http://innoapi.cyberbobs.xsph.ru/img/4-climate-guard.svg','ООО \"КЛАЙМАТГАРД\"','9117092530',1,NULL,NULL,NULL),(4,'Titan Power Solution','Разрабатывают решения с использованием инновационных накопителей энергии','http://innoapi.cyberbobs.xsph.ru/img/5-titan.svg','ООО \"ТПС\"','7702682766',1,NULL,NULL,NULL),(5,'Edge Vision','Разрабатывает решения для дорожных объектов с применением компьютерного зрения','http://innoapi.cyberbobs.xsph.ru/img/6-edgevision.svg','ООО \"ВИЗИОН\"','6662106480',1,NULL,NULL,NULL),(6,'Центр организации дорожного движения','Проводит пилоты','http://innoapi.cyberbobs.xsph.ru/img/codd.svg',NULL,NULL,NULL,NULL,NULL,NULL),(195,'ООО ЖелДорОмск','Тестовая компания','http://innoapi.cyberbobs.xsph.ru/img/Group_145.svg','ООО ЖелДорОмск','111222333',1,'http://kiselev.ru/et-quia-pariatur-veritatis-corrupti-quam','2021-12-03 13:32:31','2021-12-03 13:32:31'),(196,'ОАО ТекстильЛенНефтьЛизинг','Тестовая компания','http://innoapi.cyberbobs.xsph.ru/img/Group_145.svg','ОАО ТекстильЛенНефтьЛизинг','111222333',4,'http://vladimirov.ru/modi-voluptas-ad-fuga-delectus-delectus-ut.html','2021-12-03 13:32:31','2021-12-03 13:32:31'),(197,'ООО ВодСтройБух','Тестовая компания','http://innoapi.cyberbobs.xsph.ru/img/Group_145.svg','ООО ВодСтройБух','111222333',3,'https://www.sukina.ru/reprehenderit-deserunt-dolorem-autem','2021-12-03 13:32:31','2021-12-03 13:32:31'),(198,'ООО Компания Хоз','Тестовая компания','http://innoapi.cyberbobs.xsph.ru/img/Group_145.svg','ООО Компания Хоз','111222333',1,'http://dementeva.ru/placeat-quo-veritatis-quia-quibusdam-tenetur-aut','2021-12-03 13:32:31','2021-12-03 13:32:31'),(199,'ООО Компания ТекстильПивМонтажСбыт','Тестовая компания','http://innoapi.cyberbobs.xsph.ru/img/Group_145.svg','ООО Компания ТекстильПивМонтажСбыт','111222333',2,'http://www.fedoseev.com/qui-aut-vel-eaque.html','2021-12-03 13:32:31','2021-12-03 13:32:31'),(200,'ОАО ГорITМобайлМашина','Тестовая компания','http://innoapi.cyberbobs.xsph.ru/img/Group_145.svg','ОАО ГорITМобайлМашина','111222333',1,'http://haritonov.com/','2021-12-03 13:32:31','2021-12-03 13:32:31'),(201,'МКК ЦементОрионМетиз','Тестовая компания','http://innoapi.cyberbobs.xsph.ru/img/Group_145.svg','МКК ЦементОрионМетиз','111222333',1,'http://novikov.ru/','2021-12-03 13:32:31','2021-12-03 13:32:31'),(202,'МКК ГорБашкирРем','Тестовая компания','http://innoapi.cyberbobs.xsph.ru/img/Group_145.svg','МКК ГорБашкирРем','111222333',3,'http://emelanova.com/libero-excepturi-quaerat-dolores-asperiores-aut-illum-totam','2021-12-03 13:32:31','2021-12-03 13:32:31'),(203,'ООО КазОрионГор','Тестовая компания','http://innoapi.cyberbobs.xsph.ru/img/Group_145.svg','ООО КазОрионГор','111222333',3,'http://www.fomicev.ru/voluptatem-asperiores-quos-corrupti-sint-harum-quis-cum','2021-12-03 13:32:31','2021-12-03 13:32:31'),(204,'МФО Обл','Тестовая компания','http://innoapi.cyberbobs.xsph.ru/img/Group_145.svg','МФО Обл','111222333',4,'http://mamontov.ru/consectetur-commodi-et-et-hic-culpa','2021-12-03 13:32:31','2021-12-03 13:32:31'),(205,'ПАО ВекторХоз','Тестовая компания','http://innoapi.cyberbobs.xsph.ru/img/Group_145.svg','ПАО ВекторХоз','111222333',3,'http://kazakov.com/sit-nihil-voluptatibus-ipsam-tempora-voluptates-optio','2021-12-03 13:32:31','2021-12-03 13:32:31'),(206,'ПАО РадиоИнжМетиз','Тестовая компания','http://innoapi.cyberbobs.xsph.ru/img/Group_145.svg','ПАО РадиоИнжМетиз','111222333',2,'http://www.nikolaeva.com/qui-quaerat-optio-corporis-odio-quam-qui.html','2021-12-03 13:32:31','2021-12-03 13:32:31'),(207,'МФО РосИнфоГлав','Тестовая компания','http://innoapi.cyberbobs.xsph.ru/img/Group_145.svg','МФО РосИнфоГлав','111222333',4,'http://www.dementeva.ru/sed-esse-exercitationem-natus-voluptas-omnis.html','2021-12-03 13:32:31','2021-12-03 13:32:31'),(208,'ООО Компания ТверьФлотСантехБанк','Тестовая компания','http://innoapi.cyberbobs.xsph.ru/img/Group_145.svg','ООО Компания ТверьФлотСантехБанк','111222333',2,'http://www.belakov.ru/eligendi-ducimus-nihil-perferendis-vitae-dolorum-repellat-aliquam-unde','2021-12-03 13:32:31','2021-12-03 13:32:31'),(209,'ЗАО РыбМоторТехПроф','Тестовая компания','http://innoapi.cyberbobs.xsph.ru/img/Group_145.svg','ЗАО РыбМоторТехПроф','111222333',3,'http://fomiceva.org/fuga-vel-sit-cum-rerum-eaque','2021-12-03 13:32:31','2021-12-03 13:32:31'),(210,'ООО СантехРадиоДизайнТраст','Тестовая компания','http://innoapi.cyberbobs.xsph.ru/img/Group_145.svg','ООО СантехРадиоДизайнТраст','111222333',2,'http://gromova.org/enim-dolores-placeat-est-unde-ea-eos-perspiciatis-sint','2021-12-03 13:32:32','2021-12-03 13:32:32'),(211,'МКК ТяжХмельОблЭкспедиция','Тестовая компания','http://innoapi.cyberbobs.xsph.ru/img/Group_145.svg','МКК ТяжХмельОблЭкспедиция','111222333',4,'http://kopylov.ru/nulla-tenetur-quam-dolore-ullam-distinctio.html','2021-12-03 13:32:32','2021-12-03 13:32:32'),(212,'МКК ВостокГор','Тестовая компания','http://innoapi.cyberbobs.xsph.ru/img/Group_145.svg','МКК ВостокГор','111222333',3,'http://terentev.com/aut-aut-laboriosam-amet-tempora-qui-facere-ut','2021-12-03 13:32:32','2021-12-03 13:32:32'),(213,'МФО БашкирТекстильСантех-М','Тестовая компания','http://innoapi.cyberbobs.xsph.ru/img/Group_145.svg','МФО БашкирТекстильСантех-М','111222333',3,'http://www.ovcinnikov.ru/dolore-laboriosam-porro-quaerat-est','2021-12-03 13:32:32','2021-12-03 13:32:32'),(214,'ООО РыбСервис','Тестовая компания','http://innoapi.cyberbobs.xsph.ru/img/Group_145.svg','ООО РыбСервис','111222333',2,'https://www.panov.com/qui-est-iste-doloremque-in-laboriosam-ut','2021-12-03 13:32:32','2021-12-03 13:32:32'),(215,'ЗАО КазаньНефтьФлот','Тестовая компания','http://innoapi.cyberbobs.xsph.ru/img/Group_145.svg','ЗАО КазаньНефтьФлот','111222333',2,'http://www.potapova.ru/','2021-12-03 13:32:32','2021-12-03 13:32:32'),(216,'ООО Каз','Тестовая компания','http://innoapi.cyberbobs.xsph.ru/img/Group_145.svg','ООО Каз','111222333',1,'http://osipov.ru/facere-voluptatem-laudantium-tenetur-et-inventore.html','2021-12-03 13:32:32','2021-12-03 13:32:32'),(217,'ОАО АвтоРемТех','Тестовая компания','http://innoapi.cyberbobs.xsph.ru/img/Group_145.svg','ОАО АвтоРемТех','111222333',2,'https://veselov.ru/sed-earum-veniam-ut-non-harum.html','2021-12-03 13:32:32','2021-12-03 13:32:32'),(218,'МКК Юпитер','Тестовая компания','http://innoapi.cyberbobs.xsph.ru/img/Group_145.svg','МКК Юпитер','111222333',2,'http://www.kovalev.ru/culpa-consequatur-sunt-dolore-porro-sequi-et-natus.html','2021-12-03 13:32:32','2021-12-03 13:32:32'),(219,'МКК Cиб','Тестовая компания','http://innoapi.cyberbobs.xsph.ru/img/Group_145.svg','МКК Cиб','111222333',1,'http://serbakova.com/mollitia-expedita-deleniti-doloribus-maxime-eius-ipsum-exercitationem-quisquam.html','2021-12-03 13:32:32','2021-12-03 13:32:32'),(220,'ЗАО ВекторТомск','Тестовая компания','http://innoapi.cyberbobs.xsph.ru/img/Group_145.svg','ЗАО ВекторТомск','111222333',3,'https://nikiforova.net/dolores-libero-quo-nulla-tempora.html','2021-12-03 13:32:32','2021-12-03 13:32:32'),(221,'ОАО Монтаж','Тестовая компания','http://innoapi.cyberbobs.xsph.ru/img/Group_145.svg','ОАО Монтаж','111222333',2,'http://kolesnikova.net/dolorum-iste-dolor-repellendus-temporibus-ut','2021-12-03 13:32:32','2021-12-03 13:32:32'),(222,'ПАО МеталТомск','Тестовая компания','http://innoapi.cyberbobs.xsph.ru/img/Group_145.svg','ПАО МеталТомск','111222333',3,'http://www.nikiforova.ru/in-ut-at-alias.html','2021-12-03 13:32:32','2021-12-03 13:32:32'),(223,'МФО МетизНефтьГазЛизинг','Тестовая компания','http://innoapi.cyberbobs.xsph.ru/img/Group_145.svg','МФО МетизНефтьГазЛизинг','111222333',4,'http://evdokimova.net/molestiae-voluptatem-assumenda-amet-et-voluptates-ratione-doloribus-harum','2021-12-03 13:32:32','2021-12-03 13:32:32'),(224,'ПАО ЮпитерМотор','Тестовая компания','http://innoapi.cyberbobs.xsph.ru/img/Group_145.svg','ПАО ЮпитерМотор','111222333',2,'http://nikiforov.ru/est-est-ut-reprehenderit-iusto','2021-12-03 13:32:32','2021-12-03 13:32:32'),(225,'ЗАО ЮпитерОблСофтПроф','Тестовая компания','http://innoapi.cyberbobs.xsph.ru/img/Group_145.svg','ЗАО ЮпитерОблСофтПроф','111222333',1,'http://matveeva.org/','2021-12-03 13:32:32','2021-12-03 13:32:32'),(226,'МКК Каз','Тестовая компания','http://innoapi.cyberbobs.xsph.ru/img/Group_145.svg','МКК Каз','111222333',2,'http://www.baranov.com/voluptatem-modi-enim-voluptate-quia-et-fugit-aut','2021-12-03 13:32:32','2021-12-03 13:32:32'),(227,'ОАО Тяж','Тестовая компания','http://innoapi.cyberbobs.xsph.ru/img/Group_145.svg','ОАО Тяж','111222333',3,'http://savina.ru/aut-omnis-accusantium-illo-et','2021-12-03 13:32:32','2021-12-03 13:32:32'),(228,'МКК АлмазСантехЮпитер','Тестовая компания','http://innoapi.cyberbobs.xsph.ru/img/Group_145.svg','МКК АлмазСантехЮпитер','111222333',3,'http://www.rodionov.ru/ut-iste-doloribus-totam-tenetur','2021-12-03 13:32:32','2021-12-03 13:32:32'),(229,'ОАО ДизайнФинансВосток-М','Тестовая компания','http://innoapi.cyberbobs.xsph.ru/img/Group_145.svg','ОАО ДизайнФинансВосток-М','111222333',3,'http://www.kabanova.ru/deserunt-sequi-eius-consectetur-mollitia-dolore-fugiat','2021-12-03 13:32:32','2021-12-03 13:32:32'),(230,'ЗАО ТяжРыбУралМаш','Тестовая компания','http://innoapi.cyberbobs.xsph.ru/img/Group_145.svg','ЗАО ТяжРыбУралМаш','111222333',4,'http://www.zukova.ru/','2021-12-03 13:32:32','2021-12-03 13:32:32'),(231,'ОАО Казань','Тестовая компания','http://innoapi.cyberbobs.xsph.ru/img/Group_145.svg','ОАО Казань','111222333',2,'http://www.gordeev.ru/','2021-12-03 13:32:32','2021-12-03 13:32:32'),(232,'ОАО Креп','Тестовая компания','http://innoapi.cyberbobs.xsph.ru/img/Group_145.svg','ОАО Креп','111222333',4,'https://www.doronina.ru/qui-a-at-natus-exercitationem-alias','2021-12-03 13:32:32','2021-12-03 13:32:32'),(233,'ОАО РемРеч','Тестовая компания','http://innoapi.cyberbobs.xsph.ru/img/Group_145.svg','ОАО РемРеч','111222333',1,'http://www.kabanov.ru/dolorem-quaerat-delectus-corrupti-reprehenderit-et.html','2021-12-03 13:32:32','2021-12-03 13:32:32'),(234,'ЗАО Флот','Тестовая компания','http://innoapi.cyberbobs.xsph.ru/img/Group_145.svg','ЗАО Флот','111222333',1,'http://kovaleva.com/','2021-12-03 13:32:32','2021-12-03 13:32:32'),(235,'МФО Реч','Тестовая компания','http://innoapi.cyberbobs.xsph.ru/img/Group_145.svg','МФО Реч','111222333',4,'http://bobylev.net/','2021-12-03 13:32:32','2021-12-03 13:32:32'),(236,'МФО Микро','Тестовая компания','http://innoapi.cyberbobs.xsph.ru/img/Group_145.svg','МФО Микро','111222333',2,'http://www.ilina.ru/et-quia-et-omnis-quis-quo','2021-12-03 13:32:32','2021-12-03 13:32:32'),(237,'ОАО МикроТелекомКазКомплекс','Тестовая компания','http://innoapi.cyberbobs.xsph.ru/img/Group_145.svg','ОАО МикроТелекомКазКомплекс','111222333',2,'https://www.medvedev.net/praesentium-laudantium-delectus-ut-est-ea','2021-12-03 13:32:32','2021-12-03 13:32:32'),(238,'ОАО СофтМетиз','Тестовая компания','http://innoapi.cyberbobs.xsph.ru/img/Group_145.svg','ОАО СофтМетиз','111222333',3,'https://merkusev.com/et-ex-dicta-porro-corrupti-doloribus.html','2021-12-03 13:32:32','2021-12-03 13:32:32'),(239,'МФО CибСтройКазань-H','Тестовая компания','http://innoapi.cyberbobs.xsph.ru/img/Group_145.svg','МФО CибСтройКазань-H','111222333',1,'http://rusakov.net/corporis-animi-possimus-perferendis-maxime-dolorem-laudantium','2021-12-03 13:32:32','2021-12-03 13:32:32');
/*!40000 ALTER TABLE `teams` ENABLE KEYS */;
UNLOCK TABLES;

--
-- Table structure for table `transport_types`
--

DROP TABLE IF EXISTS `transport_types`;
/*!40101 SET @saved_cs_client     = @@character_set_client */;
/*!50503 SET character_set_client = utf8mb4 */;
CREATE TABLE `transport_types` (
  `id` bigint unsigned NOT NULL AUTO_INCREMENT,
  `name` varchar(255) COLLATE utf8mb4_unicode_ci NOT NULL,
  `alias` varchar(255) COLLATE utf8mb4_unicode_ci DEFAULT NULL,
  PRIMARY KEY (`id`)
) ENGINE=InnoDB AUTO_INCREMENT=6 DEFAULT CHARSET=utf8mb4 COLLATE=utf8mb4_unicode_ci;
/*!40101 SET character_set_client = @saved_cs_client */;

--
-- Dumping data for table `transport_types`
--

LOCK TABLES `transport_types` WRITE;
/*!40000 ALTER TABLE `transport_types` DISABLE KEYS */;
INSERT INTO `transport_types` VALUES (1,'Московский метрополитен','Метро'),(2,'Мосгортранс','Мосгортранс'),(3,'Центр организации дорожного движения','ЦОДД'),(4,'Мостранспроект','Мостранспроект'),(5,'Администратор Московского парковочного пространства','АМПП');
/*!40000 ALTER TABLE `transport_types` ENABLE KEYS */;
UNLOCK TABLES;

--
-- Table structure for table `users`
--

DROP TABLE IF EXISTS `users`;
/*!40101 SET @saved_cs_client     = @@character_set_client */;
/*!50503 SET character_set_client = utf8mb4 */;
CREATE TABLE `users` (
  `id` bigint unsigned NOT NULL AUTO_INCREMENT,
  `first_name` varchar(255) COLLATE utf8mb4_unicode_ci NOT NULL,
  `last_name` varchar(255) COLLATE utf8mb4_unicode_ci NOT NULL,
  `email` varchar(255) COLLATE utf8mb4_unicode_ci NOT NULL,
  `email_verified_at` timestamp NULL DEFAULT NULL,
  `password` varchar(255) COLLATE utf8mb4_unicode_ci NOT NULL,
  `avatar` varchar(255) COLLATE utf8mb4_unicode_ci DEFAULT NULL,
  `verify_token` varchar(255) COLLATE utf8mb4_unicode_ci DEFAULT NULL,
  `created_at` timestamp NULL DEFAULT NULL,
  `updated_at` timestamp NULL DEFAULT NULL,
  PRIMARY KEY (`id`),
  UNIQUE KEY `users_email_unique` (`email`)
) ENGINE=InnoDB AUTO_INCREMENT=6 DEFAULT CHARSET=utf8mb4 COLLATE=utf8mb4_unicode_ci;
/*!40101 SET character_set_client = @saved_cs_client */;

--
-- Dumping data for table `users`
--

LOCK TABLES `users` WRITE;
/*!40000 ALTER TABLE `users` DISABLE KEYS */;
INSERT INTO `users` VALUES (1,'Alex','Ebenrode','nesterov16@mail.ru','2021-12-03 08:55:09','$2y$10$nQfznXLAtpiJJvAfJRx5oONuwR6hCvtaEKc.h.l.q2HlLi9xdOjoK',NULL,NULL,'2021-12-02 14:40:21','2021-12-02 14:40:21');
/*!40000 ALTER TABLE `users` ENABLE KEYS */;
UNLOCK TABLES;
/*!40103 SET TIME_ZONE=@OLD_TIME_ZONE */;

/*!40101 SET SQL_MODE=@OLD_SQL_MODE */;
/*!40014 SET FOREIGN_KEY_CHECKS=@OLD_FOREIGN_KEY_CHECKS */;
/*!40014 SET UNIQUE_CHECKS=@OLD_UNIQUE_CHECKS */;
/*!40101 SET CHARACTER_SET_CLIENT=@OLD_CHARACTER_SET_CLIENT */;
/*!40101 SET CHARACTER_SET_RESULTS=@OLD_CHARACTER_SET_RESULTS */;
/*!40101 SET COLLATION_CONNECTION=@OLD_COLLATION_CONNECTION */;
/*!40111 SET SQL_NOTES=@OLD_SQL_NOTES */;

-- Dump completed on 2021-12-03 23:34:20
